fid,gbifID,occurrenceID,order,family,genus,species
1,3649993938,URN:catalog:CLO:EBIRD:OBS1082880916,Passeriformes,Laniidae,Lanius,Lanius cristatus
2,3590192308,URN:catalog:CLO:EBIRD:OBS1099637902,Passeriformes,Sturnidae,Aplonis,Aplonis panayensis
3,3679977656,URN:catalog:CLO:EBIRD:OBS1111246205,Passeriformes,Oriolidae,Oriolus,Oriolus chinensis
4,4245628144,URN:catalog:CLO:EBIRD:OBS1385753892,Passeriformes,Nectariniidae,Cinnyris,Cinnyris jugularis
6,3623865587,URN:catalog:CLO:EBIRD:OBS1116014374,Passeriformes,Passeridae,Passer,Passer montanus
7,3625850782,URN:catalog:CLO:EBIRD:OBS1116026406,Pelecaniformes,Ardeidae,Egretta,Egretta garzetta
8,3529815882,URN:catalog:CLO:EBIRD:OBS1121887083,Passeriformes,Motacillidae,Motacilla,Motacilla tschutschensis
9,3568045343,URN:catalog:CLO:EBIRD:OBS1129473871,Passeriformes,Nectariniidae,Cinnyris,Cinnyris jugularis
10,4670950711,URN:catalog:CLO:EBIRD:OBS1737370489,Columbiformes,Columbidae,Columba,Columba livia
11,3622039550,URN:catalog:CLO:EBIRD:OBS1086340977,Passeriformes,Corvidae,Corvus,
12,5311394746,URN:catalog:CLO:EBIRD:OBS1980598424,Passeriformes,Pycnonotidae,Pycnonotus,Pycnonotus goiavier
13,3517785173,URN:catalog:CLO:EBIRD:OBS1122476003,Passeriformes,Laniidae,Lanius,Lanius cristatus
14,3518288984,URN:catalog:CLO:EBIRD:OBS1054332205,Passeriformes,Motacillidae,Motacilla,Motacilla cinerea
16,4212913016,URN:catalog:CLO:EBIRD:OBS1384406480,Apodiformes,Apodidae,Collocalia,Collocalia marginata
17,4246655713,URN:catalog:CLO:EBIRD:OBS1518646403,Passeriformes,Laniidae,Lanius,Lanius cristatus
18,4699835835,URN:catalog:CLO:EBIRD:OBS1609959563,Piciformes,Picidae,Yungipicus,Yungipicus maculatus
19,3654731987,URN:catalog:CLO:EBIRD:OBS1278134615,Pelecaniformes,Ardeidae,Butorides,Butorides striata
20,3558024807,URN:catalog:CLO:EBIRD:OBS1073190942,Passeriformes,Zosteropidae,Zosterops,Zosterops meyeni
21,3673891003,URN:catalog:CLO:EBIRD:OBS1117992340,Passeriformes,Pycnonotidae,Pycnonotus,Pycnonotus goiavier
22,4307876255,URN:catalog:CLO:EBIRD:OBS1315916223,Psittaciformes,Psittacidae,Loriculus,Loriculus philippensis
23,3276660202,URN:catalog:CLO:EBIRD:OBS1002671436,Psittaciformes,Psittacidae,Loriculus,Loriculus philippensis
24,3639081354,URN:catalog:CLO:EBIRD:OBS1219817909,Pelecaniformes,Ardeidae,Egretta,Egretta garzetta
25,3679706703,URN:catalog:CLO:EBIRD:OBS1111246214,Columbiformes,Columbidae,Geopelia,Geopelia striata
26,4332278115,URN:catalog:CLO:EBIRD:OBS1357358307,Columbiformes,Columbidae,Geopelia,Geopelia striata
27,3511172488,URN:catalog:CLO:EBIRD:OBS1111248993,Passeriformes,Motacillidae,Motacilla,Motacilla cinerea
28,3518284518,URN:catalog:CLO:EBIRD:OBS1117989322,Passeriformes,Passeridae,Passer,Passer montanus
29,3224383562,URN:catalog:CLO:EBIRD:OBS915646125,Psittaciformes,Psittacidae,Loriculus,Loriculus philippensis
30,5364257996,URN:catalog:CLO:EBIRD:OBS2218373312,Passeriformes,Pycnonotidae,Pycnonotus,Pycnonotus goiavier
31,4264366576,URN:catalog:CLO:EBIRD:OBS1466546094,Passeriformes,Passeridae,Passer,Passer montanus
32,4296841171,URN:catalog:CLO:EBIRD:OBS1477838895,Apodiformes,Apodidae,Collocalia,Collocalia marginata
33,5482900851,URN:catalog:CLO:EBIRD:OBS2552281878,Passeriformes,Artamidae,Artamus,Artamus leucorhynchos
34,3598055333,URN:catalog:CLO:EBIRD:OBS1092826698,Passeriformes,Sturnidae,Aplonis,Aplonis panayensis
35,4631149343,URN:catalog:CLO:EBIRD:OBS1630537587,Piciformes,Megalaimidae,Psilopogon,Psilopogon haemacephalus
36,4692878131,URN:catalog:CLO:EBIRD:OBS1632748399,Passeriformes,Laniidae,Lanius,Lanius cristatus
37,3548239784,URN:catalog:CLO:EBIRD:OBS1069482036,Piciformes,Megalaimidae,Psilopogon,Psilopogon haemacephalus
38,3551331461,URN:catalog:CLO:EBIRD:OBS1129473874,Pelecaniformes,Ardeidae,Egretta,Egretta garzetta
39,4259042077,URN:catalog:CLO:EBIRD:OBS1380470426,Passeriformes,Passeridae,Passer,Passer montanus
40,4313551814,URN:catalog:CLO:EBIRD:OBS1430310169,Columbiformes,Columbidae,Geopelia,Geopelia striata
41,3168302515,URN:catalog:CLO:EBIRD:OBS915645734,Passeriformes,Nectariniidae,Cinnyris,Cinnyris jugularis
43,5479194766,URN:catalog:CLO:EBIRD:OBS2560204076,Passeriformes,Sturnidae,Sarcops,Sarcops calvus
44,3233230860,URN:catalog:CLO:EBIRD:OBS845949802,Passeriformes,Rhipiduridae,Rhipidura,Rhipidura nigritorquis
45,3228816617,URN:catalog:CLO:EBIRD:OBS864316670,Charadriiformes,Laridae,Chlidonias,Chlidonias hybrida
46,3231810876,URN:catalog:CLO:EBIRD:OBS917425577,Coraciiformes,Alcedinidae,Todiramphus,Todiramphus chloris
47,3607390356,URN:catalog:CLO:EBIRD:OBS1194029599,Passeriformes,Sturnidae,Aplonis,Aplonis panayensis
48,4260115634,URN:catalog:CLO:EBIRD:OBS1378237442,Passeriformes,Passeridae,Passer,Passer montanus
49,3511784227,URN:catalog:CLO:EBIRD:OBS1081460632,Coraciiformes,Alcedinidae,Todiramphus,Todiramphus chloris
50,3665109486,URN:catalog:CLO:EBIRD:OBS1234561857,Passeriformes,Corvidae,Corvus,
51,4207550867,URN:catalog:CLO:EBIRD:OBS1339270383,Passeriformes,Motacillidae,Motacilla,Motacilla cinerea
52,4648016174,URN:catalog:CLO:EBIRD:OBS1639025167,Passeriformes,Acanthizidae,Gerygone,Gerygone sulphurea
53,4191310208,URN:catalog:CLO:EBIRD:OBS1350507686,Passeriformes,Pycnonotidae,Pycnonotus,Pycnonotus goiavier
54,5345299544,URN:catalog:CLO:EBIRD:OBS2287226726,Coraciiformes,Alcedinidae,Todiramphus,Todiramphus chloris
55,4688493444,URN:catalog:CLO:EBIRD:OBS1597543446,Passeriformes,Acanthizidae,Gerygone,Gerygone sulphurea
56,3520203292,URN:catalog:CLO:EBIRD:OBS1117989323,Passeriformes,Motacillidae,Motacilla,Motacilla cinerea
57,3663026648,URN:catalog:CLO:EBIRD:OBS1073188620,Columbiformes,Columbidae,Geopelia,Geopelia striata
58,3581355879,URN:catalog:CLO:EBIRD:OBS1256276499,Passeriformes,Sturnidae,Aplonis,Aplonis panayensis
59,4271617694,URN:catalog:CLO:EBIRD:OBS1479578038,Piciformes,Picidae,Yungipicus,Yungipicus maculatus
60,3685268617,URN:catalog:CLO:EBIRD:OBS1251721842,Pelecaniformes,Ardeidae,Nycticorax,Nycticorax nycticorax
61,3653860750,URN:catalog:CLO:EBIRD:OBS1219817905,Passeriformes,Oriolidae,Oriolus,Oriolus chinensis
62,3570016974,URN:catalog:CLO:EBIRD:OBS1237382195,Passeriformes,Passeridae,Passer,Passer montanus
63,4302850300,URN:catalog:CLO:EBIRD:OBS1329314365,Columbiformes,Columbidae,Treron,Treron vernans
64,3541154973,URN:catalog:CLO:EBIRD:OBS1073190945,Passeriformes,Pycnonotidae,Pycnonotus,Pycnonotus goiavier
65,3618007845,URN:catalog:CLO:EBIRD:OBS1098581587,Passeriformes,Oriolidae,Oriolus,Oriolus chinensis
66,3638453221,URN:catalog:CLO:EBIRD:OBS1222162981,Passeriformes,Acanthizidae,Gerygone,Gerygone sulphurea
67,4736151612,URN:catalog:CLO:EBIRD:OBS1639025159,Piciformes,Megalaimidae,Psilopogon,Psilopogon haemacephalus
68,3677712256,URN:catalog:CLO:EBIRD:OBS1073182833,Passeriformes,Corvidae,Corvus,
70,4284795079,URN:catalog:CLO:EBIRD:OBS1344447032,Passeriformes,Estrildidae,Lonchura,Lonchura atricapilla
71,4299937519,URN:catalog:CLO:EBIRD:OBS1331007111,Passeriformes,Artamidae,Artamus,Artamus leucorhynchos
72,3516870823,URN:catalog:CLO:EBIRD:OBS1121865324,Columbiformes,Columbidae,Spilopelia,Spilopelia chinensis
73,4209935487,URN:catalog:CLO:EBIRD:OBS1336401568,Passeriformes,Laniidae,Lanius,Lanius cristatus
74,3621949082,URN:catalog:CLO:EBIRD:OBS1111255400,Pelecaniformes,Ardeidae,Egretta,Egretta garzetta
75,4326861149,URN:catalog:CLO:EBIRD:OBS1344447037,Passeriformes,Campephagidae,Lalage,Lalage nigra
76,3674723987,URN:catalog:CLO:EBIRD:OBS1114407114,Passeriformes,Rhipiduridae,Rhipidura,Rhipidura nigritorquis
77,4308155501,URN:catalog:CLO:EBIRD:OBS1094481662,Galliformes,Phasianidae,Gallus,Gallus gallus
78,3280956744,URN:catalog:CLO:EBIRD:OBS1027283640,Passeriformes,Dicaeidae,Dicaeum,Dicaeum australe
79,5587152983,URN:catalog:CLO:EBIRD:OBS1956750321,Passeriformes,Dicaeidae,Dicaeum,Dicaeum australe
80,3622585988,URN:catalog:CLO:EBIRD:OBS1260328585,Passeriformes,Motacillidae,Motacilla,Motacilla cinerea
81,4227552607,URN:catalog:CLO:EBIRD:OBS1315919280,Passeriformes,Passeridae,Passer,Passer montanus
82,4836003829,URN:catalog:CLO:EBIRD:OBS1956762784,Passeriformes,Passeridae,Passer,Passer montanus
83,3551463812,URN:catalog:CLO:EBIRD:OBS1069482039,Passeriformes,Oriolidae,Oriolus,Oriolus chinensis
84,3511656430,URN:catalog:CLO:EBIRD:OBS1080186944,Passeriformes,Passeridae,Passer,Passer montanus
85,3652137736,URN:catalog:CLO:EBIRD:OBS1242471483,Passeriformes,Rhipiduridae,Rhipidura,Rhipidura nigritorquis
86,3281952793,URN:catalog:CLO:EBIRD:OBS1027283643,Passeriformes,Laniidae,Lanius,Lanius cristatus
87,3530852613,URN:catalog:CLO:EBIRD:OBS1054332208,Passeriformes,Pycnonotidae,Pycnonotus,Pycnonotus goiavier
88,3280284913,URN:catalog:CLO:EBIRD:OBS1027283635,Passeriformes,Passeridae,Passer,Passer montanus
89,3592581570,URN:catalog:CLO:EBIRD:OBS1091761607,Psittaciformes,Psittacidae,Loriculus,Loriculus philippensis
91,3153547599,URN:catalog:CLO:EBIRD:OBS917191086,Passeriformes,Passeridae,Passer,Passer montanus
92,3156744374,URN:catalog:CLO:EBIRD:OBS917191088,Passeriformes,Hirundinidae,Hirundo,Hirundo javanica
93,4673523137,URN:catalog:CLO:EBIRD:OBS1722013745,Pelecaniformes,Ardeidae,Botaurus,
94,3614309431,URN:catalog:CLO:EBIRD:OBS1145763442,Passeriformes,Passeridae,Passer,Passer montanus
96,4747118961,URN:catalog:CLO:EBIRD:OBS1721892648,Columbiformes,Columbidae,Geopelia,Geopelia striata
97,3614865158,URN:catalog:CLO:EBIRD:OBS1132503817,Pelecaniformes,Ardeidae,Nycticorax,Nycticorax nycticorax
99,4232027150,URN:catalog:CLO:EBIRD:OBS1517404746,Passeriformes,Muscicapidae,Monticola,Monticola solitarius
100,4751619429,URN:catalog:CLO:EBIRD:OBS1597543439,Piciformes,Megalaimidae,Psilopogon,Psilopogon haemacephalus
101,4239657597,URN:catalog:CLO:EBIRD:OBS1474633455,Apodiformes,Apodidae,Collocalia,Collocalia marginata
102,3675083504,URN:catalog:CLO:EBIRD:OBS1114407111,Coraciiformes,Alcedinidae,Alcedo,Alcedo atthis
103,3584336266,URN:catalog:CLO:EBIRD:OBS1259552855,Passeriformes,Passeridae,Passer,Passer montanus
104,3667962384,URN:catalog:CLO:EBIRD:OBS1241360933,Psittaciformes,Psittacidae,Loriculus,Loriculus philippensis
105,3301265198,URN:catalog:CLO:EBIRD:OBS1027283637,Passeriformes,Nectariniidae,Cinnyris,Cinnyris jugularis
106,3597689033,URN:catalog:CLO:EBIRD:OBS1082135747,Passeriformes,Hirundinidae,Hirundo,Hirundo rustica
107,3638183803,URN:catalog:CLO:EBIRD:OBS1222162980,Passeriformes,Passeridae,Passer,Passer montanus
108,3558974843,URN:catalog:CLO:EBIRD:OBS1266508548,Columbiformes,Columbidae,Columba,Columba livia
109,4780040369,URN:catalog:CLO:EBIRD:OBS1630537585,Passeriformes,Corvidae,Corvus,
110,3508098649,URN:catalog:CLO:EBIRD:OBS1084314129,Passeriformes,Pycnonotidae,Pycnonotus,Pycnonotus goiavier
111,4213459310,URN:catalog:CLO:EBIRD:OBS1339270380,Gruiformes,Rallidae,Amaurornis,Amaurornis phoenicurus
112,3238555145,URN:catalog:CLO:EBIRD:OBS922352518,Passeriformes,Rhipiduridae,Rhipidura,Rhipidura nigritorquis
113,5417873222,URN:catalog:CLO:EBIRD:OBS2414893834,Passeriformes,Passeridae,Passer,Passer montanus
114,3553548395,URN:catalog:CLO:EBIRD:OBS1117989307,Passeriformes,Passeridae,Passer,Passer montanus
115,3258131367,URN:catalog:CLO:EBIRD:OBS998236722,Passeriformes,Laniidae,Lanius,Lanius cristatus
116,3195295593,URN:catalog:CLO:EBIRD:OBS1008206967,Passeriformes,Corvidae,Corvus,
117,3552829694,URN:catalog:CLO:EBIRD:OBS1246521780,Passeriformes,Oriolidae,Oriolus,Oriolus chinensis
118,3671060036,URN:catalog:CLO:EBIRD:OBS1077834926,Pelecaniformes,Ardeidae,Egretta,Egretta garzetta
119,4319601182,URN:catalog:CLO:EBIRD:OBS1478274995,Pelecaniformes,Ardeidae,Egretta,Egretta garzetta
120,4294439291,URN:catalog:CLO:EBIRD:OBS1315916219,Passeriformes,Laniidae,Lanius,Lanius cristatus
121,3684318266,URN:catalog:CLO:EBIRD:OBS1116027944,Passeriformes,Dicaeidae,Dicaeum,Dicaeum australe
122,3523027147,URN:catalog:CLO:EBIRD:OBS1129093316,Piciformes,Megalaimidae,Psilopogon,Psilopogon haemacephalus
123,3623774845,URN:catalog:CLO:EBIRD:OBS1251706967,Piciformes,Picidae,Yungipicus,Yungipicus maculatus
124,4197431397,URN:catalog:CLO:EBIRD:OBS1588575178,Passeriformes,Acanthizidae,Gerygone,Gerygone sulphurea
125,3632977611,URN:catalog:CLO:EBIRD:OBS1260328583,Apodiformes,Apodidae,Collocalia,Collocalia marginata
127,3588721158,URN:catalog:CLO:EBIRD:OBS1084314137,Passeriformes,Oriolidae,Oriolus,Oriolus chinensis
128,3187251481,URN:catalog:CLO:EBIRD:OBS998238270,Passeriformes,Rhipiduridae,Rhipidura,Rhipidura nigritorquis
129,3649843030,URN:catalog:CLO:EBIRD:OBS1218004473,Passeriformes,Estrildidae,Lonchura,Lonchura atricapilla
130,4186379825,URN:catalog:CLO:EBIRD:OBS1331009394,Passeriformes,Pycnonotidae,Pycnonotus,Pycnonotus goiavier
131,3619827542,URN:catalog:CLO:EBIRD:OBS1165842382,Passeriformes,Pycnonotidae,Pycnonotus,Pycnonotus goiavier
132,3656233382,URN:catalog:CLO:EBIRD:OBS1212607150,Passeriformes,Sturnidae,Aplonis,Aplonis panayensis
133,4305879666,URN:catalog:CLO:EBIRD:OBS1329314362,Passeriformes,Pycnonotidae,Pycnonotus,Pycnonotus goiavier
134,4663347053,URN:catalog:CLO:EBIRD:OBS1794104828,Passeriformes,Nectariniidae,Cinnyris,Cinnyris jugularis
135,3671988370,URN:catalog:CLO:EBIRD:OBS1092826699,Passeriformes,Passeridae,Passer,Passer montanus
137,3563376652,URN:catalog:CLO:EBIRD:OBS1215786346,Coraciiformes,Alcedinidae,Todiramphus,Todiramphus chloris
138,4286462734,URN:catalog:CLO:EBIRD:OBS1385753878,Psittaciformes,Psittacidae,Loriculus,Loriculus philippensis
140,3589656809,URN:catalog:CLO:EBIRD:OBS1080182077,Passeriformes,Hirundinidae,Hirundo,Hirundo javanica
141,3541164676,URN:catalog:CLO:EBIRD:OBS1266508554,Columbiformes,Columbidae,Spilopelia,Spilopelia chinensis
142,4675082546,URN:catalog:CLO:EBIRD:OBS1895420878,Coraciiformes,Alcedinidae,Todiramphus,Todiramphus chloris
143,3650575082,URN:catalog:CLO:EBIRD:OBS1234561849,Passeriformes,Laniidae,Lanius,Lanius cristatus
144,3673196589,URN:catalog:CLO:EBIRD:OBS1119956127,Gruiformes,Rallidae,Amaurornis,Amaurornis phoenicurus
145,4832729739,URN:catalog:CLO:EBIRD:OBS1737370490,Galliformes,Phasianidae,Pavo,Pavo cristatus
146,4292814506,URN:catalog:CLO:EBIRD:OBS1399595450,Passeriformes,Passeridae,Passer,Passer montanus
147,3610199096,URN:catalog:CLO:EBIRD:OBS1103447738,Psittaciformes,Psittacidae,Loriculus,Loriculus philippensis
148,3511282036,URN:catalog:CLO:EBIRD:OBS1111248991,Columbiformes,Columbidae,Geopelia,Geopelia striata
150,3205069556,URN:catalog:CLO:EBIRD:OBS1008206976,Passeriformes,Nectariniidae,Cinnyris,Cinnyris jugularis
151,5416747517,URN:catalog:CLO:EBIRD:OBS2527578497,Psittaciformes,Psittacidae,Loriculus,Loriculus philippensis
152,3201760570,URN:catalog:CLO:EBIRD:OBS1008206971,Psittaciformes,Psittacidae,Loriculus,Loriculus philippensis
153,4294692884,URN:catalog:CLO:EBIRD:OBS1430310162,Passeriformes,Nectariniidae,Cinnyris,Cinnyris jugularis
154,3674801129,URN:catalog:CLO:EBIRD:OBS1121865207,Piciformes,Picidae,Yungipicus,Yungipicus maculatus
155,5376505740,URN:catalog:CLO:EBIRD:OBS2431090530,Piciformes,Picidae,Yungipicus,Yungipicus maculatus
156,3633981751,URN:catalog:CLO:EBIRD:OBS1117792184,Passeriformes,Dicaeidae,Dicaeum,Dicaeum australe
157,3658880754,URN:catalog:CLO:EBIRD:OBS1140362945,Passeriformes,Rhipiduridae,Rhipidura,Rhipidura nigritorquis
158,4223895980,URN:catalog:CLO:EBIRD:OBS1331009386,Passeriformes,Rhipiduridae,Rhipidura,Rhipidura nigritorquis
159,4291430522,URN:catalog:CLO:EBIRD:OBS1315919607,Gruiformes,Rallidae,Amaurornis,Amaurornis phoenicurus
160,4304028825,URN:catalog:CLO:EBIRD:OBS1320625191,Passeriformes,Passeridae,Passer,Passer montanus
161,4303873545,URN:catalog:CLO:EBIRD:OBS1313293441,Piciformes,Picidae,Yungipicus,Yungipicus maculatus
163,4297809016,URN:catalog:CLO:EBIRD:OBS1329314368,Passeriformes,Passeridae,Passer,Passer montanus
165,3514667324,URN:catalog:CLO:EBIRD:OBS1122476000,Columbiformes,Columbidae,Spilopelia,Spilopelia chinensis
166,3513732725,URN:catalog:CLO:EBIRD:OBS1082147013,Passeriformes,Hirundinidae,Hirundo,Hirundo rustica
167,3620847482,URN:catalog:CLO:EBIRD:OBS1222162977,Passeriformes,Zosteropidae,Zosterops,Zosterops meyeni
168,4304066758,URN:catalog:CLO:EBIRD:OBS1361349422,Psittaciformes,Psittacidae,Loriculus,Loriculus philippensis
169,3672793718,URN:catalog:CLO:EBIRD:OBS1140362951,Passeriformes,Corvidae,Corvus,
170,4183060422,URN:catalog:CLO:EBIRD:OBS1315919483,Columbiformes,Columbidae,Geopelia,Geopelia striata
172,3677257972,URN:catalog:CLO:EBIRD:OBS1073180555,Pelecaniformes,Ardeidae,Egretta,Egretta garzetta
173,3577808934,URN:catalog:CLO:EBIRD:OBS1242462501,Passeriformes,Rhipiduridae,Rhipidura,Rhipidura nigritorquis
174,3200103774,URN:catalog:CLO:EBIRD:OBS976509745,Columbiformes,Columbidae,Columba,Columba livia
175,3263641881,URN:catalog:CLO:EBIRD:OBS1011600298,Passeriformes,Passeridae,Passer,Passer montanus
176,3619221660,URN:catalog:CLO:EBIRD:OBS1116026408,Passeriformes,Sturnidae,Acridotheres,Acridotheres cristatellus
177,5653745846,URN:catalog:CLO:EBIRD:OBS2733710874,Psittaciformes,Psittacidae,Loriculus,Loriculus philippensis
178,3667155072,URN:catalog:CLO:EBIRD:OBS1241360931,Passeriformes,Passeridae,Passer,Passer montanus
179,3666695261,URN:catalog:CLO:EBIRD:OBS1111245695,Coraciiformes,Alcedinidae,Todiramphus,Todiramphus chloris
181,4220504724,URN:catalog:CLO:EBIRD:OBS1384406476,Passeriformes,Laniidae,Lanius,Lanius cristatus
182,4377150596,URN:catalog:CLO:EBIRD:OBS1385753885,Passeriformes,Corvidae,Corvus,
183,4794470763,URN:catalog:CLO:EBIRD:OBS1630537581,Columbiformes,Columbidae,Geopelia,Geopelia striata
184,4197374750,URN:catalog:CLO:EBIRD:OBS1320624418,Coraciiformes,Alcedinidae,Alcedo,Alcedo atthis
185,3231341519,URN:catalog:CLO:EBIRD:OBS915640006,Psittaciformes,Psittacidae,Loriculus,Loriculus philippensis
186,3556899430,URN:catalog:CLO:EBIRD:OBS1266508558,Passeriformes,Nectariniidae,Cinnyris,Cinnyris jugularis
187,4345482029,URN:catalog:CLO:EBIRD:OBS1339270382,Pelecaniformes,Ardeidae,Butorides,Butorides striata
188,3670805906,URN:catalog:CLO:EBIRD:OBS1073188625,Columbiformes,Columbidae,Columba,Columba livia
189,3672743863,URN:catalog:CLO:EBIRD:OBS1114407115,Psittaciformes,Psittacidae,Loriculus,Loriculus philippensis
190,3617647956,URN:catalog:CLO:EBIRD:OBS1119129878,Pelecaniformes,Ardeidae,Egretta,Egretta garzetta
192,4341993327,URN:catalog:CLO:EBIRD:OBS1315916225,Columbiformes,Columbidae,Geopelia,Geopelia striata
193,3235984901,URN:catalog:CLO:EBIRD:OBS933608507,Passeriformes,Passeridae,Passer,Passer montanus
194,4252973127,URN:catalog:CLO:EBIRD:OBS1380470427,Passeriformes,Pycnonotidae,Pycnonotus,Pycnonotus goiavier
195,4380273448,URN:catalog:CLO:EBIRD:OBS1385753893,Passeriformes,Pycnonotidae,Pycnonotus,Pycnonotus goiavier
197,3531449836,URN:catalog:CLO:EBIRD:OBS1112488558,Pelecaniformes,Ardeidae,Egretta,Egretta garzetta
198,3652369598,URN:catalog:CLO:EBIRD:OBS1140362944,Psittaciformes,Psittacidae,Loriculus,Loriculus philippensis
199,3643545430,URN:catalog:CLO:EBIRD:OBS1145763449,Columbiformes,Columbidae,Geopelia,Geopelia striata
200,3154789717,URN:catalog:CLO:EBIRD:OBS915645731,Piciformes,Picidae,Yungipicus,Yungipicus maculatus
201,4845359792,URN:catalog:CLO:EBIRD:OBS1737370487,Piciformes,Megalaimidae,Psilopogon,Psilopogon haemacephalus
202,3671275241,URN:catalog:CLO:EBIRD:OBS1098562102,Columbiformes,Columbidae,Geopelia,Geopelia striata
203,3523027151,URN:catalog:CLO:EBIRD:OBS1129095549,Columbiformes,Columbidae,Columba,Columba livia
204,5586844881,URN:catalog:CLO:EBIRD:OBS2540247940,Passeriformes,Laniidae,Lanius,Lanius cristatus
205,3208991883,URN:catalog:CLO:EBIRD:OBS1000063998,Passeriformes,Sturnidae,Aplonis,Aplonis panayensis
206,3537024293,URN:catalog:CLO:EBIRD:OBS1081460639,Apodiformes,Apodidae,Collocalia,Collocalia marginata
207,4214471412,URN:catalog:CLO:EBIRD:OBS1361349414,Passeriformes,Nectariniidae,Cinnyris,Cinnyris jugularis
208,3686758162,URN:catalog:CLO:EBIRD:OBS1111246209,Passeriformes,Acanthizidae,Gerygone,Gerygone sulphurea
209,3630648873,URN:catalog:CLO:EBIRD:OBS1251706966,Columbiformes,Columbidae,Geopelia,Geopelia striata
210,3605508269,URN:catalog:CLO:EBIRD:OBS1117836179,Passeriformes,Sturnidae,Aplonis,Aplonis panayensis
211,4610048142,URN:catalog:CLO:EBIRD:OBS1794104824,Coraciiformes,Alcedinidae,Todiramphus,Todiramphus chloris
212,4696454557,URN:catalog:CLO:EBIRD:OBS1726714921,Psittaciformes,Psittacidae,Loriculus,Loriculus philippensis
213,5611844102,URN:catalog:CLO:EBIRD:OBS1953191518,Passeriformes,Hirundinidae,Cecropis,Cecropis daurica
214,4703903825,URN:catalog:CLO:EBIRD:OBS1630537309,Columbiformes,Columbidae,Columba,Columba livia
215,5375379810,URN:catalog:CLO:EBIRD:OBS1954981491,Passeriformes,Passeridae,Passer,Passer montanus
216,5577158333,URN:catalog:CLO:EBIRD:OBS2431090544,Pelecaniformes,Ardeidae,Ardea,
217,4337979232,URN:catalog:CLO:EBIRD:OBS1323152438,Gruiformes,Rallidae,Amaurornis,Amaurornis phoenicurus
218,4820689569,URN:catalog:CLO:EBIRD:OBS1722013747,Pelecaniformes,Ardeidae,Ardea,Ardea alba
219,3641635437,URN:catalog:CLO:EBIRD:OBS1274963899,Passeriformes,Laniidae,Lanius,Lanius cristatus
220,4810975093,URN:catalog:CLO:EBIRD:OBS1726714922,Piciformes,Megalaimidae,Psilopogon,Psilopogon haemacephalus
221,4384587809,URN:catalog:CLO:EBIRD:OBS1467264192,Apodiformes,Apodidae,Collocalia,Collocalia marginata
222,3658105541,URN:catalog:CLO:EBIRD:OBS1242468425,Pelecaniformes,Ardeidae,Egretta,Egretta garzetta
223,3195542862,URN:catalog:CLO:EBIRD:OBS1014073110,Passeriformes,Passeridae,Passer,Passer montanus
224,4830821457,URN:catalog:CLO:EBIRD:OBS1951648813,Passeriformes,Nectariniidae,Cinnyris,Cinnyris jugularis
225,4324214566,URN:catalog:CLO:EBIRD:OBS1329314363,Apodiformes,Apodidae,Collocalia,Collocalia marginata
226,3540631691,URN:catalog:CLO:EBIRD:OBS1093523361,Columbiformes,Columbidae,Geopelia,Geopelia striata
227,3640778722,URN:catalog:CLO:EBIRD:OBS1212607149,Piciformes,Picidae,Yungipicus,Yungipicus maculatus
228,4228092347,URN:catalog:CLO:EBIRD:OBS1361349416,Passeriformes,Rhipiduridae,Rhipidura,Rhipidura nigritorquis
229,3648915352,URN:catalog:CLO:EBIRD:OBS1220882739,Coraciiformes,Alcedinidae,Todiramphus,Todiramphus chloris
230,4795497970,URN:catalog:CLO:EBIRD:OBS1846539957,Columbiformes,Columbidae,Geopelia,Geopelia striata
231,5516576219,URN:catalog:CLO:EBIRD:OBS1956772186,Passeriformes,Passeridae,Passer,Passer montanus
232,4299983369,URN:catalog:CLO:EBIRD:OBS1591411421,Columbiformes,Columbidae,Spilopelia,Spilopelia chinensis
234,4754222145,URN:catalog:CLO:EBIRD:OBS1944409720,Passeriformes,Artamidae,Artamus,Artamus leucorhynchos
235,5358843375,URN:catalog:CLO:EBIRD:OBS1956771823,Passeriformes,Sturnidae,Aplonis,Aplonis panayensis
236,3547213067,URN:catalog:CLO:EBIRD:OBS1251721851,Passeriformes,Pycnonotidae,Pycnonotus,Pycnonotus goiavier
237,3166966695,URN:catalog:CLO:EBIRD:OBS915632774,Passeriformes,Corvidae,Corvus,
238,3151092875,URN:catalog:CLO:EBIRD:OBS915795111,Piciformes,Megalaimidae,Psilopogon,Psilopogon haemacephalus
239,4198458142,URN:catalog:CLO:EBIRD:OBS1324153267,Columbiformes,Columbidae,Geopelia,Geopelia striata
240,3646320901,URN:catalog:CLO:EBIRD:OBS1117792186,Passeriformes,Motacillidae,Motacilla,Motacilla cinerea
242,3238559897,URN:catalog:CLO:EBIRD:OBS862792019,Columbiformes,Columbidae,Geopelia,Geopelia striata
243,3603602431,URN:catalog:CLO:EBIRD:OBS1194029598,Passeriformes,Passeridae,Passer,Passer montanus
244,3558412658,URN:catalog:CLO:EBIRD:OBS1266508559,Passeriformes,Passeridae,Passer,Passer montanus
245,3632223386,URN:catalog:CLO:EBIRD:OBS1274963897,Passeriformes,Artamidae,Artamus,Artamus leucorhynchos
246,3155969810,URN:catalog:CLO:EBIRD:OBS915679434,Piciformes,Megalaimidae,Psilopogon,Psilopogon haemacephalus
248,4761675036,URN:catalog:CLO:EBIRD:OBS1956762787,Passeriformes,Motacillidae,Motacilla,Motacilla cinerea
249,3148919012,URN:catalog:CLO:EBIRD:OBS915795102,Passeriformes,Passeridae,Passer,Passer montanus
250,3684550972,URN:catalog:CLO:EBIRD:OBS1117992357,Passeriformes,Rhipiduridae,Rhipidura,Rhipidura nigritorquis
251,3609895701,URN:catalog:CLO:EBIRD:OBS1111255404,Coraciiformes,Alcedinidae,Todiramphus,Todiramphus chloris
252,3591870330,URN:catalog:CLO:EBIRD:OBS1111341791,Columbiformes,Columbidae,Geopelia,Geopelia striata
253,3510454556,URN:catalog:CLO:EBIRD:OBS1077832241,Passeriformes,Sturnidae,Aplonis,Aplonis panayensis
254,3273194010,URN:catalog:CLO:EBIRD:OBS1011600292,Piciformes,Picidae,Yungipicus,Yungipicus maculatus
255,3604350083,URN:catalog:CLO:EBIRD:OBS1233303395,Columbiformes,Columbidae,Geopelia,Geopelia striata
256,3654177303,URN:catalog:CLO:EBIRD:OBS1117792189,Passeriformes,Acanthizidae,Gerygone,Gerygone sulphurea
257,3556504600,URN:catalog:CLO:EBIRD:OBS1073190935,Passeriformes,Rhipiduridae,Rhipidura,Rhipidura nigritorquis
258,3508255983,URN:catalog:CLO:EBIRD:OBS1073368663,Passeriformes,Sturnidae,Aplonis,Aplonis panayensis
259,3167733836,URN:catalog:CLO:EBIRD:OBS915795110,Passeriformes,Nectariniidae,Cinnyris,Cinnyris jugularis
260,4323650623,URN:catalog:CLO:EBIRD:OBS1323152439,Pelecaniformes,Ardeidae,Egretta,Egretta garzetta
261,4275240950,URN:catalog:CLO:EBIRD:OBS1361349428,Coraciiformes,Alcedinidae,Todiramphus,Todiramphus chloris
263,5548991754,URN:catalog:CLO:EBIRD:OBS1954981490,Piciformes,Megalaimidae,Psilopogon,Psilopogon haemacephalus
264,3508928132,URN:catalog:CLO:EBIRD:OBS1073368664,Passeriformes,Laniidae,Lanius,Lanius cristatus
265,3511340770,URN:catalog:CLO:EBIRD:OBS1093523356,Coraciiformes,Alcedinidae,Todiramphus,Todiramphus chloris
266,4298932543,URN:catalog:CLO:EBIRD:OBS1324153269,Passeriformes,Nectariniidae,Cinnyris,Cinnyris jugularis
267,3670777764,URN:catalog:CLO:EBIRD:OBS1073188616,Piciformes,Megalaimidae,Psilopogon,Psilopogon haemacephalus
268,3660792431,URN:catalog:CLO:EBIRD:OBS1259564738,Passeriformes,Passeridae,Passer,Passer montanus
269,4749828972,URN:catalog:CLO:EBIRD:OBS1609959362,Passeriformes,Rhipiduridae,Rhipidura,Rhipidura nigritorquis
270,4715091618,URN:catalog:CLO:EBIRD:OBS1674842733,Passeriformes,Pycnonotidae,Pycnonotus,Pycnonotus goiavier
271,4363598488,URN:catalog:CLO:EBIRD:OBS1380464725,Pelecaniformes,Ardeidae,Egretta,Egretta garzetta
272,3686054737,URN:catalog:CLO:EBIRD:OBS1073182835,Passeriformes,Pycnonotidae,Pycnonotus,Pycnonotus goiavier
273,3218001901,URN:catalog:CLO:EBIRD:OBS848980766,Passeriformes,Passeridae,Passer,Passer montanus
274,4207703202,URN:catalog:CLO:EBIRD:OBS1467264190,Passeriformes,Passeridae,Passer,Passer montanus
275,4807551774,URN:catalog:CLO:EBIRD:OBS1846539958,Passeriformes,Hirundinidae,Hirundo,Hirundo javanica
276,5329315335,URN:catalog:CLO:EBIRD:OBS1980584563,Columbiformes,Columbidae,Geopelia,Geopelia striata
277,3672615715,URN:catalog:CLO:EBIRD:OBS1140362950,Apodiformes,Apodidae,Collocalia,Collocalia marginata
278,4193973197,URN:catalog:CLO:EBIRD:OBS1320624417,Passeriformes,Sturnidae,Aplonis,Aplonis panayensis
279,4386804362,URN:catalog:CLO:EBIRD:OBS1518639846,Passeriformes,Pycnonotidae,Pycnonotus,Pycnonotus goiavier
280,3510508304,URN:catalog:CLO:EBIRD:OBS1098562098,Passeriformes,Muscicapidae,Copsychus,Copsychus mindanensis
281,3293078028,URN:catalog:CLO:EBIRD:OBS1011598506,Columbiformes,Columbidae,Columba,Columba livia
282,4667628323,URN:catalog:CLO:EBIRD:OBS1896485960,Passeriformes,Sturnidae,Aplonis,Aplonis panayensis
283,3556411677,URN:catalog:CLO:EBIRD:OBS1073190931,Piciformes,Megalaimidae,Psilopogon,Psilopogon haemacephalus
284,3683529009,URN:catalog:CLO:EBIRD:OBS1117992337,Passeriformes,Acanthizidae,Gerygone,Gerygone sulphurea
285,3607059856,URN:catalog:CLO:EBIRD:OBS1086340981,Psittaciformes,Psittacidae,Loriculus,Loriculus philippensis
286,3619536621,URN:catalog:CLO:EBIRD:OBS1260328586,Apodiformes,Apodidae,Aerodramus,Aerodramus amelis
288,3620366545,URN:catalog:CLO:EBIRD:OBS1260328587,Coraciiformes,Alcedinidae,Alcedo,Alcedo atthis
290,4655111989,URN:catalog:CLO:EBIRD:OBS1726725205,Passeriformes,Zosteropidae,Zosterops,Zosterops meyeni
291,3690218622,URN:catalog:CLO:EBIRD:OBS1267079746,Columbiformes,Columbidae,Columba,Columba livia
292,4287467673,URN:catalog:CLO:EBIRD:OBS1336401561,Coraciiformes,Alcedinidae,Todiramphus,Todiramphus chloris
293,5332870677,URN:catalog:CLO:EBIRD:OBS2220359427,Passeriformes,Laniidae,Lanius,Lanius cristatus
294,3673891799,URN:catalog:CLO:EBIRD:OBS1111246203,Passeriformes,Zosteropidae,Zosterops,Zosterops meyeni
295,3616225049,URN:catalog:CLO:EBIRD:OBS1103447749,Coraciiformes,Alcedinidae,Todiramphus,Todiramphus chloris
296,5581661217,URN:catalog:CLO:EBIRD:OBS2287226731,Caprimulgiformes,Caprimulgidae,Caprimulgus,Caprimulgus manillensis
297,3534683258,URN:catalog:CLO:EBIRD:OBS1117989306,Columbiformes,Columbidae,Columba,Columba livia
298,4732942577,URN:catalog:CLO:EBIRD:OBS1721892642,Piciformes,Megalaimidae,Psilopogon,Psilopogon haemacephalus
299,3636118776,URN:catalog:CLO:EBIRD:OBS1274963878,Columbiformes,Columbidae,Geopelia,Geopelia striata
300,4653273606,URN:catalog:CLO:EBIRD:OBS1726709397,Passeriformes,Passeridae,Passer,Passer montanus
301,4797562147,URN:catalog:CLO:EBIRD:OBS1674842731,Apodiformes,Apodidae,Collocalia,Collocalia marginata
302,5604083825,URN:catalog:CLO:EBIRD:OBS2431090533,Passeriformes,Pycnonotidae,Pycnonotus,Pycnonotus goiavier
304,5381769570,URN:catalog:CLO:EBIRD:OBS2218373315,Passeriformes,Sturnidae,Aplonis,Aplonis panayensis
305,4649805750,URN:catalog:CLO:EBIRD:OBS1609959564,Columbiformes,Columbidae,Geopelia,Geopelia striata
306,4189855019,URN:catalog:CLO:EBIRD:OBS1324179805,Passeriformes,Pycnonotidae,Pycnonotus,Pycnonotus goiavier
307,4693734822,URN:catalog:CLO:EBIRD:OBS1737370500,Passeriformes,Corvidae,Corvus,
308,5426424874,URN:catalog:CLO:EBIRD:OBS1956750311,Psittaciformes,Psittacidae,Loriculus,Loriculus philippensis
309,4712953606,URN:catalog:CLO:EBIRD:OBS1633569810,Passeriformes,Acanthizidae,Gerygone,Gerygone sulphurea
310,4203512550,URN:catalog:CLO:EBIRD:OBS1329318233,Columbiformes,Columbidae,Spilopelia,Spilopelia chinensis
311,4364495163,URN:catalog:CLO:EBIRD:OBS1389690040,Piciformes,Picidae,Yungipicus,Yungipicus maculatus
312,3580518404,URN:catalog:CLO:EBIRD:OBS1233293246,Passeriformes,Acanthizidae,Gerygone,Gerygone sulphurea
313,4328645266,URN:catalog:CLO:EBIRD:OBS1357342906,Gruiformes,Rallidae,Gallirallus,Gallirallus torquatus
314,4744995499,URN:catalog:CLO:EBIRD:OBS1726712712,Passeriformes,Oriolidae,Oriolus,Oriolus chinensis
317,4270999612,URN:catalog:CLO:EBIRD:OBS1320624420,Passeriformes,Nectariniidae,Cinnyris,Cinnyris jugularis
318,4722820889,URN:catalog:CLO:EBIRD:OBS1794104831,Passeriformes,Dicaeidae,Dicaeum,Dicaeum australe
319,5339826681,URN:catalog:CLO:EBIRD:OBS2019954478,Passeriformes,Sturnidae,Aplonis,Aplonis panayensis
320,4703056622,URN:catalog:CLO:EBIRD:OBS1597543443,Passeriformes,Zosteropidae,Zosterops,Zosterops meyeni
321,4183604967,URN:catalog:CLO:EBIRD:OBS1429752894,Cuculiformes,Cuculidae,Eudynamys,Eudynamys scolopaceus
322,3598953264,URN:catalog:CLO:EBIRD:OBS1098581581,Passeriformes,Passeridae,Passer,Passer montanus
323,4286130348,URN:catalog:CLO:EBIRD:OBS1315916222,Passeriformes,Pycnonotidae,Pycnonotus,Pycnonotus goiavier
324,3687991121,URN:catalog:CLO:EBIRD:OBS1216850948,Columbiformes,Columbidae,Geopelia,Geopelia striata
325,4365955109,URN:catalog:CLO:EBIRD:OBS1430310172,Passeriformes,Muscicapidae,Copsychus,Copsychus mindanensis
327,4797373149,URN:catalog:CLO:EBIRD:OBS1754909053,Charadriiformes,Laridae,Chlidonias,Chlidonias hybrida
328,5685464071,URN:catalog:CLO:EBIRD:OBS1954974102,Passeriformes,Corvidae,Corvus,
329,3526710133,URN:catalog:CLO:EBIRD:OBS1200949600,Piciformes,Picidae,Yungipicus,Yungipicus maculatus
331,3505765404,URN:catalog:CLO:EBIRD:OBS1049205651,Piciformes,Megalaimidae,Psilopogon,Psilopogon haemacephalus
332,5559546888,URN:catalog:CLO:EBIRD:OBS2540247943,Passeriformes,Rhipiduridae,Rhipidura,Rhipidura nigritorquis
333,3629240427,URN:catalog:CLO:EBIRD:OBS1192868428,Passeriformes,Sturnidae,Aplonis,Aplonis panayensis
334,3650641441,URN:catalog:CLO:EBIRD:OBS1242468426,Passeriformes,Laniidae,Lanius,Lanius cristatus
335,4222145170,URN:catalog:CLO:EBIRD:OBS1361349415,Passeriformes,Laniidae,Lanius,Lanius cristatus
336,3166310650,URN:catalog:CLO:EBIRD:OBS920391200,Passeriformes,Acanthizidae,Gerygone,Gerygone sulphurea
337,3139654419,URN:catalog:CLO:EBIRD:OBS848444498,Passeriformes,Pycnonotidae,Pycnonotus,Pycnonotus goiavier
338,3664126906,URN:catalog:CLO:EBIRD:OBS1242471488,Passeriformes,Pycnonotidae,Pycnonotus,Pycnonotus goiavier
339,3534842644,URN:catalog:CLO:EBIRD:OBS1251715623,Passeriformes,Nectariniidae,Cinnyris,Cinnyris jugularis
340,4198417719,URN:catalog:CLO:EBIRD:OBS1324149700,Passeriformes,Laniidae,Lanius,Lanius cristatus
341,3663470229,URN:catalog:CLO:EBIRD:OBS1234561852,Passeriformes,Estrildidae,Lonchura,Lonchura punctulata
342,5455945105,URN:catalog:CLO:EBIRD:OBS1956776304,Columbiformes,Columbidae,Spilopelia,Spilopelia chinensis
343,3629157383,URN:catalog:CLO:EBIRD:OBS1224433767,Passeriformes,Rhipiduridae,Rhipidura,Rhipidura nigritorquis
344,3604550907,URN:catalog:CLO:EBIRD:OBS1103447748,Passeriformes,Laniidae,Lanius,Lanius cristatus
346,3549631528,URN:catalog:CLO:EBIRD:OBS1241356542,Passeriformes,Campephagidae,Lalage,Lalage nigra
347,3267313853,URN:catalog:CLO:EBIRD:OBS1011600864,Passeriformes,Rhipiduridae,Rhipidura,Rhipidura nigritorquis
348,3551379463,URN:catalog:CLO:EBIRD:OBS1081519356,Passeriformes,Passeridae,Passer,Passer montanus
349,3511019115,URN:catalog:CLO:EBIRD:OBS1098562095,Passeriformes,Passeridae,Passer,Passer montanus
350,3591979215,URN:catalog:CLO:EBIRD:OBS1103447740,Passeriformes,Rhipiduridae,Rhipidura,Rhipidura nigritorquis
351,3600980783,URN:catalog:CLO:EBIRD:OBS1111255402,Passeriformes,Rhipiduridae,Rhipidura,Rhipidura nigritorquis
353,4724871777,URN:catalog:CLO:EBIRD:OBS1780342910,Passeriformes,Acanthizidae,Gerygone,Gerygone sulphurea
354,4248768963,URN:catalog:CLO:EBIRD:OBS1586761855,Passeriformes,Laniidae,Lanius,Lanius cristatus
355,4812989786,URN:catalog:CLO:EBIRD:OBS1794104827,Piciformes,Megalaimidae,Psilopogon,Psilopogon haemacephalus
356,3594020696,URN:catalog:CLO:EBIRD:OBS1192335776,Passeriformes,Sturnidae,Aplonis,Aplonis panayensis
357,4312383979,URN:catalog:CLO:EBIRD:OBS1313293440,Passeriformes,Acanthizidae,Gerygone,Gerygone sulphurea
358,4635357817,URN:catalog:CLO:EBIRD:OBS1737370485,Pelecaniformes,Ardeidae,Egretta,Egretta garzetta
360,4691675885,URN:catalog:CLO:EBIRD:OBS1721892640,Pelecaniformes,Ardeidae,Egretta,Egretta garzetta
361,4750187352,URN:catalog:CLO:EBIRD:OBS1721900024,Gruiformes,Rallidae,Gallirallus,Gallirallus torquatus
362,3229098470,URN:catalog:CLO:EBIRD:OBS915640004,Passeriformes,Sturnidae,Aplonis,Aplonis panayensis
363,4780072333,URN:catalog:CLO:EBIRD:OBS1800847863,Passeriformes,Nectariniidae,Cinnyris,Cinnyris jugularis
364,4707606504,URN:catalog:CLO:EBIRD:OBS1800849372,Psittaciformes,Psittacidae,Loriculus,Loriculus philippensis
365,3684215085,URN:catalog:CLO:EBIRD:OBS1241363593,Columbiformes,Columbidae,Geopelia,Geopelia striata
367,4189933539,URN:catalog:CLO:EBIRD:OBS1331009391,Passeriformes,Hirundinidae,Hirundo,Hirundo javanica
368,4675702914,URN:catalog:CLO:EBIRD:OBS1639029376,Columbiformes,Columbidae,Columba,Columba livia
369,5379277066,URN:catalog:CLO:EBIRD:OBS1956750320,Passeriformes,Pycnonotidae,Pycnonotus,Pycnonotus goiavier
370,3680091312,URN:catalog:CLO:EBIRD:OBS1117835429,Passeriformes,Pycnonotidae,Pycnonotus,Pycnonotus goiavier
371,3577910765,URN:catalog:CLO:EBIRD:OBS1237382184,Passeriformes,Dicaeidae,Dicaeum,Dicaeum australe
372,3609655606,URN:catalog:CLO:EBIRD:OBS1111255399,Passeriformes,Sturnidae,Aplonis,Aplonis panayensis
373,5630940060,URN:catalog:CLO:EBIRD:OBS2552281876,Passeriformes,Laniidae,Lanius,Lanius cristatus
375,4738618503,URN:catalog:CLO:EBIRD:OBS1901446143,Passeriformes,Pycnonotidae,Pycnonotus,Pycnonotus goiavier
377,4703538878,URN:catalog:CLO:EBIRD:OBS1629818773,Passeriformes,Passeridae,Passer,Passer montanus
380,3672044058,URN:catalog:CLO:EBIRD:OBS1122473254,Columbiformes,Columbidae,Columba,Columba livia
382,4814140456,URN:catalog:CLO:EBIRD:OBS1853007224,Apodiformes,Apodidae,Collocalia,Collocalia marginata
384,4831372969,URN:catalog:CLO:EBIRD:OBS1896485962,Apodiformes,Apodidae,Collocalia,Collocalia marginata
386,3687958612,URN:catalog:CLO:EBIRD:OBS1251721844,Passeriformes,Motacillidae,Motacilla,Motacilla cinerea
387,4291648575,URN:catalog:CLO:EBIRD:OBS1315919611,Piciformes,Megalaimidae,Psilopogon,Psilopogon haemacephalus
389,3650437065,URN:catalog:CLO:EBIRD:OBS1212607156,Passeriformes,Passeridae,Passer,Passer montanus
391,4626868373,URN:catalog:CLO:EBIRD:OBS1764781950,Passeriformes,Pycnonotidae,Pycnonotus,Pycnonotus goiavier
392,4825713560,URN:catalog:CLO:EBIRD:OBS1726714923,Passeriformes,Passeridae,Passer,Passer montanus
393,4770254684,URN:catalog:CLO:EBIRD:OBS1794104837,Passeriformes,Hirundinidae,Hirundo,Hirundo javanica
396,4359761135,URN:catalog:CLO:EBIRD:OBS1430310170,Strigiformes,Strigidae,Otus,Otus megalotis
397,4344827132,URN:catalog:CLO:EBIRD:OBS1551880848,Passeriformes,Rhipiduridae,Rhipidura,Rhipidura nigritorquis
398,4758633943,URN:catalog:CLO:EBIRD:OBS1726725207,Passeriformes,Passeridae,Passer,Passer montanus
399,4722351510,URN:catalog:CLO:EBIRD:OBS1597543445,Passeriformes,Oriolidae,Oriolus,Oriolus chinensis
400,4705341717,URN:catalog:CLO:EBIRD:OBS1628948085,Passeriformes,Passeridae,Passer,Passer montanus
403,3609860313,URN:catalog:CLO:EBIRD:OBS1116028578,Columbiformes,Columbidae,Columba,Columba livia
404,5454630146,URN:catalog:CLO:EBIRD:OBS2220359426,Coraciiformes,Alcedinidae,Todiramphus,Todiramphus chloris
405,3158502132,URN:catalog:CLO:EBIRD:OBS933608501,Passeriformes,Acanthizidae,Gerygone,Gerygone sulphurea
406,3277815034,URN:catalog:CLO:EBIRD:OBS1011600860,Passeriformes,Nectariniidae,Cinnyris,Cinnyris jugularis
408,3600980898,URN:catalog:CLO:EBIRD:OBS1111341785,Passeriformes,Acanthizidae,Gerygone,Gerygone sulphurea
409,3666143899,URN:catalog:CLO:EBIRD:OBS1234561856,Coraciiformes,Alcedinidae,Alcedo,Alcedo atthis
410,3619317928,URN:catalog:CLO:EBIRD:OBS1274963884,Passeriformes,Nectariniidae,Cinnyris,Cinnyris jugularis
411,4198084445,URN:catalog:CLO:EBIRD:OBS1324153266,Piciformes,Megalaimidae,Psilopogon,Psilopogon haemacephalus
413,3664370115,URN:catalog:CLO:EBIRD:OBS1210199812,Columbiformes,Columbidae,Columba,Columba livia
414,3141734863,URN:catalog:CLO:EBIRD:OBS870451551,Passeriformes,Passeridae,Passer,Passer montanus
415,3159741621,URN:catalog:CLO:EBIRD:OBS915645732,Passeriformes,Rhipiduridae,Rhipidura,Rhipidura nigritorquis
417,3649603061,URN:catalog:CLO:EBIRD:OBS1117792177,Columbiformes,Columbidae,Columba,Columba livia
418,3692708820,URN:catalog:CLO:EBIRD:OBS1117823914,Columbiformes,Columbidae,Columba,Columba livia
419,3675371081,URN:catalog:CLO:EBIRD:OBS1121865210,Passeriformes,Acanthizidae,Gerygone,Gerygone sulphurea
420,4752378267,URN:catalog:CLO:EBIRD:OBS1737370505,Passeriformes,Sturnidae,Aplonis,Aplonis panayensis
422,5667420821,URN:catalog:CLO:EBIRD:OBS1950903025,Psittaciformes,Psittacidae,Probosciger,Probosciger aterrimus
423,5375502070,URN:catalog:CLO:EBIRD:OBS1956750313,Passeriformes,Sturnidae,Aplonis,Aplonis panayensis
424,4806695464,URN:catalog:CLO:EBIRD:OBS1846539961,Passeriformes,Laniidae,Lanius,Lanius cristatus
425,5537645704,URN:catalog:CLO:EBIRD:OBS1951483893,Passeriformes,Laniidae,Lanius,Lanius cristatus
426,4217068868,URN:catalog:CLO:EBIRD:OBS1357342910,Passeriformes,Oriolidae,Oriolus,Oriolus chinensis
427,3516661536,URN:catalog:CLO:EBIRD:OBS1073375426,Passeriformes,Oriolidae,Oriolus,Oriolus chinensis
428,3619335553,URN:catalog:CLO:EBIRD:OBS1251706963,Passeriformes,Laniidae,Lanius,Lanius cristatus
429,3681261517,URN:catalog:CLO:EBIRD:OBS1121865209,Passeriformes,Rhipiduridae,Rhipidura,Rhipidura nigritorquis
430,4319690074,URN:catalog:CLO:EBIRD:OBS1509740663,Passeriformes,Passeridae,Passer,Passer montanus
432,3522819153,URN:catalog:CLO:EBIRD:OBS1111248987,Piciformes,Megalaimidae,Psilopogon,Psilopogon haemacephalus
433,3621458072,URN:catalog:CLO:EBIRD:OBS1251706964,Passeriformes,Rhipiduridae,Rhipidura,Rhipidura nigritorquis
434,3636551415,URN:catalog:CLO:EBIRD:OBS1220882735,Passeriformes,Oriolidae,Oriolus,Oriolus chinensis
435,4641639468,URN:catalog:CLO:EBIRD:OBS1853007223,Columbiformes,Columbidae,Geopelia,Geopelia striata
436,4210862810,URN:catalog:CLO:EBIRD:OBS1339265332,Coraciiformes,Alcedinidae,Todiramphus,Todiramphus chloris
437,4195022877,URN:catalog:CLO:EBIRD:OBS1350512000,Passeriformes,Muscicapidae,Copsychus,Copsychus mindanensis
439,4830690693,URN:catalog:CLO:EBIRD:OBS1902983501,Passeriformes,Nectariniidae,Cinnyris,Cinnyris jugularis
440,3654272066,URN:catalog:CLO:EBIRD:OBS1242471479,Piciformes,Picidae,Yungipicus,Yungipicus maculatus
441,3692274859,URN:catalog:CLO:EBIRD:OBS1246521777,Psittaciformes,Psittacidae,Loriculus,Loriculus philippensis
442,4268440102,URN:catalog:CLO:EBIRD:OBS1315919616,Passeriformes,Acanthizidae,Gerygone,Gerygone sulphurea
443,4845465252,URN:catalog:CLO:EBIRD:OBS1956762789,Passeriformes,Nectariniidae,Cinnyris,Cinnyris jugularis
444,3677930013,URN:catalog:CLO:EBIRD:OBS1049205936,Passeriformes,Sturnidae,Aplonis,Aplonis panayensis
445,5326234123,URN:catalog:CLO:EBIRD:OBS1934651199,Falconiformes,Falconidae,Falco,Falco peregrinus
446,3651156547,URN:catalog:CLO:EBIRD:OBS1082880917,Passeriformes,Pycnonotidae,Pycnonotus,Pycnonotus goiavier
447,3683623580,URN:catalog:CLO:EBIRD:OBS1116027943,Passeriformes,Laniidae,Lanius,Lanius cristatus
448,3548563739,URN:catalog:CLO:EBIRD:OBS1119942874,Passeriformes,Pycnonotidae,Pycnonotus,Pycnonotus goiavier
449,4267435475,URN:catalog:CLO:EBIRD:OBS1385753886,Pelecaniformes,Ardeidae,Egretta,Egretta garzetta
450,3566566372,URN:catalog:CLO:EBIRD:OBS1215786343,Passeriformes,Rhipiduridae,Rhipidura,Rhipidura nigritorquis
451,3670503795,URN:catalog:CLO:EBIRD:OBS1121865202,Psittaciformes,Psittacidae,Loriculus,Loriculus philippensis
452,4365372995,URN:catalog:CLO:EBIRD:OBS1344447027,Passeriformes,Sturnidae,Aplonis,Aplonis panayensis
453,3628687572,URN:catalog:CLO:EBIRD:OBS1117792182,Columbiformes,Columbidae,Geopelia,Geopelia striata
454,3556987350,URN:catalog:CLO:EBIRD:OBS1233303400,Psittaciformes,Psittacidae,Loriculus,Loriculus philippensis
456,3520067750,URN:catalog:CLO:EBIRD:OBS1093523354,Piciformes,Megalaimidae,Psilopogon,Psilopogon haemacephalus
457,3684584783,URN:catalog:CLO:EBIRD:OBS1116027939,Passeriformes,Estrildidae,Lonchura,Lonchura punctulata
458,3543830150,URN:catalog:CLO:EBIRD:OBS1266508551,Passeriformes,Dicaeidae,Dicaeum,Dicaeum australe
459,4689700549,URN:catalog:CLO:EBIRD:OBS1639025775,Columbiformes,Columbidae,Columba,Columba livia
460,3508853391,URN:catalog:CLO:EBIRD:OBS1083433227,Piciformes,Megalaimidae,Psilopogon,Psilopogon haemacephalus
461,5522602173,URN:catalog:CLO:EBIRD:OBS1956772188,Passeriformes,Pycnonotidae,Pycnonotus,Pycnonotus goiavier
462,4307307183,URN:catalog:CLO:EBIRD:OBS1357342917,Passeriformes,Motacillidae,Motacilla,Motacilla cinerea
464,4620365302,URN:catalog:CLO:EBIRD:OBS1651041426,Columbiformes,Columbidae,Geopelia,Geopelia striata
465,4796821516,URN:catalog:CLO:EBIRD:OBS1597543441,Passeriformes,Passeridae,Passer,Passer montanus
467,3288324901,URN:catalog:CLO:EBIRD:OBS1027283636,Columbiformes,Columbidae,Spilopelia,Spilopelia chinensis
468,4188633501,URN:catalog:CLO:EBIRD:OBS1315916216,Passeriformes,Oriolidae,Oriolus,Oriolus chinensis
469,3267105549,URN:catalog:CLO:EBIRD:OBS1027283645,Columbiformes,Columbidae,Geopelia,Geopelia striata
470,3151569711,URN:catalog:CLO:EBIRD:OBS917191084,Passeriformes,Nectariniidae,Cinnyris,Cinnyris jugularis
471,4364885822,URN:catalog:CLO:EBIRD:OBS1474633454,Piciformes,Picidae,Yungipicus,Yungipicus maculatus
472,3636629075,URN:catalog:CLO:EBIRD:OBS1116014376,Columbiformes,Columbidae,Columba,Columba livia
473,3564771598,URN:catalog:CLO:EBIRD:OBS1129097881,Passeriformes,Passeridae,Passer,Passer montanus
474,4194398405,URN:catalog:CLO:EBIRD:OBS1320624416,Passeriformes,Motacillidae,Motacilla,Motacilla cinerea
475,3610247112,URN:catalog:CLO:EBIRD:OBS1086340984,Columbiformes,Columbidae,Geopelia,Geopelia striata
476,4383494577,URN:catalog:CLO:EBIRD:OBS1429757708,Piciformes,Picidae,Yungipicus,Yungipicus maculatus
477,3189185262,URN:catalog:CLO:EBIRD:OBS998238271,Passeriformes,Hirundinidae,Hirundo,Hirundo javanica
478,3674240626,URN:catalog:CLO:EBIRD:OBS1193427443,Pelecaniformes,Ardeidae,Egretta,Egretta garzetta
479,3560733676,URN:catalog:CLO:EBIRD:OBS1251715619,Passeriformes,Zosteropidae,Zosterops,Zosterops meyeni
480,5508053440,URN:catalog:CLO:EBIRD:OBS2552281870,Pelecaniformes,Ardeidae,Butorides,Butorides striata
481,3570675348,URN:catalog:CLO:EBIRD:OBS1129473861,Passeriformes,Nectariniidae,Cinnyris,Cinnyris jugularis
482,5469229286,URN:catalog:CLO:EBIRD:OBS2040682528,Passeriformes,Nectariniidae,Cinnyris,Cinnyris jugularis
483,3168302712,URN:catalog:CLO:EBIRD:OBS915795107,Columbiformes,Columbidae,Spilopelia,Spilopelia chinensis
484,3169784421,URN:catalog:CLO:EBIRD:OBS915632770,Passeriformes,Passeridae,Passer,Passer montanus
485,3639724533,URN:catalog:CLO:EBIRD:OBS1220882738,Apodiformes,Apodidae,Collocalia,Collocalia troglodytes
486,3601824032,URN:catalog:CLO:EBIRD:OBS1233303399,Piciformes,Megalaimidae,Psilopogon,Psilopogon haemacephalus
487,3618021338,URN:catalog:CLO:EBIRD:OBS1116026402,Passeriformes,Pycnonotidae,Pycnonotus,Pycnonotus goiavier
488,3686169525,URN:catalog:CLO:EBIRD:OBS1267079738,Coraciiformes,Alcedinidae,Todiramphus,Todiramphus chloris
489,4820771896,URN:catalog:CLO:EBIRD:OBS1726741955,Passeriformes,Dicaeidae,Dicaeum,Dicaeum australe
490,5516062165,URN:catalog:CLO:EBIRD:OBS1956776319,Passeriformes,Campephagidae,Lalage,Lalage nigra
491,4622816957,URN:catalog:CLO:EBIRD:OBS1726731390,Columbiformes,Columbidae,Geopelia,Geopelia striata
492,4324512405,URN:catalog:CLO:EBIRD:OBS1339262646,Passeriformes,Pycnonotidae,Pycnonotus,Pycnonotus goiavier
493,4644453279,URN:catalog:CLO:EBIRD:OBS1737370504,Pelecaniformes,Ardeidae,Botaurus,
494,3658741658,URN:catalog:CLO:EBIRD:OBS1278134616,Passeriformes,Passeridae,Passer,Passer montanus
495,3651860733,URN:catalog:CLO:EBIRD:OBS1140362942,Passeriformes,Sturnidae,Aplonis,Aplonis panayensis
496,4227142009,URN:catalog:CLO:EBIRD:OBS1315919486,Passeriformes,Acanthizidae,Gerygone,Gerygone sulphurea
497,4228482041,URN:catalog:CLO:EBIRD:OBS1385753891,Passeriformes,Motacillidae,Motacilla,Motacilla cinerea
498,4195496623,URN:catalog:CLO:EBIRD:OBS1357342907,Columbiformes,Columbidae,Columba,Columba livia
499,3508882808,URN:catalog:CLO:EBIRD:OBS1085779977,Gruiformes,Rallidae,Amaurornis,Amaurornis phoenicurus
500,3508029259,URN:catalog:CLO:EBIRD:OBS1073368673,Columbiformes,Columbidae,Spilopelia,Spilopelia chinensis
501,3510544674,URN:catalog:CLO:EBIRD:OBS1073368669,Passeriformes,Artamidae,Artamus,Artamus leucorhynchos
502,3655054299,URN:catalog:CLO:EBIRD:OBS1242471485,Columbiformes,Columbidae,Columba,Columba livia
503,3174281843,URN:catalog:CLO:EBIRD:OBS915795108,Passeriformes,Pycnonotidae,Pycnonotus,Pycnonotus goiavier
504,4231144218,URN:catalog:CLO:EBIRD:OBS1357358288,Passeriformes,Passeridae,Passer,Passer montanus
506,4807910134,URN:catalog:CLO:EBIRD:OBS1895417514,Columbiformes,Columbidae,Geopelia,Geopelia striata
507,3147865976,URN:catalog:CLO:EBIRD:OBS855597543,Columbiformes,Columbidae,Columba,Columba livia
508,3540398785,URN:catalog:CLO:EBIRD:OBS1121887082,Passeriformes,Rhipiduridae,Rhipidura,Rhipidura nigritorquis
510,3511124214,URN:catalog:CLO:EBIRD:OBS1095984213,Passeriformes,Passeridae,Passer,Passer montanus
511,3534301570,URN:catalog:CLO:EBIRD:OBS1111248989,Passeriformes,Dicaeidae,Dicaeum,Dicaeum australe
512,3574848462,URN:catalog:CLO:EBIRD:OBS1241362939,Passeriformes,Laniidae,Lanius,Lanius cristatus
513,4654755569,URN:catalog:CLO:EBIRD:OBS1726712706,Passeriformes,Nectariniidae,Cinnyris,Cinnyris jugularis
514,4721548169,URN:catalog:CLO:EBIRD:OBS1833420638,Passeriformes,Passeridae,Passer,Passer montanus
515,3581164941,URN:catalog:CLO:EBIRD:OBS1216853747,Passeriformes,Nectariniidae,Cinnyris,Cinnyris jugularis
516,3647266449,URN:catalog:CLO:EBIRD:OBS1219817906,Columbiformes,Columbidae,Spilopelia,Spilopelia chinensis
517,3596802575,URN:catalog:CLO:EBIRD:OBS1081535129,Passeriformes,Passeridae,Passer,Passer montanus
518,3541372566,URN:catalog:CLO:EBIRD:OBS1129473869,Columbiformes,Columbidae,Columba,Columba livia
519,3619799285,URN:catalog:CLO:EBIRD:OBS1165842387,Columbiformes,Columbidae,Spilopelia,Spilopelia chinensis
520,5345073469,URN:catalog:CLO:EBIRD:OBS1956750315,Passeriformes,Oriolidae,Oriolus,Oriolus chinensis
521,4207550855,URN:catalog:CLO:EBIRD:OBS1339265334,Passeriformes,Nectariniidae,Cinnyris,Cinnyris jugularis
522,4664614164,URN:catalog:CLO:EBIRD:OBS1639025161,Passeriformes,Oriolidae,Oriolus,Oriolus chinensis
524,5557714300,URN:catalog:CLO:EBIRD:OBS2566707211,Passeriformes,Sturnidae,Agropsar,Agropsar philippensis
525,3150974936,URN:catalog:CLO:EBIRD:OBS920391203,Columbiformes,Columbidae,Spilopelia,Spilopelia chinensis
526,3285170826,URN:catalog:CLO:EBIRD:OBS996913143,Passeriformes,Dicaeidae,Dicaeum,Dicaeum australe
527,3599496305,URN:catalog:CLO:EBIRD:OBS1103447745,Pelecaniformes,Ardeidae,Egretta,Egretta garzetta
528,3561374836,URN:catalog:CLO:EBIRD:OBS1129473866,Coraciiformes,Alcedinidae,Todiramphus,Todiramphus chloris
529,3578196537,URN:catalog:CLO:EBIRD:OBS1246521926,Passeriformes,Nectariniidae,Cinnyris,Cinnyris jugularis
530,4698332483,URN:catalog:CLO:EBIRD:OBS1639025777,Passeriformes,Laniidae,Lanius,Lanius cristatus
532,4609699819,URN:catalog:CLO:EBIRD:OBS1800847856,Columbiformes,Columbidae,Spilopelia,Spilopelia chinensis
533,4342732736,URN:catalog:CLO:EBIRD:OBS1479578041,Passeriformes,Rhipiduridae,Rhipidura,Rhipidura nigritorquis
534,5522040551,URN:catalog:CLO:EBIRD:OBS1956764494,Coraciiformes,Alcedinidae,Todiramphus,Todiramphus chloris
535,3152909820,URN:catalog:CLO:EBIRD:OBS917191082,Piciformes,Megalaimidae,Psilopogon,Psilopogon haemacephalus
537,3551704854,URN:catalog:CLO:EBIRD:OBS1073190941,Columbiformes,Columbidae,Columba,Columba livia
538,3628659521,URN:catalog:CLO:EBIRD:OBS1145763445,Piciformes,Picidae,Yungipicus,Yungipicus maculatus
539,3629261578,URN:catalog:CLO:EBIRD:OBS1220882731,Passeriformes,Passeridae,Passer,Passer montanus
540,5578200686,URN:catalog:CLO:EBIRD:OBS2552281874,Accipitriformes,Accipitridae,Spilornis,Spilornis holospilus
541,3638194015,URN:catalog:CLO:EBIRD:OBS1222162986,Apodiformes,Apodidae,Collocalia,Collocalia troglodytes
543,5587491459,URN:catalog:CLO:EBIRD:OBS2527578498,Passeriformes,Pycnonotidae,Pycnonotus,Pycnonotus goiavier
544,5647833488,URN:catalog:CLO:EBIRD:OBS2540247942,Coraciiformes,Alcedinidae,Todiramphus,Todiramphus chloris
545,3691122056,URN:catalog:CLO:EBIRD:OBS1267079744,Passeriformes,Sturnidae,Aplonis,Aplonis panayensis
546,4300769963,URN:catalog:CLO:EBIRD:OBS1430310168,Passeriformes,Estrildidae,Lonchura,Lonchura punctulata
547,4364653351,URN:catalog:CLO:EBIRD:OBS1385753895,Passeriformes,Oriolidae,Oriolus,Oriolus chinensis
550,3243881951,URN:catalog:CLO:EBIRD:OBS862813322,Passeriformes,Campephagidae,Lalage,Lalage nigra
551,4648066727,URN:catalog:CLO:EBIRD:OBS1837039406,Columbiformes,Columbidae,Geopelia,Geopelia striata
552,3512271802,URN:catalog:CLO:EBIRD:OBS1111248992,Columbiformes,Columbidae,Spilopelia,Spilopelia chinensis
553,3513277960,URN:catalog:CLO:EBIRD:OBS1111248994,Pelecaniformes,Ardeidae,Nycticorax,Nycticorax caledonicus
555,4214204108,URN:catalog:CLO:EBIRD:OBS1361347059,Passeriformes,Rhipiduridae,Rhipidura,Rhipidura nigritorquis
556,3581186130,URN:catalog:CLO:EBIRD:OBS1233284425,Passeriformes,Passeridae,Passer,Passer montanus
557,4317508157,URN:catalog:CLO:EBIRD:OBS1320624412,Passeriformes,Laniidae,Lanius,Lanius cristatus
558,5357357587,URN:catalog:CLO:EBIRD:OBS2370318778,Columbiformes,Columbidae,Columba,Columba livia
559,3657724199,URN:catalog:CLO:EBIRD:OBS1234561855,Passeriformes,Sturnidae,Aplonis,Aplonis panayensis
561,4824640121,URN:catalog:CLO:EBIRD:OBS1924803385,Apodiformes,Apodidae,Collocalia,Collocalia marginata
562,3691798655,URN:catalog:CLO:EBIRD:OBS1116027946,Coraciiformes,Alcedinidae,Todiramphus,Todiramphus chloris
563,3638911577,URN:catalog:CLO:EBIRD:OBS1222162984,Piciformes,Picidae,Yungipicus,Yungipicus maculatus
564,3686608973,URN:catalog:CLO:EBIRD:OBS1251721840,Coraciiformes,Alcedinidae,Alcedo,Alcedo atthis
565,5393363406,URN:catalog:CLO:EBIRD:OBS1956776300,Psittaciformes,Psittacidae,Loriculus,Loriculus philippensis
566,5609937732,URN:catalog:CLO:EBIRD:OBS1956776298,Columbiformes,Columbidae,Geopelia,Geopelia striata
568,4659824732,URN:catalog:CLO:EBIRD:OBS1895417508,Coraciiformes,Alcedinidae,Todiramphus,Todiramphus chloris
569,4278148861,URN:catalog:CLO:EBIRD:OBS1429752895,Passeriformes,Zosteropidae,Zosterops,Zosterops meyeni
571,4211788728,URN:catalog:CLO:EBIRD:OBS1357342911,Passeriformes,Zosteropidae,Zosterops,Zosterops meyeni
572,3588616640,URN:catalog:CLO:EBIRD:OBS1091761603,Passeriformes,Corvidae,Corvus,
573,3666299328,URN:catalog:CLO:EBIRD:OBS1119956131,Passeriformes,Acanthizidae,Gerygone,Gerygone sulphurea
574,4358963317,URN:catalog:CLO:EBIRD:OBS1471809735,Passeriformes,Acanthizidae,Gerygone,Gerygone sulphurea
575,3669276890,URN:catalog:CLO:EBIRD:OBS1121876298,Coraciiformes,Meropidae,Merops,Merops philippinus
576,4198358358,URN:catalog:CLO:EBIRD:OBS1339265337,Passeriformes,Acanthizidae,Gerygone,Gerygone sulphurea
577,3547337093,URN:catalog:CLO:EBIRD:OBS1266508562,Columbiformes,Columbidae,Geopelia,Geopelia striata
578,3270558063,URN:catalog:CLO:EBIRD:OBS917442667,Psittaciformes,Psittacidae,Loriculus,Loriculus philippensis
579,3589821082,URN:catalog:CLO:EBIRD:OBS1099637910,Passeriformes,Hirundinidae,Hirundo,Hirundo rustica
580,3675467232,URN:catalog:CLO:EBIRD:OBS1117992332,Passeriformes,Laniidae,Lanius,Lanius cristatus
581,4222888513,URN:catalog:CLO:EBIRD:OBS1518646405,Piciformes,Megalaimidae,Psilopogon,Psilopogon haemacephalus
583,3593519865,URN:catalog:CLO:EBIRD:OBS1132503820,Psittaciformes,Psittacidae,Loriculus,Loriculus philippensis
585,4317988011,URN:catalog:CLO:EBIRD:OBS1429755155,Passeriformes,Pycnonotidae,Pycnonotus,Pycnonotus goiavier
586,3205520360,URN:catalog:CLO:EBIRD:OBS1008206974,Piciformes,Picidae,Yungipicus,Yungipicus maculatus
587,3588908090,URN:catalog:CLO:EBIRD:OBS1086333256,Passeriformes,Laniidae,Lanius,Lanius cristatus
588,3662026312,URN:catalog:CLO:EBIRD:OBS1274963879,Coraciiformes,Alcedinidae,Alcedo,Alcedo atthis
589,3591987965,URN:catalog:CLO:EBIRD:OBS1111341790,Passeriformes,Passeridae,Passer,Passer montanus
590,3538762470,URN:catalog:CLO:EBIRD:OBS1274966286,Pelecaniformes,Ardeidae,Nycticorax,Nycticorax nycticorax
591,3678437722,URN:catalog:CLO:EBIRD:OBS1073188627,Psittaciformes,Psittacidae,Loriculus,Loriculus philippensis
592,3638198058,URN:catalog:CLO:EBIRD:OBS1212607148,Passeriformes,Pycnonotidae,Pycnonotus,Pycnonotus goiavier
593,4184022410,URN:catalog:CLO:EBIRD:OBS1313293448,Gruiformes,Rallidae,Amaurornis,Amaurornis phoenicurus
594,4213078211,URN:catalog:CLO:EBIRD:OBS1339265330,Passeriformes,Passeridae,Passer,Passer montanus
595,5409373058,URN:catalog:CLO:EBIRD:OBS1953183284,Passeriformes,Hirundinidae,Cecropis,Cecropis daurica
596,3621149872,URN:catalog:CLO:EBIRD:OBS1165842386,Piciformes,Megalaimidae,Psilopogon,Psilopogon haemacephalus
597,5301045937,URN:catalog:CLO:EBIRD:OBS1956775081,Passeriformes,Sturnidae,Aplonis,Aplonis panayensis
598,3229676040,URN:catalog:CLO:EBIRD:OBS933608504,Columbiformes,Columbidae,Columba,Columba livia
599,4362595933,URN:catalog:CLO:EBIRD:OBS1466546095,Passeriformes,Artamidae,Artamus,Artamus leucorhynchos
600,3505967634,URN:catalog:CLO:EBIRD:OBS1073368666,Piciformes,Picidae,Yungipicus,Yungipicus maculatus
603,4750689240,URN:catalog:CLO:EBIRD:OBS1726712711,Passeriformes,Hirundinidae,Hirundo,Hirundo javanica
604,4351247558,URN:catalog:CLO:EBIRD:OBS1470627198,Apodiformes,Apodidae,Collocalia,Collocalia marginata
606,3152072619,URN:catalog:CLO:EBIRD:OBS920391198,Passeriformes,Rhipiduridae,Rhipidura,Rhipidura nigritorquis
607,4777789548,URN:catalog:CLO:EBIRD:OBS1629820300,Passeriformes,Laniidae,Lanius,Lanius cristatus
608,5540903321,URN:catalog:CLO:EBIRD:OBS1954981489,Apodiformes,Apodidae,Collocalia,Collocalia marginata
609,3520150718,URN:catalog:CLO:EBIRD:OBS1095981548,Columbiformes,Columbidae,Columba,Columba livia
610,3159813700,URN:catalog:CLO:EBIRD:OBS934973643,Passeriformes,Passeridae,Passer,Passer montanus
611,4677840846,URN:catalog:CLO:EBIRD:OBS1639025171,Pelecaniformes,Ardeidae,Egretta,Egretta garzetta
612,4376847505,URN:catalog:CLO:EBIRD:OBS1385753884,Passeriformes,Rhipiduridae,Rhipidura,Rhipidura nigritorquis
613,4250607264,URN:catalog:CLO:EBIRD:OBS1467264193,Passeriformes,Pycnonotidae,Pycnonotus,Pycnonotus goiavier
614,3507706990,URN:catalog:CLO:EBIRD:OBS1084314128,Passeriformes,Laniidae,Lanius,Lanius cristatus
615,3649407219,URN:catalog:CLO:EBIRD:OBS1218004476,Pelecaniformes,Ardeidae,Ardea,Ardea alba
616,3687902030,URN:catalog:CLO:EBIRD:OBS1241363592,Passeriformes,Zosteropidae,Zosterops,Zosterops meyeni
617,3594273293,URN:catalog:CLO:EBIRD:OBS1091761599,Passeriformes,Passeridae,Passer,Passer montanus
618,3692403299,URN:catalog:CLO:EBIRD:OBS1241363597,Columbiformes,Columbidae,Columba,Columba livia
619,3245274877,URN:catalog:CLO:EBIRD:OBS845949794,Passeriformes,Passeridae,Passer,Passer montanus
620,3144447440,URN:catalog:CLO:EBIRD:OBS848444499,Apodiformes,Apodidae,Collocalia,Collocalia marginata
622,4662874130,URN:catalog:CLO:EBIRD:OBS1882362484,Passeriformes,Nectariniidae,Cinnyris,Cinnyris jugularis
623,4317071960,URN:catalog:CLO:EBIRD:OBS1313293439,Passeriformes,Passeridae,Passer,Passer montanus
624,3153367521,URN:catalog:CLO:EBIRD:OBS915653655,Passeriformes,Sturnidae,Aplonis,Aplonis panayensis
625,3639099003,URN:catalog:CLO:EBIRD:OBS1145763447,Pelecaniformes,Ardeidae,Egretta,Egretta garzetta
626,4207399370,URN:catalog:CLO:EBIRD:OBS1344447035,Columbiformes,Columbidae,Columba,Columba livia
627,4821050053,URN:catalog:CLO:EBIRD:OBS1726712709,Columbiformes,Columbidae,Geopelia,Geopelia striata
628,3640922771,URN:catalog:CLO:EBIRD:OBS1242471480,Columbiformes,Columbidae,Geopelia,Geopelia striata
629,3588328185,URN:catalog:CLO:EBIRD:OBS1086333257,Passeriformes,Pycnonotidae,Pycnonotus,Pycnonotus goiavier
630,3685124284,URN:catalog:CLO:EBIRD:OBS1049205937,Columbiformes,Columbidae,Geopelia,Geopelia striata
631,3693324742,URN:catalog:CLO:EBIRD:OBS1267079751,Passeriformes,Zosteropidae,Zosterops,Zosterops meyeni
632,3662983979,URN:catalog:CLO:EBIRD:OBS1242468429,Passeriformes,Pycnonotidae,Pycnonotus,Pycnonotus goiavier
633,4611383611,URN:catalog:CLO:EBIRD:OBS1835246922,Coraciiformes,Alcedinidae,Todiramphus,Todiramphus chloris
634,3290340564,URN:catalog:CLO:EBIRD:OBS1027283641,Passeriformes,Pycnonotidae,Pycnonotus,Pycnonotus goiavier
635,4217013216,URN:catalog:CLO:EBIRD:OBS1518639849,Passeriformes,Rhipiduridae,Rhipidura,Rhipidura nigritorquis
636,4751870944,URN:catalog:CLO:EBIRD:OBS1895417515,Piciformes,Megalaimidae,Psilopogon,Psilopogon haemacephalus
637,3612281373,URN:catalog:CLO:EBIRD:OBS1274963891,Passeriformes,Muscicapidae,Monticola,Monticola solitarius
638,3243736854,URN:catalog:CLO:EBIRD:OBS862792018,Passeriformes,Hirundinidae,Hirundo,Hirundo javanica
639,4664018802,URN:catalog:CLO:EBIRD:OBS1609959367,Gruiformes,Rallidae,Amaurornis,Amaurornis phoenicurus
641,5433949671,URN:catalog:CLO:EBIRD:OBS2708448627,Passeriformes,Rhipiduridae,Rhipidura,Rhipidura nigritorquis
642,3524964962,URN:catalog:CLO:EBIRD:OBS1122476004,Passeriformes,Pycnonotidae,Pycnonotus,Pycnonotus goiavier
643,3645459985,URN:catalog:CLO:EBIRD:OBS1274963888,Passeriformes,Zosteropidae,Zosterops,Zosterops meyeni
644,3541398402,URN:catalog:CLO:EBIRD:OBS1200949603,Passeriformes,Oriolidae,Oriolus,Oriolus chinensis
645,3603273215,URN:catalog:CLO:EBIRD:OBS1233303397,Passeriformes,Oriolidae,Oriolus,Oriolus chinensis
646,3654553289,URN:catalog:CLO:EBIRD:OBS1253007450,Pelecaniformes,Ardeidae,Egretta,Egretta garzetta
647,5373415677,URN:catalog:CLO:EBIRD:OBS2370318777,Passeriformes,Passeridae,Passer,Passer montanus
648,4213289416,URN:catalog:CLO:EBIRD:OBS1336401567,Passeriformes,Passeridae,Passer,Passer montanus
649,3595939886,URN:catalog:CLO:EBIRD:OBS1099635234,Passeriformes,Zosteropidae,Zosterops,Zosterops meyeni
651,3542288417,URN:catalog:CLO:EBIRD:OBS1251709966,Passeriformes,Sturnidae,Aplonis,Aplonis panayensis
652,3646705050,URN:catalog:CLO:EBIRD:OBS1117792176,Passeriformes,Laniidae,Lanius,Lanius cristatus
653,3638154989,URN:catalog:CLO:EBIRD:OBS1220882732,Passeriformes,Acanthizidae,Gerygone,Gerygone sulphurea
654,4257833287,URN:catalog:CLO:EBIRD:OBS1518639847,Columbiformes,Columbidae,Geopelia,Geopelia striata
655,3158289788,URN:catalog:CLO:EBIRD:OBS915653649,Piciformes,Picidae,Yungipicus,Yungipicus maculatus
657,3136718009,URN:catalog:CLO:EBIRD:OBS865790462,Passeriformes,Nectariniidae,Cinnyris,Cinnyris jugularis
658,4674560357,URN:catalog:CLO:EBIRD:OBS1737370488,Coraciiformes,Alcedinidae,Todiramphus,Todiramphus chloris
659,3546421844,URN:catalog:CLO:EBIRD:OBS1266508550,Apodiformes,Apodidae,Aerodramus,Aerodramus amelis
660,5301669897,URN:catalog:CLO:EBIRD:OBS2540247932,Pelecaniformes,Ardeidae,Butorides,Butorides striata
661,4628150617,URN:catalog:CLO:EBIRD:OBS1726714926,Passeriformes,Nectariniidae,Cinnyris,Cinnyris jugularis
662,3256805380,URN:catalog:CLO:EBIRD:OBS998236725,Passeriformes,Rhipiduridae,Rhipidura,Rhipidura nigritorquis
663,3614287114,URN:catalog:CLO:EBIRD:OBS1116026411,Piciformes,Megalaimidae,Psilopogon,Psilopogon haemacephalus
664,3524435602,URN:catalog:CLO:EBIRD:OBS1098562090,Piciformes,Megalaimidae,Psilopogon,Psilopogon haemacephalus
665,3655071760,URN:catalog:CLO:EBIRD:OBS1220882759,Pelecaniformes,Ardeidae,Egretta,Egretta garzetta
666,3626575058,URN:catalog:CLO:EBIRD:OBS1095329833,Passeriformes,Sturnidae,Aplonis,Aplonis panayensis
667,4196429094,URN:catalog:CLO:EBIRD:OBS1344442081,Passeriformes,Acanthizidae,Gerygone,Gerygone sulphurea
668,3512878642,URN:catalog:CLO:EBIRD:OBS1083431459,Columbiformes,Columbidae,Spilopelia,Spilopelia chinensis
669,3655946646,URN:catalog:CLO:EBIRD:OBS1140362938,Passeriformes,Nectariniidae,Cinnyris,Cinnyris jugularis
670,3658681751,URN:catalog:CLO:EBIRD:OBS1140362946,Passeriformes,Oriolidae,Oriolus,Oriolus chinensis
671,5327477768,URN:catalog:CLO:EBIRD:OBS2540247945,Passeriformes,Sturnidae,Aplonis,Aplonis panayensis
673,4389435519,URN:catalog:CLO:EBIRD:OBS1389690041,Columbiformes,Columbidae,Columba,Columba livia
674,3534272339,URN:catalog:CLO:EBIRD:OBS1200949601,Passeriformes,Pycnonotidae,Pycnonotus,Pycnonotus goiavier
675,3663988536,URN:catalog:CLO:EBIRD:OBS1082880920,Passeriformes,Muscicapidae,Copsychus,Copsychus mindanensis
676,3507765667,URN:catalog:CLO:EBIRD:OBS1085779978,Columbiformes,Columbidae,Geopelia,Geopelia striata
677,3658737309,URN:catalog:CLO:EBIRD:OBS1220882736,Piciformes,Picidae,Yungipicus,Yungipicus maculatus
678,3248722994,URN:catalog:CLO:EBIRD:OBS862792022,Apodiformes,Apodidae,Collocalia,Collocalia marginata
679,4307648184,URN:catalog:CLO:EBIRD:OBS1392628310,Apodiformes,Apodidae,Collocalia,Collocalia marginata
680,4804787429,URN:catalog:CLO:EBIRD:OBS1674842732,Columbiformes,Columbidae,Geopelia,Geopelia striata
681,3533381118,URN:catalog:CLO:EBIRD:OBS1200949599,Columbiformes,Columbidae,Geopelia,Geopelia striata
682,3301027203,URN:catalog:CLO:EBIRD:OBS1011600868,Passeriformes,Oriolidae,Oriolus,Oriolus chinensis
683,3527218055,URN:catalog:CLO:EBIRD:OBS1093523352,Passeriformes,Pycnonotidae,Pycnonotus,Pycnonotus goiavier
684,3578475022,URN:catalog:CLO:EBIRD:OBS1237382186,Apodiformes,Apodidae,Collocalia,Collocalia troglodytes
686,4252248065,URN:catalog:CLO:EBIRD:OBS1392628309,Passeriformes,Passeridae,Passer,Passer montanus
687,3688596250,URN:catalog:CLO:EBIRD:OBS1117823909,Passeriformes,Passeridae,Passer,Passer montanus
688,4725342882,URN:catalog:CLO:EBIRD:OBS1837252365,Passeriformes,Sturnidae,Aplonis,Aplonis panayensis
689,3242065010,URN:catalog:CLO:EBIRD:OBS862813320,Columbiformes,Columbidae,Geopelia,Geopelia striata
690,3288993964,URN:catalog:CLO:EBIRD:OBS1004885102,Passeriformes,Sturnidae,Aplonis,Aplonis panayensis
691,3518652172,URN:catalog:CLO:EBIRD:OBS1093523355,Passeriformes,Muscicapidae,Copsychus,Copsychus mindanensis
692,4313014909,URN:catalog:CLO:EBIRD:OBS1315919484,Passeriformes,Pycnonotidae,Pycnonotus,Pycnonotus goiavier
693,4834333754,URN:catalog:CLO:EBIRD:OBS1726712622,Gruiformes,Rallidae,Amaurornis,Amaurornis phoenicurus
694,3514427707,URN:catalog:CLO:EBIRD:OBS1073368660,Passeriformes,Pycnonotidae,Pycnonotus,Pycnonotus goiavier
695,3589809176,URN:catalog:CLO:EBIRD:OBS1099637901,Passeriformes,Pycnonotidae,Pycnonotus,Pycnonotus goiavier
696,3544394883,URN:catalog:CLO:EBIRD:OBS1117813317,Columbiformes,Columbidae,Geopelia,Geopelia striata
698,4624561144,URN:catalog:CLO:EBIRD:OBS1738931603,Passeriformes,Artamidae,Artamus,Artamus leucorhynchos
699,3693069617,URN:catalog:CLO:EBIRD:OBS1246521778,Passeriformes,Laniidae,Lanius,Lanius cristatus
700,4676128505,URN:catalog:CLO:EBIRD:OBS1597543440,Columbiformes,Columbidae,Geopelia,Geopelia striata
701,3239460025,URN:catalog:CLO:EBIRD:OBS862813318,Passeriformes,Acanthizidae,Gerygone,Gerygone sulphurea
702,3141468822,URN:catalog:CLO:EBIRD:OBS870451558,Passeriformes,Oriolidae,Oriolus,Oriolus chinensis
703,3655697593,URN:catalog:CLO:EBIRD:OBS1082880918,Passeriformes,Zosteropidae,Zosterops,Zosterops meyeni
704,3672632813,URN:catalog:CLO:EBIRD:OBS1094481640,Passeriformes,Sturnidae,Aplonis,Aplonis panayensis
705,3644763524,URN:catalog:CLO:EBIRD:OBS1278134618,Passeriformes,Rhipiduridae,Rhipidura,Rhipidura nigritorquis
706,4186128958,URN:catalog:CLO:EBIRD:OBS1320625192,Gruiformes,Rallidae,Amaurornis,Amaurornis phoenicurus
707,4330697328,URN:catalog:CLO:EBIRD:OBS1324149698,Piciformes,Picidae,Yungipicus,Yungipicus maculatus
708,5451752404,URN:catalog:CLO:EBIRD:OBS2220359430,Passeriformes,Zosteropidae,Zosterops,Zosterops meyeni
709,3235064992,URN:catalog:CLO:EBIRD:OBS922352521,Passeriformes,Oriolidae,Oriolus,Oriolus chinensis
710,4695451919,URN:catalog:CLO:EBIRD:OBS1609959365,Passeriformes,Nectariniidae,Cinnyris,Cinnyris jugularis
711,3599375816,URN:catalog:CLO:EBIRD:OBS1192335777,Passeriformes,Passeridae,Passer,Passer montanus
712,3552973893,URN:catalog:CLO:EBIRD:OBS1224434991,Pelecaniformes,Ardeidae,Egretta,Egretta garzetta
713,3647842736,URN:catalog:CLO:EBIRD:OBS1140362941,Passeriformes,Pycnonotidae,Pycnonotus,Pycnonotus goiavier
714,4248242272,URN:catalog:CLO:EBIRD:OBS1339265336,Passeriformes,Dicaeidae,Dicaeum,Dicaeum australe
715,5620175235,URN:catalog:CLO:EBIRD:OBS1956775079,Pelecaniformes,Ardeidae,Egretta,Egretta garzetta
716,4322576158,URN:catalog:CLO:EBIRD:OBS1509740665,Pelecaniformes,Ardeidae,Nycticorax,Nycticorax nycticorax
717,3172133574,URN:catalog:CLO:EBIRD:OBS915653924,Columbiformes,Columbidae,Spilopelia,Spilopelia chinensis
718,3581029605,URN:catalog:CLO:EBIRD:OBS1237382187,Passeriformes,Acanthizidae,Gerygone,Gerygone sulphurea
719,4220372888,URN:catalog:CLO:EBIRD:OBS1357358296,Piciformes,Megalaimidae,Psilopogon,Psilopogon haemacephalus
720,3637444765,URN:catalog:CLO:EBIRD:OBS1079353642,Passeriformes,Passeridae,Passer,Passer montanus
721,3177814792,URN:catalog:CLO:EBIRD:OBS917191083,Passeriformes,Sturnidae,Aplonis,Aplonis panayensis
722,3592106257,URN:catalog:CLO:EBIRD:OBS1116028574,Passeriformes,Oriolidae,Oriolus,Oriolus chinensis
723,3655157661,URN:catalog:CLO:EBIRD:OBS1267078229,Psittaciformes,Psittacidae,Loriculus,Loriculus philippensis
724,4707753618,URN:catalog:CLO:EBIRD:OBS1630537591,Passeriformes,Rhipiduridae,Rhipidura,Rhipidura nigritorquis
725,4331479489,URN:catalog:CLO:EBIRD:OBS1477838896,Columbiformes,Columbidae,Geopelia,Geopelia striata
727,3592417132,URN:catalog:CLO:EBIRD:OBS1119129881,Passeriformes,Laniidae,Lanius,Lanius cristatus
728,3534263328,URN:catalog:CLO:EBIRD:OBS1149758248,Passeriformes,Laniidae,Lanius,Lanius cristatus
729,3584376629,URN:catalog:CLO:EBIRD:OBS1246521935,Passeriformes,Muscicapidae,Copsychus,Copsychus mindanensis
730,3660080251,URN:catalog:CLO:EBIRD:OBS1278134614,Pelecaniformes,Ardeidae,Egretta,Egretta garzetta
731,3690280587,URN:catalog:CLO:EBIRD:OBS1116027945,Pelecaniformes,Ardeidae,Egretta,Egretta garzetta
732,3649886435,URN:catalog:CLO:EBIRD:OBS1267078230,Passeriformes,Rhipiduridae,Rhipidura,Rhipidura nigritorquis
733,4354443081,URN:catalog:CLO:EBIRD:OBS1587381486,Piciformes,Picidae,Yungipicus,Yungipicus maculatus
734,4206467546,URN:catalog:CLO:EBIRD:OBS1430311531,Passeriformes,Corvidae,Corvus,
735,5378729552,URN:catalog:CLO:EBIRD:OBS2218373314,Passeriformes,Passeridae,Passer,Passer montanus
736,3654637058,URN:catalog:CLO:EBIRD:OBS1192868431,Pelecaniformes,Ardeidae,Egretta,Egretta garzetta
737,4320569348,URN:catalog:CLO:EBIRD:OBS1587381485,Passeriformes,Passeridae,Passer,Passer montanus
738,3612995662,URN:catalog:CLO:EBIRD:OBS1274963893,Passeriformes,Passeridae,Passer,Passer montanus
739,4300355548,URN:catalog:CLO:EBIRD:OBS1339270378,Passeriformes,Sturnidae,Aplonis,Aplonis panayensis
740,3687854456,URN:catalog:CLO:EBIRD:OBS1117992354,Columbiformes,Columbidae,Columba,Columba livia
741,4196025074,URN:catalog:CLO:EBIRD:OBS1323152444,Passeriformes,Motacillidae,Motacilla,Motacilla cinerea
742,4307517994,URN:catalog:CLO:EBIRD:OBS1331007137,Piciformes,Picidae,Yungipicus,Yungipicus maculatus
743,4777698872,URN:catalog:CLO:EBIRD:OBS1882512222,Passeriformes,Sturnidae,Aplonis,Aplonis panayensis
744,3160839643,URN:catalog:CLO:EBIRD:OBS934973639,Passeriformes,Rhipiduridae,Rhipidura,Rhipidura nigritorquis
745,3300817200,URN:catalog:CLO:EBIRD:OBS1011600865,Columbiformes,Columbidae,Geopelia,Geopelia striata
746,4702784488,URN:catalog:CLO:EBIRD:OBS1794104836,Passeriformes,Corvidae,Corvus,
747,3508367615,URN:catalog:CLO:EBIRD:OBS1054332203,Passeriformes,Passeridae,Passer,Passer montanus
748,3690469658,URN:catalog:CLO:EBIRD:OBS1267079743,Passeriformes,Motacillidae,Motacilla,Motacilla cinerea
749,4297754753,URN:catalog:CLO:EBIRD:OBS1324153261,Passeriformes,Corvidae,Corvus,
751,3154679777,URN:catalog:CLO:EBIRD:OBS917191085,Passeriformes,Corvidae,Corvus,
752,3234340877,URN:catalog:CLO:EBIRD:OBS845949801,Columbiformes,Columbidae,Spilopelia,Spilopelia chinensis
753,4823943110,URN:catalog:CLO:EBIRD:OBS1721892643,Coraciiformes,Alcedinidae,Todiramphus,Todiramphus chloris
754,5326883914,URN:catalog:CLO:EBIRD:OBS1956750322,Passeriformes,Rhipiduridae,Rhipidura,Rhipidura nigritorquis
755,3668534307,URN:catalog:CLO:EBIRD:OBS1241360930,Passeriformes,Rhipiduridae,Rhipidura,Rhipidura nigritorquis
756,3533406346,URN:catalog:CLO:EBIRD:OBS1129093314,Columbiformes,Columbidae,Geopelia,Geopelia striata
757,4824705869,URN:catalog:CLO:EBIRD:OBS1726712554,Passeriformes,Oriolidae,Oriolus,Oriolus chinensis
758,3576171645,URN:catalog:CLO:EBIRD:OBS1237382194,Passeriformes,Oriolidae,Oriolus,Oriolus chinensis
759,4783460683,URN:catalog:CLO:EBIRD:OBS1639025784,Passeriformes,Dicaeidae,Dicaeum,Dicaeum australe
760,3646024546,URN:catalog:CLO:EBIRD:OBS1145763448,Psittaciformes,Psittacidae,Loriculus,Loriculus philippensis
761,3589839198,URN:catalog:CLO:EBIRD:OBS1082871772,Columbiformes,Columbidae,Geopelia,Geopelia striata
763,3534874192,URN:catalog:CLO:EBIRD:OBS1200949594,Passeriformes,Acanthizidae,Gerygone,Gerygone sulphurea
765,3615995258,URN:catalog:CLO:EBIRD:OBS1132503818,Columbiformes,Columbidae,Geopelia,Geopelia striata
766,3674771461,URN:catalog:CLO:EBIRD:OBS1193427445,Passeriformes,Passeridae,Passer,Passer montanus
767,4197678949,URN:catalog:CLO:EBIRD:OBS1324149701,Passeriformes,Estrildidae,Lonchura,Lonchura atricapilla
768,4260936020,URN:catalog:CLO:EBIRD:OBS1467264194,Columbiformes,Columbidae,Columba,Columba livia
769,4239292560,URN:catalog:CLO:EBIRD:OBS1509740660,Passeriformes,Acanthizidae,Gerygone,Gerygone sulphurea
770,3242799514,URN:catalog:CLO:EBIRD:OBS915635962,Passeriformes,Nectariniidae,Cinnyris,Cinnyris jugularis
771,3673789331,URN:catalog:CLO:EBIRD:OBS1119956128,Passeriformes,Nectariniidae,Cinnyris,Cinnyris jugularis
773,3658036890,URN:catalog:CLO:EBIRD:OBS1278134619,Coraciiformes,Alcedinidae,Alcedo,Alcedo atthis
774,3618380945,URN:catalog:CLO:EBIRD:OBS1119129889,Columbiformes,Columbidae,Columba,Columba livia
775,3137410897,URN:catalog:CLO:EBIRD:OBS870451554,Passeriformes,Pycnonotidae,Pycnonotus,Pycnonotus goiavier
776,5657959861,URN:catalog:CLO:EBIRD:OBS2431090531,Piciformes,Megalaimidae,Psilopogon,Psilopogon haemacephalus
777,5512594859,URN:catalog:CLO:EBIRD:OBS2040682526,Passeriformes,Hirundinidae,Hirundo,Hirundo javanica
779,5403902437,URN:catalog:CLO:EBIRD:OBS2431090543,Passeriformes,Estrildidae,Lonchura,Lonchura atricapilla
780,4271281918,URN:catalog:CLO:EBIRD:OBS1385753877,Passeriformes,Hirundinidae,Hirundo,Hirundo javanica
781,4336585149,URN:catalog:CLO:EBIRD:OBS1357358310,Columbiformes,Columbidae,Columba,Columba livia
782,3516212818,URN:catalog:CLO:EBIRD:OBS1073368670,Columbiformes,Columbidae,Columba,Columba livia
783,4378425850,URN:catalog:CLO:EBIRD:OBS1470627201,Passeriformes,Acanthizidae,Gerygone,Gerygone sulphurea
784,5337550421,URN:catalog:CLO:EBIRD:OBS2708448628,Passeriformes,Passeridae,Passer,Passer montanus
785,4661924886,URN:catalog:CLO:EBIRD:OBS1609959366,Passeriformes,Oriolidae,Oriolus,Oriolus chinensis
786,3676119817,URN:catalog:CLO:EBIRD:OBS1121865208,Accipitriformes,Pandionidae,Pandion,Pandion haliaetus
787,3543220754,URN:catalog:CLO:EBIRD:OBS1129473868,Passeriformes,Rhipiduridae,Rhipidura,Rhipidura nigritorquis
788,3669242440,URN:catalog:CLO:EBIRD:OBS1073188633,Passeriformes,Zosteropidae,Zosterops,Zosterops meyeni
789,3240673956,URN:catalog:CLO:EBIRD:OBS933608503,Passeriformes,Rhipiduridae,Rhipidura,Rhipidura nigritorquis
791,3505643478,URN:catalog:CLO:EBIRD:OBS1054332211,Psittaciformes,Psittacidae,Loriculus,Loriculus philippensis
792,3531190252,URN:catalog:CLO:EBIRD:OBS1251709968,Passeriformes,Campephagidae,Lalage,Lalage nigra
793,4337964907,URN:catalog:CLO:EBIRD:OBS1518646418,Psittaciformes,Psittacidae,Loriculus,Loriculus philippensis
794,3640501080,URN:catalog:CLO:EBIRD:OBS1241363021,Passeriformes,Oriolidae,Oriolus,Oriolus chinensis
795,5662295678,URN:catalog:CLO:EBIRD:OBS2552281872,Pelecaniformes,Ardeidae,Nycticorax,Nycticorax nycticorax
796,4748302693,URN:catalog:CLO:EBIRD:OBS1895420882,Passeriformes,Pycnonotidae,Pycnonotus,Pycnonotus goiavier
797,5531656941,URN:catalog:CLO:EBIRD:OBS1956776317,Psittaciformes,Psittacidae,Loriculus,Loriculus philippensis
798,3599319588,URN:catalog:CLO:EBIRD:OBS1086340980,Passeriformes,Rhipiduridae,Rhipidura,Rhipidura nigritorquis
799,3290408975,URN:catalog:CLO:EBIRD:OBS1000064001,Passeriformes,Laniidae,Lanius,Lanius cristatus
800,3552496489,URN:catalog:CLO:EBIRD:OBS1117989318,Passeriformes,Acanthizidae,Gerygone,Gerygone sulphurea
801,3548896495,URN:catalog:CLO:EBIRD:OBS1266508557,Coraciiformes,Alcedinidae,Todiramphus,Todiramphus chloris
802,3225170266,URN:catalog:CLO:EBIRD:OBS854896563,Passeriformes,Passeridae,Passer,Passer montanus
803,4774718220,URN:catalog:CLO:EBIRD:OBS1780341739,Passeriformes,Campephagidae,Lalage,Lalage nigra
804,5425496159,URN:catalog:CLO:EBIRD:OBS1951483892,Apodiformes,Apodidae,Aerodramus,Aerodramus amelis
805,3190933062,URN:catalog:CLO:EBIRD:OBS1014073111,Passeriformes,Rhipiduridae,Rhipidura,Rhipidura nigritorquis
806,3603010121,URN:catalog:CLO:EBIRD:OBS1103447736,Passeriformes,Nectariniidae,Cinnyris,Cinnyris jugularis
807,4201786802,URN:catalog:CLO:EBIRD:OBS1350512003,Gruiformes,Rallidae,Amaurornis,Amaurornis phoenicurus
808,3528724187,URN:catalog:CLO:EBIRD:OBS1099641327,Columbiformes,Columbidae,Columba,Columba livia
809,3666904663,URN:catalog:CLO:EBIRD:OBS1073188631,Passeriformes,Oriolidae,Oriolus,Oriolus chinensis
810,3637644656,URN:catalog:CLO:EBIRD:OBS1212600397,Passeriformes,Sturnidae,Aplonis,Aplonis panayensis
811,4313257820,URN:catalog:CLO:EBIRD:OBS1357342912,Passeriformes,Nectariniidae,Cinnyris,Cinnyris jugularis
812,5490290145,URN:catalog:CLO:EBIRD:OBS2431090538,Psittaciformes,Psittacidae,Loriculus,Loriculus philippensis
813,3512086182,URN:catalog:CLO:EBIRD:OBS1051844883,Apodiformes,Apodidae,Collocalia,Collocalia marginata
815,3298879454,URN:catalog:CLO:EBIRD:OBS865788039,Columbiformes,Columbidae,Spilopelia,Spilopelia chinensis
818,3150933679,URN:catalog:CLO:EBIRD:OBS917194953,Passeriformes,Acanthizidae,Gerygone,Gerygone sulphurea
819,3541601816,URN:catalog:CLO:EBIRD:OBS1086353727,Columbiformes,Columbidae,Columba,Columba livia
820,3675467011,URN:catalog:CLO:EBIRD:OBS1117832744,Passeriformes,Nectariniidae,Cinnyris,Cinnyris jugularis
822,5367897330,URN:catalog:CLO:EBIRD:OBS1956772192,Passeriformes,Nectariniidae,Cinnyris,Cinnyris jugularis
823,5546010845,URN:catalog:CLO:EBIRD:OBS1956773900,Passeriformes,Nectariniidae,Cinnyris,Cinnyris jugularis
824,3682779669,URN:catalog:CLO:EBIRD:OBS1122473258,Pelecaniformes,Ardeidae,Egretta,Egretta garzetta
825,4194433576,URN:catalog:CLO:EBIRD:OBS1320624419,Coraciiformes,Alcedinidae,Todiramphus,Todiramphus chloris
826,4329506875,URN:catalog:CLO:EBIRD:OBS1357342921,Passeriformes,Acanthizidae,Gerygone,Gerygone sulphurea
827,4774716318,URN:catalog:CLO:EBIRD:OBS1639025163,Passeriformes,Pycnonotidae,Pycnonotus,Pycnonotus goiavier
829,5437110522,URN:catalog:CLO:EBIRD:OBS2527578499,Apodiformes,Apodidae,Collocalia,Collocalia marginata
830,3642026239,URN:catalog:CLO:EBIRD:OBS1242471482,Passeriformes,Laniidae,Lanius,Lanius cristatus
831,3231846831,URN:catalog:CLO:EBIRD:OBS933608508,Passeriformes,Campephagidae,Lalage,Lalage nigra
832,3174227735,URN:catalog:CLO:EBIRD:OBS915795109,Columbiformes,Columbidae,Geopelia,Geopelia striata
833,3685532398,URN:catalog:CLO:EBIRD:OBS1216850945,Passeriformes,Acanthizidae,Gerygone,Gerygone sulphurea
834,3631207991,URN:catalog:CLO:EBIRD:OBS1132503803,Passeriformes,Passeridae,Passer,Passer montanus
835,3675429909,URN:catalog:CLO:EBIRD:OBS1073180554,Columbiformes,Columbidae,Columba,Columba livia
836,4707660943,URN:catalog:CLO:EBIRD:OBS1639025160,Columbiformes,Columbidae,Geopelia,Geopelia striata
837,3273740012,URN:catalog:CLO:EBIRD:OBS862792023,Columbiformes,Columbidae,Columba,Columba livia
838,3183873747,URN:catalog:CLO:EBIRD:OBS976509747,Columbiformes,Columbidae,Geopelia,Geopelia striata
839,5556225642,URN:catalog:CLO:EBIRD:OBS2993223181,Pelecaniformes,Ardeidae,Egretta,Egretta intermedia
840,3188135472,URN:catalog:CLO:EBIRD:OBS1008206962,Passeriformes,Pycnonotidae,Pycnonotus,Pycnonotus goiavier
841,4294199547,URN:catalog:CLO:EBIRD:OBS1313289256,Piciformes,Megalaimidae,Psilopogon,Psilopogon haemacephalus
842,4713433224,URN:catalog:CLO:EBIRD:OBS1651041427,Passeriformes,Laniidae,Lanius,Lanius cristatus
843,4650292467,URN:catalog:CLO:EBIRD:OBS1597543436,Passeriformes,Rhipiduridae,Rhipidura,Rhipidura nigritorquis
844,4302371658,URN:catalog:CLO:EBIRD:OBS1320616447,Passeriformes,Pycnonotidae,Pycnonotus,Pycnonotus goiavier
845,3620008483,URN:catalog:CLO:EBIRD:OBS1165842385,Columbiformes,Columbidae,Geopelia,Geopelia striata
846,3136811618,URN:catalog:CLO:EBIRD:OBS870451560,Psittaciformes,Psittacidae,Loriculus,Loriculus philippensis
848,3227647214,URN:catalog:CLO:EBIRD:OBS922352524,Passeriformes,Nectariniidae,Cinnyris,Cinnyris jugularis
849,5343034960,URN:catalog:CLO:EBIRD:OBS2431090529,Passeriformes,Nectariniidae,Cinnyris,Cinnyris jugularis
850,4650651826,URN:catalog:CLO:EBIRD:OBS1853813275,Passeriformes,Laniidae,Lanius,Lanius cristatus
851,3587837316,URN:catalog:CLO:EBIRD:OBS1084314136,Passeriformes,Rhipiduridae,Rhipidura,Rhipidura nigritorquis
852,3634808104,URN:catalog:CLO:EBIRD:OBS1242462496,Coraciiformes,Alcedinidae,Todiramphus,Todiramphus chloris
853,3509362981,URN:catalog:CLO:EBIRD:OBS1094481661,Columbiformes,Columbidae,Columba,Columba livia
854,4682479577,URN:catalog:CLO:EBIRD:OBS1853007225,Passeriformes,Laniidae,Lanius,Lanius cristatus
855,4745151761,URN:catalog:CLO:EBIRD:OBS1951648812,Passeriformes,Dicaeidae,Dicaeum,Dicaeum australe
856,3599344063,URN:catalog:CLO:EBIRD:OBS1114410061,Passeriformes,Nectariniidae,Cinnyris,Cinnyris jugularis
857,3693888422,URN:catalog:CLO:EBIRD:OBS1241363599,Passeriformes,Acanthizidae,Gerygone,Gerygone sulphurea
859,3624103026,URN:catalog:CLO:EBIRD:OBS1111245693,Psittaciformes,Psittacidae,Loriculus,Loriculus philippensis
860,3687360480,URN:catalog:CLO:EBIRD:OBS1267079731,Passeriformes,Nectariniidae,Cinnyris,Cinnyris jugularis
861,3174227539,URN:catalog:CLO:EBIRD:OBS915645736,Passeriformes,Sturnidae,Aplonis,Aplonis panayensis
862,3603846650,URN:catalog:CLO:EBIRD:OBS1192335795,Passeriformes,Sturnidae,Aplonis,Aplonis panayensis
863,4823858769,URN:catalog:CLO:EBIRD:OBS1726712715,Columbiformes,Columbidae,Spilopelia,Spilopelia chinensis
864,5491097406,URN:catalog:CLO:EBIRD:OBS2540247937,Psittaciformes,Psittacidae,Loriculus,Loriculus philippensis
865,4711925692,URN:catalog:CLO:EBIRD:OBS1639029373,Passeriformes,Acanthizidae,Gerygone,Gerygone sulphurea
866,4674735101,URN:catalog:CLO:EBIRD:OBS1907598493,Passeriformes,Campephagidae,Lalage,Lalage nigra
867,3239306824,URN:catalog:CLO:EBIRD:OBS933608506,Passeriformes,Nectariniidae,Cinnyris,Cinnyris jugularis
868,4832819970,URN:catalog:CLO:EBIRD:OBS1726714920,Passeriformes,Dicaeidae,Dicaeum,Dicaeum australe
869,3574533109,URN:catalog:CLO:EBIRD:OBS1246521928,Piciformes,Picidae,Yungipicus,Yungipicus maculatus
870,3693528726,URN:catalog:CLO:EBIRD:OBS1267079734,Passeriformes,Pycnonotidae,Pycnonotus,Pycnonotus goiavier
871,4239315933,URN:catalog:CLO:EBIRD:OBS1323152448,Passeriformes,Pycnonotidae,Pycnonotus,Pycnonotus goiavier
872,3681067002,URN:catalog:CLO:EBIRD:OBS1117992346,Passeriformes,Sturnidae,Acridotheres,Acridotheres cristatellus
873,4192211845,URN:catalog:CLO:EBIRD:OBS1430311528,Passeriformes,Oriolidae,Oriolus,Oriolus chinensis
874,4205434621,URN:catalog:CLO:EBIRD:OBS1329314377,Passeriformes,Acanthizidae,Gerygone,Gerygone sulphurea
875,3297705928,URN:catalog:CLO:EBIRD:OBS1000064007,Columbiformes,Columbidae,Geopelia,Geopelia striata
876,4816483823,URN:catalog:CLO:EBIRD:OBS1726714917,Passeriformes,Pycnonotidae,Pycnonotus,Pycnonotus goiavier
877,4347228860,URN:catalog:CLO:EBIRD:OBS1392628308,Passeriformes,Pycnonotidae,Pycnonotus,Pycnonotus goiavier
878,5684524050,URN:catalog:CLO:EBIRD:OBS2431090541,Coraciiformes,Alcedinidae,Alcedo,Alcedo atthis
879,3642205743,URN:catalog:CLO:EBIRD:OBS1222162983,Passeriformes,Oriolidae,Oriolus,Oriolus chinensis
880,3684959436,URN:catalog:CLO:EBIRD:OBS1116027940,Passeriformes,Pycnonotidae,Pycnonotus,Pycnonotus goiavier
881,3538514496,URN:catalog:CLO:EBIRD:OBS1073190926,Passeriformes,Corvidae,Corvus,
882,4344661022,URN:catalog:CLO:EBIRD:OBS1518639845,Coraciiformes,Alcedinidae,Alcedo,Alcedo atthis
883,3686227888,URN:catalog:CLO:EBIRD:OBS1251721843,Columbiformes,Columbidae,Spilopelia,Spilopelia chinensis
884,4637386866,URN:catalog:CLO:EBIRD:OBS1876313495,Passeriformes,Phylloscopidae,Phylloscopus,Phylloscopus borealis
886,4736491741,URN:catalog:CLO:EBIRD:OBS1956762777,Passeriformes,Dicaeidae,Dicaeum,Dicaeum australe
887,4368618355,URN:catalog:CLO:EBIRD:OBS1475196189,Passeriformes,Passeridae,Passer,Passer montanus
888,3662816909,URN:catalog:CLO:EBIRD:OBS1253007449,Passeriformes,Sturnidae,Aplonis,Aplonis panayensis
889,3300264341,URN:catalog:CLO:EBIRD:OBS971676021,Passeriformes,Nectariniidae,Cinnyris,Cinnyris jugularis
890,4774907401,URN:catalog:CLO:EBIRD:OBS1639025165,Passeriformes,Nectariniidae,Cinnyris,Cinnyris jugularis
891,3288214759,URN:catalog:CLO:EBIRD:OBS1000064000,Passeriformes,Rhipiduridae,Rhipidura,Rhipidura nigritorquis
892,4322418166,URN:catalog:CLO:EBIRD:OBS1385753880,Piciformes,Picidae,Yungipicus,Yungipicus maculatus
893,3653522075,URN:catalog:CLO:EBIRD:OBS1117792179,Coraciiformes,Alcedinidae,Todiramphus,Todiramphus chloris
894,3658130269,URN:catalog:CLO:EBIRD:OBS1242468436,Columbiformes,Columbidae,Geopelia,Geopelia striata
895,4323509895,URN:catalog:CLO:EBIRD:OBS1350512007,Passeriformes,Nectariniidae,Cinnyris,Cinnyris jugularis
896,3274289061,URN:catalog:CLO:EBIRD:OBS1011600859,Passeriformes,Laniidae,Lanius,Lanius cristatus
897,3590067782,URN:catalog:CLO:EBIRD:OBS1098573476,Psittaciformes,Psittacidae,Loriculus,Loriculus philippensis
898,4315474001,URN:catalog:CLO:EBIRD:OBS1329314366,Passeriformes,Nectariniidae,Cinnyris,Cinnyris jugularis
899,5697908010,URN:catalog:CLO:EBIRD:OBS1956775078,Piciformes,Megalaimidae,Psilopogon,Psilopogon haemacephalus
900,4758399073,URN:catalog:CLO:EBIRD:OBS1911770373,Apodiformes,Apodidae,Collocalia,Collocalia marginata
901,4844359454,URN:catalog:CLO:EBIRD:OBS1956762783,Passeriformes,Sturnidae,Aplonis,Aplonis panayensis
902,4340613579,URN:catalog:CLO:EBIRD:OBS1509740664,Columbiformes,Columbidae,Geopelia,Geopelia striata
903,3590137039,URN:catalog:CLO:EBIRD:OBS1091761606,Passeriformes,Rhipiduridae,Rhipidura,Rhipidura nigritorquis
904,3680493850,URN:catalog:CLO:EBIRD:OBS1117992360,Passeriformes,Dicaeidae,Dicaeum,Dicaeum australe
905,3147909791,URN:catalog:CLO:EBIRD:OBS870451557,Pelecaniformes,Ardeidae,Egretta,Egretta garzetta
907,3523699029,URN:catalog:CLO:EBIRD:OBS1112488566,Passeriformes,Sturnidae,Aplonis,Aplonis panayensis
908,4205859208,URN:catalog:CLO:EBIRD:OBS1357342902,Apodiformes,Apodidae,Collocalia,Collocalia marginata
909,4293004159,URN:catalog:CLO:EBIRD:OBS1320616446,Pelecaniformes,Ardeidae,Egretta,Egretta garzetta
910,3545093739,URN:catalog:CLO:EBIRD:OBS1073190936,Passeriformes,Campephagidae,Lalage,Lalage nigra
912,4266171120,URN:catalog:CLO:EBIRD:OBS1387731655,Passeriformes,Passeridae,Passer,Passer montanus
913,4267201116,URN:catalog:CLO:EBIRD:OBS1586761856,Passeriformes,Sturnidae,Acridotheres,Acridotheres cristatellus
914,3647727677,URN:catalog:CLO:EBIRD:OBS1267078228,Pelecaniformes,Ardeidae,Egretta,Egretta garzetta
915,4821580238,URN:catalog:CLO:EBIRD:OBS1639025781,Passeriformes,Rhipiduridae,Rhipidura,Rhipidura nigritorquis
916,4370207720,URN:catalog:CLO:EBIRD:OBS1430310171,Passeriformes,Estrildidae,Lonchura,Lonchura atricapilla
917,3594778034,URN:catalog:CLO:EBIRD:OBS1094483731,Passeriformes,Passeridae,Passer,Passer montanus
920,4294554215,URN:catalog:CLO:EBIRD:OBS1193952861,Galliformes,Phasianidae,Gallus,Gallus gallus
921,3163007710,URN:catalog:CLO:EBIRD:OBS915653656,Passeriformes,Rhipiduridae,Rhipidura,Rhipidura nigritorquis
922,5352235937,URN:catalog:CLO:EBIRD:OBS2220359433,Passeriformes,Pycnonotidae,Pycnonotus,Pycnonotus goiavier
923,3639522976,URN:catalog:CLO:EBIRD:OBS1140362940,Passeriformes,Laniidae,Lanius,Lanius cristatus
924,5441692294,URN:catalog:CLO:EBIRD:OBS2031188664,Apodiformes,Apodidae,Collocalia,Collocalia marginata
925,3523296777,URN:catalog:CLO:EBIRD:OBS1111248988,Passeriformes,Rhipiduridae,Rhipidura,Rhipidura nigritorquis
926,5526411938,URN:catalog:CLO:EBIRD:OBS1980598993,Pelecaniformes,Ardeidae,Egretta,Egretta garzetta
927,3671405355,URN:catalog:CLO:EBIRD:OBS1102780582,Passeriformes,Motacillidae,Motacilla,Motacilla cinerea
928,3631754616,URN:catalog:CLO:EBIRD:OBS1222162982,Passeriformes,Sturnidae,Aplonis,Aplonis panayensis
929,3643780774,URN:catalog:CLO:EBIRD:OBS1219817901,Passeriformes,Zosteropidae,Zosterops,Zosterops meyeni
930,3593628262,URN:catalog:CLO:EBIRD:OBS1099637905,Pelecaniformes,Ardeidae,Egretta,Egretta garzetta
931,3683769683,URN:catalog:CLO:EBIRD:OBS1116027949,Passeriformes,Sturnidae,Aplonis,Aplonis panayensis
932,3659029072,URN:catalog:CLO:EBIRD:OBS1267078237,Passeriformes,Pycnonotidae,Pycnonotus,Pycnonotus goiavier
933,4185045951,URN:catalog:CLO:EBIRD:OBS1315919613,Columbiformes,Columbidae,Geopelia,Geopelia striata
934,4308637758,URN:catalog:CLO:EBIRD:OBS1465285977,Passeriformes,Passeridae,Passer,Passer montanus
936,3515193203,URN:catalog:CLO:EBIRD:OBS1069482030,Passeriformes,Phylloscopidae,Phylloscopus,Phylloscopus borealis
937,3634384854,URN:catalog:CLO:EBIRD:OBS1192868429,Pelecaniformes,Ardeidae,Nycticorax,Nycticorax nycticorax
938,3602287766,URN:catalog:CLO:EBIRD:OBS1099637908,Columbiformes,Columbidae,Geopelia,Geopelia striata
939,4637955990,URN:catalog:CLO:EBIRD:OBS1629818772,Passeriformes,Pycnonotidae,Pycnonotus,Pycnonotus goiavier
940,3669304035,URN:catalog:CLO:EBIRD:OBS1242462503,Passeriformes,Acanthizidae,Gerygone,Gerygone sulphurea
941,5509162325,URN:catalog:CLO:EBIRD:OBS2527578500,Piciformes,Picidae,Yungipicus,Yungipicus maculatus
942,5313342227,URN:catalog:CLO:EBIRD:OBS2534898626,Passeriformes,Sturnidae,Agropsar,Agropsar philippensis
943,3276326287,URN:catalog:CLO:EBIRD:OBS1002671437,Passeriformes,Pycnonotidae,Pycnonotus,Pycnonotus goiavier
944,3670720415,URN:catalog:CLO:EBIRD:OBS1073188632,Passeriformes,Nectariniidae,Cinnyris,Cinnyris jugularis
946,3549220378,URN:catalog:CLO:EBIRD:OBS1266508560,Apodiformes,Apodidae,Collocalia,Collocalia marginata
947,4291989567,URN:catalog:CLO:EBIRD:OBS1315919621,Passeriformes,Passeridae,Passer,Passer montanus
948,4354302711,URN:catalog:CLO:EBIRD:OBS1339262650,Passeriformes,Passeridae,Passer,Passer montanus
949,3552773507,URN:catalog:CLO:EBIRD:OBS1215786351,Passeriformes,Sturnidae,Aplonis,Aplonis panayensis
950,4302384193,URN:catalog:CLO:EBIRD:OBS1331009385,Columbiformes,Columbidae,Columba,Columba livia
952,3514154464,URN:catalog:CLO:EBIRD:OBS1117989321,Passeriformes,Sturnidae,Acridotheres,Acridotheres cristatellus
953,3149310027,URN:catalog:CLO:EBIRD:OBS865790459,Columbiformes,Columbidae,Geopelia,Geopelia striata
954,3607895093,URN:catalog:CLO:EBIRD:OBS1073188526,Passeriformes,Acanthizidae,Gerygone,Gerygone sulphurea
955,3589556008,URN:catalog:CLO:EBIRD:OBS1079216084,Passeriformes,Corvidae,Corvus,
956,5389259674,URN:catalog:CLO:EBIRD:OBS2168014527,Passeriformes,Passeridae,Passer,Passer montanus
957,3656222345,URN:catalog:CLO:EBIRD:OBS1267078242,Coraciiformes,Alcedinidae,Todiramphus,Todiramphus chloris
958,4350759497,URN:catalog:CLO:EBIRD:OBS1357358289,Pelecaniformes,Ardeidae,Ardea,Ardea alba
959,3650350351,URN:catalog:CLO:EBIRD:OBS1219817911,Passeriformes,Passeridae,Passer,Passer montanus
960,4187205443,URN:catalog:CLO:EBIRD:OBS1313293451,Passeriformes,Nectariniidae,Cinnyris,Cinnyris jugularis
961,4839988011,URN:catalog:CLO:EBIRD:OBS1764781949,Passeriformes,Sturnidae,Aplonis,Aplonis panayensis
962,4767100490,URN:catalog:CLO:EBIRD:OBS1601941875,Pelecaniformes,Ardeidae,Ardea,Ardea alba
963,4332848355,URN:catalog:CLO:EBIRD:OBS1313293446,Columbiformes,Columbidae,Columba,Columba livia
964,3553463536,URN:catalog:CLO:EBIRD:OBS1149774705,Passeriformes,Passeridae,Passer,Passer montanus
965,3228872914,URN:catalog:CLO:EBIRD:OBS933608509,Apodiformes,Apodidae,Collocalia,Collocalia marginata
966,4334380512,URN:catalog:CLO:EBIRD:OBS1384406477,Passeriformes,Passeridae,Passer,Passer montanus
967,4302143844,URN:catalog:CLO:EBIRD:OBS1320624414,Columbiformes,Columbidae,Columba,Columba livia
968,4651891501,URN:catalog:CLO:EBIRD:OBS1882362488,Passeriformes,Dicaeidae,Dicaeum,Dicaeum australe
969,4330999809,URN:catalog:CLO:EBIRD:OBS1336401560,Passeriformes,Pycnonotidae,Pycnonotus,Pycnonotus goiavier
970,4684139911,URN:catalog:CLO:EBIRD:OBS1780341742,Apodiformes,Apodidae,Collocalia,Collocalia marginata
971,4200499765,URN:catalog:CLO:EBIRD:OBS1572207375,Apodiformes,Apodidae,Collocalia,Collocalia marginata
973,3570298950,URN:catalog:CLO:EBIRD:OBS1215786345,Passeriformes,Passeridae,Passer,Passer montanus
974,4299787558,URN:catalog:CLO:EBIRD:OBS1588575179,Passeriformes,Rhipiduridae,Rhipidura,Rhipidura nigritorquis
975,3671194211,URN:catalog:CLO:EBIRD:OBS1082880925,Passeriformes,Oriolidae,Oriolus,Oriolus chinensis
976,4211971039,URN:catalog:CLO:EBIRD:OBS1336401562,Apodiformes,Apodidae,Collocalia,Collocalia marginata
977,4824231299,URN:catalog:CLO:EBIRD:OBS1901446144,Passeriformes,Nectariniidae,Cinnyris,Cinnyris jugularis
978,5366417544,URN:catalog:CLO:EBIRD:OBS1956750324,Columbiformes,Columbidae,Geopelia,Geopelia striata
979,5619618148,URN:catalog:CLO:EBIRD:OBS2566782839,Passeriformes,Sturnidae,Agropsar,Agropsar philippensis
980,3632560891,URN:catalog:CLO:EBIRD:OBS1192843902,Passeriformes,Sturnidae,Aplonis,Aplonis panayensis
981,3625481010,URN:catalog:CLO:EBIRD:OBS1117792180,Pelecaniformes,Ardeidae,Egretta,Egretta garzetta
982,3569265492,URN:catalog:CLO:EBIRD:OBS1215786344,Passeriformes,Corvidae,Corvus,
983,3689024349,URN:catalog:CLO:EBIRD:OBS1267079749,Passeriformes,Dicaeidae,Dicaeum,Dicaeum australe
984,3631730910,URN:catalog:CLO:EBIRD:OBS1274963889,Passeriformes,Dicaeidae,Dicaeum,Dicaeum australe
985,4622659668,URN:catalog:CLO:EBIRD:OBS1639025776,Psittaciformes,Psittacidae,Loriculus,Loriculus philippensis
986,4315769954,URN:catalog:CLO:EBIRD:OBS1479578040,Piciformes,Megalaimidae,Psilopogon,Psilopogon haemacephalus
987,5340513483,URN:catalog:CLO:EBIRD:OBS1956773899,Columbiformes,Columbidae,Geopelia,Geopelia striata
989,4282935997,URN:catalog:CLO:EBIRD:OBS1313295350,Pelecaniformes,Ardeidae,Egretta,Egretta garzetta
990,4192099169,URN:catalog:CLO:EBIRD:OBS1328069999,Passeriformes,Dicaeidae,Dicaeum,Dicaeum australe
991,3512169474,URN:catalog:CLO:EBIRD:OBS1117989310,Gruiformes,Rallidae,Amaurornis,Amaurornis phoenicurus
992,3283811120,URN:catalog:CLO:EBIRD:OBS1004885098,Coraciiformes,Meropidae,Merops,Merops philippinus
993,3682217457,URN:catalog:CLO:EBIRD:OBS1117992342,Passeriformes,Passeridae,Passer,Passer montanus
994,5367014360,URN:catalog:CLO:EBIRD:OBS2566707212,Passeriformes,Sturnidae,Aplonis,Aplonis panayensis
995,3597965229,URN:catalog:CLO:EBIRD:OBS1099637906,Passeriformes,Oriolidae,Oriolus,Oriolus chinensis
996,5664365464,URN:catalog:CLO:EBIRD:OBS2540247944,Passeriformes,Nectariniidae,Cinnyris,Cinnyris jugularis
997,5521115131,URN:catalog:CLO:EBIRD:OBS2540247941,Coraciiformes,Alcedinidae,Alcedo,Alcedo atthis
998,4256050308,URN:catalog:CLO:EBIRD:OBS1465285976,Passeriformes,Pycnonotidae,Pycnonotus,Pycnonotus goiavier
999,4696778733,URN:catalog:CLO:EBIRD:OBS1628948083,Columbiformes,Columbidae,Geopelia,Geopelia striata
1000,4700513492,URN:catalog:CLO:EBIRD:OBS1630537308,Passeriformes,Motacillidae,Motacilla,Motacilla cinerea
1001,4796936462,URN:catalog:CLO:EBIRD:OBS1853824759,Passeriformes,Sturnidae,Aplonis,Aplonis panayensis
1002,3515915214,URN:catalog:CLO:EBIRD:OBS1112488563,Passeriformes,Oriolidae,Oriolus,Oriolus chinensis
1003,4317049956,URN:catalog:CLO:EBIRD:OBS1429755148,Strigiformes,Strigidae,Otus,Otus megalotis
1004,4204968923,URN:catalog:CLO:EBIRD:OBS1430310167,Passeriformes,Rhipiduridae,Rhipidura,Rhipidura nigritorquis
1005,3281735586,URN:catalog:CLO:EBIRD:OBS996913413,Passeriformes,Sturnidae,Aplonis,Aplonis panayensis
1006,3236835015,URN:catalog:CLO:EBIRD:OBS922352522,Passeriformes,Passeridae,Passer,Passer montanus
1009,4825247050,URN:catalog:CLO:EBIRD:OBS1726712613,Passeriformes,Campephagidae,Lalage,Lalage nigra
1010,5357401047,URN:catalog:CLO:EBIRD:OBS1980598995,Coraciiformes,Alcedinidae,Todiramphus,Todiramphus chloris
1011,4769588794,URN:catalog:CLO:EBIRD:OBS1609959568,Passeriformes,Passeridae,Passer,Passer montanus
1012,4754838207,URN:catalog:CLO:EBIRD:OBS1756524333,Charadriiformes,Laridae,Chlidonias,Chlidonias hybrida
1013,3597049135,URN:catalog:CLO:EBIRD:OBS1119129880,Passeriformes,Passeridae,Passer,Passer montanus
1014,4264765578,URN:catalog:CLO:EBIRD:OBS1361347064,Columbiformes,Columbidae,Geopelia,Geopelia striata
1015,3673435047,URN:catalog:CLO:EBIRD:OBS1077834927,Passeriformes,Passeridae,Passer,Passer montanus
1016,3544702250,URN:catalog:CLO:EBIRD:OBS1114411733,Passeriformes,Phylloscopidae,Phylloscopus,Phylloscopus borealis
1017,3661293347,URN:catalog:CLO:EBIRD:OBS1242468437,Passeriformes,Passeridae,Passer,Passer montanus
1018,3628538895,URN:catalog:CLO:EBIRD:OBS1073188529,Coraciiformes,Alcedinidae,Halcyon,Halcyon gularis
1019,3652028358,URN:catalog:CLO:EBIRD:OBS1117792178,Passeriformes,Passeridae,Passer,Passer montanus
1020,3243882785,URN:catalog:CLO:EBIRD:OBS848844811,Apodiformes,Apodidae,Collocalia,Collocalia marginata
1021,3624500376,URN:catalog:CLO:EBIRD:OBS1274963885,Psittaciformes,Psittacidae,Loriculus,Loriculus philippensis
1022,3525463923,URN:catalog:CLO:EBIRD:OBS1054332206,Columbiformes,Columbidae,Spilopelia,Spilopelia chinensis
1023,4361450779,URN:catalog:CLO:EBIRD:OBS1430310174,Passeriformes,Paridae,Periparus,Periparus elegans
1024,3573219357,URN:catalog:CLO:EBIRD:OBS1246521927,Apodiformes,Apodidae,Aerodramus,Aerodramus amelis
1025,3277178246,URN:catalog:CLO:EBIRD:OBS1011598507,Passeriformes,Pycnonotidae,Pycnonotus,Pycnonotus goiavier
1026,4703728253,URN:catalog:CLO:EBIRD:OBS1629820296,Passeriformes,Campephagidae,Lalage,Lalage nigra
1027,3598232911,URN:catalog:CLO:EBIRD:OBS1085780586,Passeriformes,Passeridae,Passer,Passer montanus
1028,3607494937,URN:catalog:CLO:EBIRD:OBS1132503806,Coraciiformes,Alcedinidae,Todiramphus,Todiramphus chloris
1029,3563381017,URN:catalog:CLO:EBIRD:OBS1069482029,Passeriformes,Passeridae,Passer,Passer montanus
1030,3550745858,URN:catalog:CLO:EBIRD:OBS1192337460,Passeriformes,Passeridae,Passer,Passer montanus
1031,4292236595,URN:catalog:CLO:EBIRD:OBS1323152447,Psittaciformes,Psittacidae,Loriculus,Loriculus philippensis
1032,3593093609,URN:catalog:CLO:EBIRD:OBS1091761605,Passeriformes,Zosteropidae,Zosterops,Zosterops meyeni
1033,3672530363,URN:catalog:CLO:EBIRD:OBS1111246210,Coraciiformes,Alcedinidae,Todiramphus,Todiramphus chloris
1034,3628883100,URN:catalog:CLO:EBIRD:OBS1095329831,Passeriformes,Hirundinidae,Hirundo,Hirundo rustica
1035,3666113365,URN:catalog:CLO:EBIRD:OBS1119956130,Passeriformes,Dicaeidae,Dicaeum,Dicaeum australe
1036,4292605109,URN:catalog:CLO:EBIRD:OBS1350512001,Passeriformes,Dicaeidae,Dicaeum,Dicaeum australe
1037,4317177803,URN:catalog:CLO:EBIRD:OBS1361347066,Passeriformes,Acanthizidae,Gerygone,Gerygone sulphurea
1038,3511734891,URN:catalog:CLO:EBIRD:OBS1049205643,Passeriformes,Pycnonotidae,Pycnonotus,Pycnonotus goiavier
1039,3678481172,URN:catalog:CLO:EBIRD:OBS1102780587,Pelecaniformes,Ardeidae,Nycticorax,Nycticorax caledonicus
1040,4324063201,URN:catalog:CLO:EBIRD:OBS1344447026,Passeriformes,Rhipiduridae,Rhipidura,Rhipidura nigritorquis
1041,3604728838,URN:catalog:CLO:EBIRD:OBS1098581586,Passeriformes,Rhipiduridae,Rhipidura,Rhipidura nigritorquis
1042,4813852024,URN:catalog:CLO:EBIRD:OBS1911770372,Passeriformes,Hirundinidae,Hirundo,Hirundo javanica
1043,5580269443,URN:catalog:CLO:EBIRD:OBS2031188661,Passeriformes,Laniidae,Lanius,Lanius cristatus
1045,4316115417,URN:catalog:CLO:EBIRD:OBS1357342915,Charadriiformes,Scolopacidae,Actitis,Actitis hypoleucos
1046,3587574865,URN:catalog:CLO:EBIRD:OBS1082871773,Passeriformes,Artamidae,Artamus,Artamus leucorhynchos
1047,3595388181,URN:catalog:CLO:EBIRD:OBS1132503802,Passeriformes,Zosteropidae,Zosterops,Zosterops meyeni
1048,3647923678,URN:catalog:CLO:EBIRD:OBS1259559257,Passeriformes,Passeridae,Passer,Passer montanus
1049,5588334970,URN:catalog:CLO:EBIRD:OBS1949798050,Passeriformes,Artamidae,Artamus,Artamus leucorhynchos
1050,4843535149,URN:catalog:CLO:EBIRD:OBS1726712617,Passeriformes,Oriolidae,Oriolus,Oriolus chinensis
1051,3660521390,URN:catalog:CLO:EBIRD:OBS1140362948,Passeriformes,Passeridae,Passer,Passer montanus
1052,3618949559,URN:catalog:CLO:EBIRD:OBS1274963881,Passeriformes,Acanthizidae,Gerygone,Gerygone sulphurea
1053,4801923530,URN:catalog:CLO:EBIRD:OBS1846539960,Passeriformes,Sturnidae,Aplonis,Aplonis panayensis
1054,3599657959,URN:catalog:CLO:EBIRD:OBS1099637907,Pelecaniformes,Ardeidae,Nycticorax,Nycticorax caledonicus
1055,4255255129,URN:catalog:CLO:EBIRD:OBS1385753883,Passeriformes,Acanthizidae,Gerygone,Gerygone sulphurea
1056,3672948761,URN:catalog:CLO:EBIRD:OBS1111246211,Pelecaniformes,Ardeidae,Egretta,Egretta garzetta
1057,3670576585,URN:catalog:CLO:EBIRD:OBS1122473260,Passeriformes,Acanthizidae,Gerygone,Gerygone sulphurea
1058,4302351159,URN:catalog:CLO:EBIRD:OBS1324179803,Passeriformes,Acanthizidae,Gerygone,Gerygone sulphurea
1059,3196036673,URN:catalog:CLO:EBIRD:OBS1008206978,Passeriformes,Acanthizidae,Gerygone,Gerygone sulphurea
1060,3518957415,URN:catalog:CLO:EBIRD:OBS1112488575,Gruiformes,Rallidae,Amaurornis,Amaurornis phoenicurus
1061,3553717288,URN:catalog:CLO:EBIRD:OBS1251715627,Columbiformes,Columbidae,Geopelia,Geopelia striata
1062,4240029375,URN:catalog:CLO:EBIRD:OBS1361347067,Passeriformes,Pycnonotidae,Pycnonotus,Pycnonotus goiavier
1064,4659993967,URN:catalog:CLO:EBIRD:OBS1896485963,Passeriformes,Pycnonotidae,Pycnonotus,Pycnonotus goiavier
1065,3185594280,URN:catalog:CLO:EBIRD:OBS998238276,Piciformes,Megalaimidae,Psilopogon,Psilopogon haemacephalus
1066,3286974837,URN:catalog:CLO:EBIRD:OBS962390845,Piciformes,Megalaimidae,Psilopogon,Psilopogon haemacephalus
1067,3636418621,URN:catalog:CLO:EBIRD:OBS1220882740,Piciformes,Megalaimidae,Psilopogon,Psilopogon haemacephalus
1068,4320475691,URN:catalog:CLO:EBIRD:OBS1331009393,Passeriformes,Oriolidae,Oriolus,Oriolus chinensis
1069,3191312461,URN:catalog:CLO:EBIRD:OBS1008206977,Passeriformes,Rhipiduridae,Rhipidura,Rhipidura nigritorquis
1072,4290258089,URN:catalog:CLO:EBIRD:OBS1192868432,Galliformes,Phasianidae,Gallus,Gallus gallus
1073,4342202150,URN:catalog:CLO:EBIRD:OBS1587381484,Passeriformes,Acanthizidae,Gerygone,Gerygone sulphurea
1074,3645180967,URN:catalog:CLO:EBIRD:OBS1216850773,Passeriformes,Rhipiduridae,Rhipidura,Rhipidura nigritorquis
1075,3224793962,URN:catalog:CLO:EBIRD:OBS865788035,Passeriformes,Pycnonotidae,Pycnonotus,Pycnonotus goiavier
1076,3150769563,URN:catalog:CLO:EBIRD:OBS915653654,Passeriformes,Nectariniidae,Cinnyris,Cinnyris jugularis
1077,3600832672,URN:catalog:CLO:EBIRD:OBS1233303396,Passeriformes,Nectariniidae,Cinnyris,Cinnyris jugularis
1078,3290288952,URN:catalog:CLO:EBIRD:OBS1000064006,Psittaciformes,Psittacidae,Loriculus,Loriculus philippensis
1079,4393966589,URN:catalog:CLO:EBIRD:OBS1518646408,Passeriformes,Pycnonotidae,Pycnonotus,Pycnonotus goiavier
1080,5549920554,URN:catalog:CLO:EBIRD:OBS1956776316,Passeriformes,Pycnonotidae,Pycnonotus,Pycnonotus goiavier
1081,3288474819,URN:catalog:CLO:EBIRD:OBS962390844,Columbiformes,Columbidae,Geopelia,Geopelia striata
1082,5682477494,URN:catalog:CLO:EBIRD:OBS1953183283,Apodiformes,Apodidae,Collocalia,Collocalia marginata
1083,5504506924,URN:catalog:CLO:EBIRD:OBS1954981488,Columbiformes,Columbidae,Geopelia,Geopelia striata
1084,5454901388,URN:catalog:CLO:EBIRD:OBS2040682530,Apodiformes,Apodidae,Collocalia,Collocalia marginata
1085,4660480437,URN:catalog:CLO:EBIRD:OBS1726715786,Coraciiformes,Alcedinidae,Todiramphus,Todiramphus chloris
1086,4238347736,URN:catalog:CLO:EBIRD:OBS1385753881,Columbiformes,Columbidae,Columba,Columba livia
1087,4615451545,URN:catalog:CLO:EBIRD:OBS1633569811,Passeriformes,Pycnonotidae,Pycnonotus,Pycnonotus goiavier
1088,5380797616,URN:catalog:CLO:EBIRD:OBS2414893833,Passeriformes,Dicaeidae,Dicaeum,Dicaeum australe
1089,4200388207,URN:catalog:CLO:EBIRD:OBS1470005510,Apodiformes,Apodidae,Collocalia,Collocalia marginata
1090,4744554052,URN:catalog:CLO:EBIRD:OBS1737370497,Psittaciformes,Psittacidae,Cacatua,Cacatua alba
1092,3640928957,URN:catalog:CLO:EBIRD:OBS1241367927,Passeriformes,Rhipiduridae,Rhipidura,Rhipidura nigritorquis
1094,5549480552,URN:catalog:CLO:EBIRD:OBS1949798051,Apodiformes,Apodidae,Collocalia,Collocalia marginata
1095,3170822811,URN:catalog:CLO:EBIRD:OBS920391202,Passeriformes,Passeridae,Passer,Passer montanus
1096,3654307750,URN:catalog:CLO:EBIRD:OBS1267078235,Passeriformes,Passeridae,Passer,Passer montanus
1097,3605963675,URN:catalog:CLO:EBIRD:OBS1196985282,Passeriformes,Passeridae,Passer,Passer montanus
1098,4800452211,URN:catalog:CLO:EBIRD:OBS1833420639,Passeriformes,Pycnonotidae,Pycnonotus,Pycnonotus goiavier
1099,4353867799,URN:catalog:CLO:EBIRD:OBS1339262651,Passeriformes,Laniidae,Lanius,Lanius cristatus
1100,3282722656,URN:catalog:CLO:EBIRD:OBS996913138,Passeriformes,Nectariniidae,Cinnyris,Cinnyris jugularis
1101,3250340618,URN:catalog:CLO:EBIRD:OBS915635963,Passeriformes,Pycnonotidae,Pycnonotus,Pycnonotus goiavier
1103,4703659261,URN:catalog:CLO:EBIRD:OBS1630537586,Passeriformes,Oriolidae,Oriolus,Oriolus chinensis
1104,4711435989,URN:catalog:CLO:EBIRD:OBS1639025168,Pelecaniformes,Ardeidae,Botaurus,
1105,3153873690,URN:catalog:CLO:EBIRD:OBS915653650,Passeriformes,Passeridae,Passer,Passer montanus
1107,3508198308,URN:catalog:CLO:EBIRD:OBS1049205641,Passeriformes,Passeridae,Passer,Passer montanus
1108,3507981213,URN:catalog:CLO:EBIRD:OBS1077294261,Falconiformes,Falconidae,Falco,Falco peregrinus
1109,3670787492,URN:catalog:CLO:EBIRD:OBS1119956126,Psittaciformes,Psittacidae,Loriculus,Loriculus philippensis
1111,5640221106,URN:catalog:CLO:EBIRD:OBS1952214168,Passeriformes,Pycnonotidae,Pycnonotus,Pycnonotus goiavier
1112,3565854409,URN:catalog:CLO:EBIRD:OBS1215786355,Apodiformes,Apodidae,Collocalia,Collocalia troglodytes
1113,4368209164,URN:catalog:CLO:EBIRD:OBS1385753888,Passeriformes,Artamidae,Artamus,Artamus leucorhynchos
1114,4650736322,URN:catalog:CLO:EBIRD:OBS1780341741,Passeriformes,Sturnidae,Aplonis,Aplonis panayensis
1115,4208079883,URN:catalog:CLO:EBIRD:OBS1429755152,Passeriformes,Paridae,Periparus,Periparus elegans
1116,3560284847,URN:catalog:CLO:EBIRD:OBS1266508547,Passeriformes,Motacillidae,Motacilla,Motacilla cinerea
1117,4831873832,URN:catalog:CLO:EBIRD:OBS1726712611,Passeriformes,Sturnidae,Aplonis,Aplonis panayensis
1118,4792428135,URN:catalog:CLO:EBIRD:OBS1814720159,Passeriformes,Sturnidae,Aplonis,Aplonis panayensis
1119,4826242370,URN:catalog:CLO:EBIRD:OBS1737370503,Passeriformes,Acanthizidae,Gerygone,Gerygone sulphurea
1120,3522909762,URN:catalog:CLO:EBIRD:OBS1049205645,Psittaciformes,Psittacidae,Loriculus,Loriculus philippensis
1121,3651112289,URN:catalog:CLO:EBIRD:OBS1219817903,Columbiformes,Columbidae,Columba,Columba livia
1122,3595840614,URN:catalog:CLO:EBIRD:OBS1111341792,Passeriformes,Oriolidae,Oriolus,Oriolus chinensis
1123,4190402531,URN:catalog:CLO:EBIRD:OBS1323152449,Passeriformes,Dicaeidae,Dicaeum,Dicaeum australe
1124,3672975976,URN:catalog:CLO:EBIRD:OBS1121876297,Passeriformes,Rhipiduridae,Rhipidura,Rhipidura nigritorquis
1125,4190603018,URN:catalog:CLO:EBIRD:OBS1331009390,Passeriformes,Laniidae,Lanius,Lanius cristatus
1126,3674771225,URN:catalog:CLO:EBIRD:OBS1102780584,Passeriformes,Laniidae,Lanius,Lanius cristatus
1127,3624722660,URN:catalog:CLO:EBIRD:OBS1116026405,Passeriformes,Nectariniidae,Cinnyris,Cinnyris jugularis
1128,4786511281,URN:catalog:CLO:EBIRD:OBS1737370502,Passeriformes,Campephagidae,Lalage,Lalage nigra
1129,5513443396,URN:catalog:CLO:EBIRD:OBS2540247947,Passeriformes,Pycnonotidae,Pycnonotus,Pycnonotus goiavier
1130,3175537768,URN:catalog:CLO:EBIRD:OBS934973640,Passeriformes,Acanthizidae,Gerygone,Gerygone sulphurea
1131,4842704008,URN:catalog:CLO:EBIRD:OBS1726712719,Psittaciformes,Psittacidae,Loriculus,Loriculus philippensis
1132,3516382494,URN:catalog:CLO:EBIRD:OBS1080841862,Passeriformes,Passeridae,Passer,Passer montanus
1133,3507124259,URN:catalog:CLO:EBIRD:OBS1084314127,Passeriformes,Campephagidae,Lalage,Lalage nigra
1135,4382602762,URN:catalog:CLO:EBIRD:OBS1518646413,Passeriformes,Passeridae,Passer,Passer montanus
1136,3529903295,URN:catalog:CLO:EBIRD:OBS1054332209,Piciformes,Megalaimidae,Psilopogon,Psilopogon haemacephalus
1137,3240678716,URN:catalog:CLO:EBIRD:OBS915635964,Piciformes,Megalaimidae,Psilopogon,Psilopogon haemacephalus
1138,3507905546,URN:catalog:CLO:EBIRD:OBS1083433228,Passeriformes,Laniidae,Lanius,Lanius cristatus
1140,3582764982,URN:catalog:CLO:EBIRD:OBS1237382201,Columbiformes,Columbidae,Columba,Columba livia
1141,4845596298,URN:catalog:CLO:EBIRD:OBS1956762785,Piciformes,Picidae,Yungipicus,Yungipicus maculatus
1142,3602804873,URN:catalog:CLO:EBIRD:OBS1119129884,Passeriformes,Pycnonotidae,Pycnonotus,Pycnonotus goiavier
1144,3236801107,URN:catalog:CLO:EBIRD:OBS922352523,Passeriformes,Sturnidae,Aplonis,Aplonis panayensis
1145,3589102685,URN:catalog:CLO:EBIRD:OBS1099637911,Coraciiformes,Alcedinidae,Todiramphus,Todiramphus chloris
1146,3510537406,URN:catalog:CLO:EBIRD:OBS1111348376,Passeriformes,Laniidae,Lanius,Lanius cristatus
1147,5520148704,URN:catalog:CLO:EBIRD:OBS2019954477,Passeriformes,Rhipiduridae,Rhipidura,Rhipidura nigritorquis
1148,4843020281,URN:catalog:CLO:EBIRD:OBS1737370496,Pelecaniformes,Ardeidae,Butorides,Butorides striata
1149,4637762940,URN:catalog:CLO:EBIRD:OBS1726709401,Passeriformes,Pycnonotidae,Pycnonotus,Pycnonotus goiavier
1150,4613181753,URN:catalog:CLO:EBIRD:OBS1721901516,Passeriformes,Acanthizidae,Gerygone,Gerygone sulphurea
1151,3234826504,URN:catalog:CLO:EBIRD:OBS848445253,Pelecaniformes,Ardeidae,Egretta,Egretta garzetta
1152,4735233638,URN:catalog:CLO:EBIRD:OBS1882362485,Apodiformes,Apodidae,Collocalia,Collocalia marginata
1153,3544554143,URN:catalog:CLO:EBIRD:OBS1114411732,Passeriformes,Passeridae,Passer,Passer montanus
1154,5488581892,URN:catalog:CLO:EBIRD:OBS2717693447,Passeriformes,Rhipiduridae,Rhipidura,Rhipidura nigritorquis
1155,4377756129,URN:catalog:CLO:EBIRD:OBS1588668476,Apodiformes,Apodidae,Collocalia,Collocalia marginata
1156,3296878860,URN:catalog:CLO:EBIRD:OBS1000064008,Passeriformes,Oriolidae,Oriolus,Oriolus chinensis
1157,3562471315,URN:catalog:CLO:EBIRD:OBS1215786354,Passeriformes,Pycnonotidae,Pycnonotus,Pycnonotus goiavier
1158,4202928851,URN:catalog:CLO:EBIRD:OBS1329314378,Columbiformes,Columbidae,Geopelia,Geopelia striata
1159,4355342456,URN:catalog:CLO:EBIRD:OBS1389046821,Passeriformes,Zosteropidae,Zosterops,Zosterops meyeni
1160,3583130582,URN:catalog:CLO:EBIRD:OBS1246521933,Passeriformes,Zosteropidae,Zosterops,Zosterops meyeni
1161,3634679059,URN:catalog:CLO:EBIRD:OBS1241367930,Columbiformes,Columbidae,Columba,Columba livia
1162,3233332556,URN:catalog:CLO:EBIRD:OBS915640001,Passeriformes,Passeridae,Passer,Passer montanus
1163,3574840561,URN:catalog:CLO:EBIRD:OBS1246521932,Passeriformes,Corvidae,Corvus,
1164,3572106253,URN:catalog:CLO:EBIRD:OBS1237382191,Passeriformes,Laniidae,Lanius,Lanius cristatus
1165,3173695669,URN:catalog:CLO:EBIRD:OBS920391201,Passeriformes,Sturnidae,Aplonis,Aplonis panayensis
1166,3618682033,URN:catalog:CLO:EBIRD:OBS1119129879,Passeriformes,Rhipiduridae,Rhipidura,Rhipidura nigritorquis
1167,4364775020,URN:catalog:CLO:EBIRD:OBS1587340811,Passeriformes,Pycnonotidae,Pycnonotus,Pycnonotus goiavier
1168,4708278326,URN:catalog:CLO:EBIRD:OBS1639025164,Passeriformes,Rhipiduridae,Rhipidura,Rhipidura nigritorquis
1169,4689086399,URN:catalog:CLO:EBIRD:OBS1726709405,Columbiformes,Columbidae,Columba,Columba livia
1170,4199281001,URN:catalog:CLO:EBIRD:OBS1429755147,Columbiformes,Columbidae,Geopelia,Geopelia striata
1171,3553303631,URN:catalog:CLO:EBIRD:OBS1192337461,Passeriformes,Sturnidae,Aplonis,Aplonis panayensis
1172,4259886584,URN:catalog:CLO:EBIRD:OBS1361347065,Passeriformes,Passeridae,Passer,Passer montanus
1173,4639209913,URN:catalog:CLO:EBIRD:OBS1639029375,Piciformes,Megalaimidae,Psilopogon,Psilopogon haemacephalus
1174,3538477937,URN:catalog:CLO:EBIRD:OBS1251715621,Pelecaniformes,Ardeidae,Egretta,Egretta garzetta
1176,3683778463,URN:catalog:CLO:EBIRD:OBS1117992339,Passeriformes,Rhipiduridae,Rhipidura,Rhipidura nigritorquis
1177,3688394648,URN:catalog:CLO:EBIRD:OBS1267079740,Columbiformes,Columbidae,Geopelia,Geopelia striata
1179,4234130512,URN:catalog:CLO:EBIRD:OBS1361349417,Passeriformes,Passeridae,Passer,Passer montanus
1180,4314877476,URN:catalog:CLO:EBIRD:OBS1339262644,Gruiformes,Rallidae,Amaurornis,Amaurornis phoenicurus
1181,4732944137,URN:catalog:CLO:EBIRD:OBS1726709399,Columbiformes,Columbidae,Geopelia,Geopelia striata
1182,4617637606,URN:catalog:CLO:EBIRD:OBS1726725206,Coraciiformes,Alcedinidae,Todiramphus,Todiramphus chloris
1183,3657812864,URN:catalog:CLO:EBIRD:OBS1241360928,Pelecaniformes,Ardeidae,Ardea,
1184,4232188418,URN:catalog:CLO:EBIRD:OBS1361349419,Passeriformes,Muscicapidae,Copsychus,Copsychus mindanensis
1185,3195652888,URN:catalog:CLO:EBIRD:OBS1000063999,Passeriformes,Sturnidae,Acridotheres,Acridotheres cristatellus
1186,3260330877,URN:catalog:CLO:EBIRD:OBS1011600297,Passeriformes,Nectariniidae,Cinnyris,Cinnyris jugularis
1187,3632422578,URN:catalog:CLO:EBIRD:OBS1165842381,Coraciiformes,Alcedinidae,Todiramphus,Todiramphus chloris
1188,4735827359,URN:catalog:CLO:EBIRD:OBS1726712705,Piciformes,Picidae,Yungipicus,Yungipicus maculatus
1189,3668147908,URN:catalog:CLO:EBIRD:OBS1241363601,Passeriformes,Sturnidae,Aplonis,Aplonis panayensis
1190,4737762426,URN:catalog:CLO:EBIRD:OBS1754909052,Passeriformes,Passeridae,Passer,Passer montanus
1191,3510247578,URN:catalog:CLO:EBIRD:OBS1073368661,Piciformes,Megalaimidae,Psilopogon,Psilopogon haemacephalus
1192,3534951867,URN:catalog:CLO:EBIRD:OBS1081460638,Passeriformes,Acanthizidae,Gerygone,Gerygone sulphurea
1193,3134587095,URN:catalog:CLO:EBIRD:OBS862791800,Passeriformes,Passeridae,Passer,Passer montanus
1194,4743952923,URN:catalog:CLO:EBIRD:OBS1726712707,Pelecaniformes,Ardeidae,Egretta,Egretta garzetta
1195,3167470788,URN:catalog:CLO:EBIRD:OBS915632777,Passeriformes,Pycnonotidae,Pycnonotus,Pycnonotus goiavier
1196,4247953160,URN:catalog:CLO:EBIRD:OBS1471809734,Passeriformes,Passeridae,Passer,Passer montanus
1197,3252010347,URN:catalog:CLO:EBIRD:OBS971676017,Apodiformes,Apodidae,Collocalia,Collocalia marginata
1199,3528360070,URN:catalog:CLO:EBIRD:OBS1129098181,Coraciiformes,Alcedinidae,Todiramphus,Todiramphus chloris
1200,3158596646,URN:catalog:CLO:EBIRD:OBS915653657,Psittaciformes,Psittacidae,Loriculus,Loriculus philippensis
1201,4314401528,URN:catalog:CLO:EBIRD:OBS1361347068,Passeriformes,Laniidae,Lanius,Lanius cristatus
1202,4341953884,URN:catalog:CLO:EBIRD:OBS1384406478,Passeriformes,Pycnonotidae,Pycnonotus,Pycnonotus goiavier
1203,4384559026,URN:catalog:CLO:EBIRD:OBS1389690042,Passeriformes,Passeridae,Passer,Passer montanus
1204,4213093455,URN:catalog:CLO:EBIRD:OBS1429755153,Passeriformes,Artamidae,Artamus,Artamus leucorhynchos
1205,4217698627,URN:catalog:CLO:EBIRD:OBS1430311533,Coraciiformes,Alcedinidae,Todiramphus,Todiramphus chloris
1206,3521983152,URN:catalog:CLO:EBIRD:OBS1111248986,Passeriformes,Passeridae,Passer,Passer montanus
1207,3550631908,URN:catalog:CLO:EBIRD:OBS1069482027,Passeriformes,Nectariniidae,Cinnyris,Cinnyris jugularis
1208,3275163070,URN:catalog:CLO:EBIRD:OBS1002671440,Passeriformes,Passeridae,Passer,Passer montanus
1211,3692291031,URN:catalog:CLO:EBIRD:OBS1117823913,Passeriformes,Pycnonotidae,Pycnonotus,Pycnonotus goiavier
1212,3530763001,URN:catalog:CLO:EBIRD:OBS1069482034,Passeriformes,Artamidae,Artamus,Artamus leucorhynchos
1215,3635516647,URN:catalog:CLO:EBIRD:OBS1242462498,Passeriformes,Pycnonotidae,Pycnonotus,Pycnonotus goiavier
1217,3539032854,URN:catalog:CLO:EBIRD:OBS1093610250,Passeriformes,Sturnidae,Aplonis,Aplonis panayensis
1218,3600903989,URN:catalog:CLO:EBIRD:OBS1114410062,Passeriformes,Motacillidae,Motacilla,Motacilla cinerea
1219,4201597195,URN:catalog:CLO:EBIRD:OBS1361349420,Passeriformes,Motacillidae,Motacilla,Motacilla cinerea
1220,4309189114,URN:catalog:CLO:EBIRD:OBS1357358291,Passeriformes,Nectariniidae,Cinnyris,Cinnyris jugularis
1221,3618064206,URN:catalog:CLO:EBIRD:OBS1222162978,Passeriformes,Corvidae,Corvus,
1222,3622202936,URN:catalog:CLO:EBIRD:OBS1117792181,Gruiformes,Rallidae,Amaurornis,Amaurornis phoenicurus
1223,3673542182,URN:catalog:CLO:EBIRD:OBS1117992331,Passeriformes,Oriolidae,Oriolus,Oriolus chinensis
1225,5604082455,URN:catalog:CLO:EBIRD:OBS1953191539,Psittaciformes,Psittacidae,Loriculus,Loriculus philippensis
1226,3138207404,URN:catalog:CLO:EBIRD:OBS848444500,Passeriformes,Passeridae,Passer,Passer montanus
1227,3151720679,URN:catalog:CLO:EBIRD:OBS915645730,Passeriformes,Passeridae,Passer,Passer montanus
1229,3682370629,URN:catalog:CLO:EBIRD:OBS1117992349,Piciformes,Megalaimidae,Psilopogon,Psilopogon haemacephalus
1230,4304301297,URN:catalog:CLO:EBIRD:OBS1336401558,Passeriformes,Corvidae,Corvus,
1231,4229312983,URN:catalog:CLO:EBIRD:OBS1591411423,Passeriformes,Nectariniidae,Cinnyris,Cinnyris jugularis
1232,3536628214,URN:catalog:CLO:EBIRD:OBS1112488568,Passeriformes,Pycnonotidae,Pycnonotus,Pycnonotus goiavier
1233,3531868380,URN:catalog:CLO:EBIRD:OBS1117989314,Passeriformes,Pycnonotidae,Pycnonotus,Pycnonotus goiavier
1234,3281343791,URN:catalog:CLO:EBIRD:OBS848844812,Pelecaniformes,Ardeidae,Nycticorax,Nycticorax nycticorax
1235,3610722213,URN:catalog:CLO:EBIRD:OBS1119129885,Passeriformes,Motacillidae,Motacilla,Motacilla cinerea
1236,3580534396,URN:catalog:CLO:EBIRD:OBS1246521930,Passeriformes,Dicaeidae,Dicaeum,Dicaeum australe
1237,4236851197,URN:catalog:CLO:EBIRD:OBS1357358303,Apodiformes,Apodidae,Collocalia,Collocalia marginata
1238,4673180737,URN:catalog:CLO:EBIRD:OBS1609959566,Pelecaniformes,Ardeidae,Ardeola,Ardeola speciosa
1239,4832918996,URN:catalog:CLO:EBIRD:OBS1651041428,Passeriformes,Pycnonotidae,Pycnonotus,Pycnonotus goiavier
1241,5643665678,URN:catalog:CLO:EBIRD:OBS2220359434,Apodiformes,Apodidae,Collocalia,Collocalia marginata
1242,3292766863,URN:catalog:CLO:EBIRD:OBS1000064002,Passeriformes,Pycnonotidae,Pycnonotus,Pycnonotus goiavier
1243,3534309695,URN:catalog:CLO:EBIRD:OBS1121887081,Passeriformes,Acanthizidae,Gerygone,Gerygone sulphurea
1244,4766638408,URN:catalog:CLO:EBIRD:OBS1737370498,Passeriformes,Passeridae,Passer,Passer montanus
1245,3162927764,URN:catalog:CLO:EBIRD:OBS934973644,Passeriformes,Nectariniidae,Cinnyris,Cinnyris jugularis
1246,4302594255,URN:catalog:CLO:EBIRD:OBS1331007110,Passeriformes,Zosteropidae,Zosterops,Zosterops meyeni
1247,3228315082,URN:catalog:CLO:EBIRD:OBS922352519,Passeriformes,Acanthizidae,Gerygone,Gerygone sulphurea
1249,3550052821,URN:catalog:CLO:EBIRD:OBS1251715615,Psittaciformes,Psittacidae,Loriculus,Loriculus philippensis
1250,3559558473,URN:catalog:CLO:EBIRD:OBS1266508549,Coraciiformes,Alcedinidae,Alcedo,Alcedo atthis
1251,4184999213,URN:catalog:CLO:EBIRD:OBS1315919349,Passeriformes,Passeridae,Passer,Passer montanus
1252,4344318146,URN:catalog:CLO:EBIRD:OBS1320624415,Passeriformes,Oriolidae,Oriolus,Oriolus chinensis
1254,4292247380,URN:catalog:CLO:EBIRD:OBS1465890062,Passeriformes,Pycnonotidae,Pycnonotus,Pycnonotus goiavier
1255,5414395176,URN:catalog:CLO:EBIRD:OBS2431090534,Passeriformes,Oriolidae,Oriolus,Oriolus chinensis
1256,5662899369,URN:catalog:CLO:EBIRD:OBS2414893830,Columbiformes,Columbidae,Spilopelia,Spilopelia chinensis
1257,4679286961,URN:catalog:CLO:EBIRD:OBS1726725214,Passeriformes,Acanthizidae,Gerygone,Gerygone sulphurea
1258,4832225894,URN:catalog:CLO:EBIRD:OBS1956762781,Passeriformes,Oriolidae,Oriolus,Oriolus chinensis
1259,5318623504,URN:catalog:CLO:EBIRD:OBS1956772191,Psittaciformes,Psittacidae,Loriculus,Loriculus philippensis
1260,3227576136,URN:catalog:CLO:EBIRD:OBS922352517,Passeriformes,Hirundinidae,Hirundo,Hirundo javanica
1261,3641506689,URN:catalog:CLO:EBIRD:OBS1216850779,Piciformes,Picidae,Yungipicus,Yungipicus maculatus
1262,5625296489,URN:catalog:CLO:EBIRD:OBS2724805828,Passeriformes,Dicaeidae,Dicaeum,Dicaeum australe
1263,4631624130,URN:catalog:CLO:EBIRD:OBS1726712625,Passeriformes,Dicaeidae,Dicaeum,Dicaeum australe
1264,3249028923,URN:catalog:CLO:EBIRD:OBS862792020,Passeriformes,Pycnonotidae,Pycnonotus,Pycnonotus goiavier
1265,3513123075,URN:catalog:CLO:EBIRD:OBS1082147012,Passeriformes,Passeridae,Passer,Passer montanus
1266,3532371546,URN:catalog:CLO:EBIRD:OBS1112488556,Passeriformes,Acanthizidae,Gerygone,Gerygone sulphurea
1267,4264315973,URN:catalog:CLO:EBIRD:OBS1509740667,Coraciiformes,Alcedinidae,Alcedo,Alcedo atthis
1268,3690761965,URN:catalog:CLO:EBIRD:OBS1214781021,Passeriformes,Sturnidae,Aplonis,Aplonis panayensis
1269,3684567729,URN:catalog:CLO:EBIRD:OBS1216850946,Pelecaniformes,Ardeidae,Egretta,Egretta garzetta
1270,3650672676,URN:catalog:CLO:EBIRD:OBS1220882737,Passeriformes,Muscicapidae,Copsychus,Copsychus mindanensis
1271,4243399681,URN:catalog:CLO:EBIRD:OBS1382470054,Galliformes,Numididae,Numida,Numida meleagris
1272,4824146367,URN:catalog:CLO:EBIRD:OBS1726712555,Columbiformes,Columbidae,Columba,Columba livia
1273,4223007665,URN:catalog:CLO:EBIRD:OBS1465890060,Passeriformes,Passeridae,Passer,Passer montanus
1274,4345562601,URN:catalog:CLO:EBIRD:OBS1465890061,Passeriformes,Acanthizidae,Gerygone,Gerygone sulphurea
1275,4257159558,URN:catalog:CLO:EBIRD:OBS1385753897,Passeriformes,Passeridae,Passer,Passer montanus
1276,4818603586,URN:catalog:CLO:EBIRD:OBS1726725213,Psittaciformes,Psittacidae,Loriculus,Loriculus philippensis
1277,3676690479,URN:catalog:CLO:EBIRD:OBS1102780586,Passeriformes,Acanthizidae,Gerygone,Gerygone sulphurea
1278,3675787508,URN:catalog:CLO:EBIRD:OBS1117992350,Passeriformes,Sturnidae,Aplonis,Aplonis panayensis
1279,3686959692,URN:catalog:CLO:EBIRD:OBS1241363595,Piciformes,Picidae,Yungipicus,Yungipicus maculatus
1281,3515253608,URN:catalog:CLO:EBIRD:OBS1069482031,Coraciiformes,Alcedinidae,Todiramphus,Todiramphus chloris
1282,3588539059,URN:catalog:CLO:EBIRD:OBS1084314135,Piciformes,Megalaimidae,Psilopogon,Psilopogon haemacephalus
1283,4637249720,URN:catalog:CLO:EBIRD:OBS1609959565,Passeriformes,Dicaeidae,Dicaeum,Dicaeum australe
1284,5440746434,URN:catalog:CLO:EBIRD:OBS1956750314,Piciformes,Megalaimidae,Psilopogon,Psilopogon haemacephalus
1285,4695131372,URN:catalog:CLO:EBIRD:OBS1800847854,Passeriformes,Sturnidae,Aplonis,Aplonis panayensis
1286,4682545769,URN:catalog:CLO:EBIRD:OBS1951648814,Columbiformes,Columbidae,Geopelia,Geopelia striata
1288,3513190124,URN:catalog:CLO:EBIRD:OBS1081460634,Passeriformes,Nectariniidae,Cinnyris,Cinnyris jugularis
1289,3596238514,URN:catalog:CLO:EBIRD:OBS1098581584,Passeriformes,Pycnonotidae,Pycnonotus,Pycnonotus goiavier
1291,3236426545,URN:catalog:CLO:EBIRD:OBS915640007,Coraciiformes,Alcedinidae,Todiramphus,Todiramphus chloris
1292,3642722977,URN:catalog:CLO:EBIRD:OBS1082880914,Passeriformes,Sturnidae,Aplonis,Aplonis panayensis
1293,3514896977,URN:catalog:CLO:EBIRD:OBS1112488562,Columbiformes,Columbidae,Geopelia,Geopelia striata
1294,4243810189,URN:catalog:CLO:EBIRD:OBS1357358290,Coraciiformes,Alcedinidae,Todiramphus,Todiramphus chloris
1295,5341530969,URN:catalog:CLO:EBIRD:OBS1980598996,Columbiformes,Columbidae,Spilopelia,Spilopelia chinensis
1296,4216903786,URN:catalog:CLO:EBIRD:OBS1474021944,Passeriformes,Rhipiduridae,Rhipidura,Rhipidura nigritorquis
1297,3651359353,URN:catalog:CLO:EBIRD:OBS1212607152,Passeriformes,Nectariniidae,Cinnyris,Cinnyris jugularis
1298,3685755360,URN:catalog:CLO:EBIRD:OBS1241363591,Passeriformes,Laniidae,Lanius,Lanius cristatus
1299,4355935669,URN:catalog:CLO:EBIRD:OBS1361349418,Pelecaniformes,Ardeidae,Nycticorax,Nycticorax nycticorax
1300,3242522851,URN:catalog:CLO:EBIRD:OBS845949797,Passeriformes,Pycnonotidae,Pycnonotus,Pycnonotus goiavier
1301,3597366528,URN:catalog:CLO:EBIRD:OBS1073188532,Passeriformes,Passeridae,Passer,Passer montanus
1302,3562520824,URN:catalog:CLO:EBIRD:OBS1246521781,Passeriformes,Sturnidae,Aplonis,Aplonis panayensis
1303,3694220442,URN:catalog:CLO:EBIRD:OBS1251721848,Passeriformes,Dicaeidae,Dicaeum,Dicaeum australe
1304,4203512538,URN:catalog:CLO:EBIRD:OBS1329314372,Psittaciformes,Psittacidae,Loriculus,Loriculus philippensis
1306,5437157117,URN:catalog:CLO:EBIRD:OBS2351968846,Passeriformes,Rhipiduridae,Rhipidura,Rhipidura nigritorquis
1307,3285374707,URN:catalog:CLO:EBIRD:OBS1011600863,Passeriformes,Sturnidae,Acridotheres,Acridotheres cristatellus
1308,3551809641,URN:catalog:CLO:EBIRD:OBS1241356543,Psittaciformes,Psittacidae,Loriculus,Loriculus philippensis
1309,3662324768,URN:catalog:CLO:EBIRD:OBS1267078234,Columbiformes,Columbidae,Spilopelia,Spilopelia chinensis
1310,3593246166,URN:catalog:CLO:EBIRD:OBS1116028572,Passeriformes,Laniidae,Lanius,Lanius cristatus
1311,3682404699,URN:catalog:CLO:EBIRD:OBS1111246206,Passeriformes,Rhipiduridae,Rhipidura,Rhipidura nigritorquis
1312,3544507973,URN:catalog:CLO:EBIRD:OBS1266508555,Psittaciformes,Psittacidae,Loriculus,Loriculus philippensis
1313,3254346863,URN:catalog:CLO:EBIRD:OBS845949795,Psittaciformes,Psittacidae,Loriculus,Loriculus philippensis
1314,4660068561,URN:catalog:CLO:EBIRD:OBS1726712610,Passeriformes,Sturnidae,Acridotheres,Acridotheres cristatellus
1315,4183403404,URN:catalog:CLO:EBIRD:OBS1315919620,Piciformes,Picidae,Yungipicus,Yungipicus maculatus
1317,3673255569,URN:catalog:CLO:EBIRD:OBS1193427444,Columbiformes,Columbidae,Columba,Columba livia
1318,4382257457,URN:catalog:CLO:EBIRD:OBS1387731653,Pelecaniformes,Ardeidae,Egretta,Egretta garzetta
1320,3604461116,URN:catalog:CLO:EBIRD:OBS1114407428,Passeriformes,Sturnidae,Aplonis,Aplonis panayensis
1321,3623154074,URN:catalog:CLO:EBIRD:OBS1111255408,Gruiformes,Rallidae,Amaurornis,Amaurornis phoenicurus
1322,3155171746,URN:catalog:CLO:EBIRD:OBS920391206,Passeriformes,Hirundinidae,Hirundo,Hirundo javanica
1323,3665775499,URN:catalog:CLO:EBIRD:OBS1073188622,Passeriformes,Muscicapidae,Copsychus,Copsychus mindanensis
1324,4222852198,URN:catalog:CLO:EBIRD:OBS1467264191,Passeriformes,Acanthizidae,Gerygone,Gerygone sulphurea
1325,4785066384,URN:catalog:CLO:EBIRD:OBS1800847864,Passeriformes,Passeridae,Passer,Passer montanus
1326,3619721299,URN:catalog:CLO:EBIRD:OBS1103447743,Columbiformes,Columbidae,Geopelia,Geopelia striata
1327,3533462821,URN:catalog:CLO:EBIRD:OBS1112488569,Passeriformes,Rhipiduridae,Rhipidura,Rhipidura nigritorquis
1328,3200784444,URN:catalog:CLO:EBIRD:OBS1008206963,Passeriformes,Phylloscopidae,Phylloscopus,Phylloscopus borealis
1329,4834778234,URN:catalog:CLO:EBIRD:OBS1737370491,Psittaciformes,Psittacidae,Loriculus,Loriculus philippensis
1330,4190562775,URN:catalog:CLO:EBIRD:OBS1518646411,Passeriformes,Sturnidae,Acridotheres,Acridotheres cristatellus
1331,3670229682,URN:catalog:CLO:EBIRD:OBS1102780581,Passeriformes,Pycnonotidae,Pycnonotus,Pycnonotus goiavier
1332,4193315234,URN:catalog:CLO:EBIRD:OBS1350512011,Charadriiformes,Scolopacidae,Actitis,Actitis hypoleucos
1333,3629863700,URN:catalog:CLO:EBIRD:OBS1220882741,Psittaciformes,Psittacidae,Loriculus,Loriculus philippensis
1334,3559728509,URN:catalog:CLO:EBIRD:OBS1117989319,Passeriformes,Sturnidae,Aplonis,Aplonis panayensis
1335,3617104914,URN:catalog:CLO:EBIRD:OBS1222162979,Passeriformes,Rhipiduridae,Rhipidura,Rhipidura nigritorquis
1336,4198084421,URN:catalog:CLO:EBIRD:OBS1324149702,Passeriformes,Zosteropidae,Zosterops,Zosterops meyeni
1337,3650362645,URN:catalog:CLO:EBIRD:OBS1216850774,Psittaciformes,Psittacidae,Loriculus,Loriculus philippensis
1338,5553049761,URN:catalog:CLO:EBIRD:OBS1956775077,Passeriformes,Pycnonotidae,Pycnonotus,Pycnonotus goiavier
1339,3272243985,URN:catalog:CLO:EBIRD:OBS1011600861,Psittaciformes,Psittacidae,Loriculus,Loriculus philippensis
1340,4195121558,URN:catalog:CLO:EBIRD:OBS1323152446,Passeriformes,Passeridae,Passer,Passer montanus
1341,4356041191,URN:catalog:CLO:EBIRD:OBS1504754879,Passeriformes,Nectariniidae,Cinnyris,Cinnyris jugularis
1342,4703006051,URN:catalog:CLO:EBIRD:OBS1794104832,Passeriformes,Acanthizidae,Gerygone,Gerygone sulphurea
1343,3564115787,URN:catalog:CLO:EBIRD:OBS1251715618,Passeriformes,Passeridae,Passer,Passer montanus
1344,3578291101,URN:catalog:CLO:EBIRD:OBS1274963900,Piciformes,Megalaimidae,Psilopogon,Psilopogon haemacephalus
1345,4373838286,URN:catalog:CLO:EBIRD:OBS1521597507,Passeriformes,Acanthizidae,Gerygone,Gerygone sulphurea
1346,4650442149,URN:catalog:CLO:EBIRD:OBS1726712616,Pelecaniformes,Ardeidae,Butorides,Butorides striata
1347,3276816910,URN:catalog:CLO:EBIRD:OBS1011600862,Passeriformes,Sturnidae,Aplonis,Aplonis panayensis
1348,3649247202,URN:catalog:CLO:EBIRD:OBS1234561859,Passeriformes,Pycnonotidae,Pycnonotus,Pycnonotus goiavier
1349,4635527201,URN:catalog:CLO:EBIRD:OBS1956762778,Piciformes,Megalaimidae,Psilopogon,Psilopogon haemacephalus
1350,4241584455,URN:catalog:CLO:EBIRD:OBS1470627200,Passeriformes,Passeridae,Passer,Passer montanus
1351,3188688413,URN:catalog:CLO:EBIRD:OBS998238273,Passeriformes,Oriolidae,Oriolus,Oriolus chinensis
1352,3237834842,URN:catalog:CLO:EBIRD:OBS845949798,Passeriformes,Nectariniidae,Cinnyris,Cinnyris jugularis
1353,3690400101,URN:catalog:CLO:EBIRD:OBS1117992358,Piciformes,Megalaimidae,Psilopogon,Psilopogon haemacephalus
1354,4695704866,URN:catalog:CLO:EBIRD:OBS1609959569,Psittaciformes,Psittacidae,Loriculus,Loriculus philippensis
1355,3191094349,URN:catalog:CLO:EBIRD:OBS975329210,Piciformes,Picidae,Yungipicus,Yungipicus maculatus
1357,3610923510,URN:catalog:CLO:EBIRD:OBS1086340983,Piciformes,Megalaimidae,Psilopogon,Psilopogon haemacephalus
1360,5443337214,URN:catalog:CLO:EBIRD:OBS1956750325,Passeriformes,Motacillidae,Motacilla,Motacilla cinerea
1361,4330800149,URN:catalog:CLO:EBIRD:OBS1336401565,Piciformes,Picidae,Yungipicus,Yungipicus maculatus
1362,3691720288,URN:catalog:CLO:EBIRD:OBS1251709192,Pelecaniformes,Ardeidae,Butorides,Butorides striata
1363,3609914727,URN:catalog:CLO:EBIRD:OBS1274963880,Pelecaniformes,Ardeidae,Egretta,Egretta garzetta
1364,3663438520,URN:catalog:CLO:EBIRD:OBS1253007448,Passeriformes,Passeridae,Passer,Passer montanus
1365,4735352927,URN:catalog:CLO:EBIRD:OBS1721893883,Columbiformes,Columbidae,Spilopelia,Spilopelia chinensis
1366,4653544976,URN:catalog:CLO:EBIRD:OBS1814720156,Piciformes,Picidae,Yungipicus,Yungipicus maculatus
1368,5547868145,URN:catalog:CLO:EBIRD:OBS2540247948,Passeriformes,Motacillidae,Motacilla,Motacilla cinerea
1369,3670905103,URN:catalog:CLO:EBIRD:OBS1073188634,Passeriformes,Passeridae,Passer,Passer montanus
1370,3637263299,URN:catalog:CLO:EBIRD:OBS1242462497,Coraciiformes,Alcedinidae,Alcedo,Alcedo atthis
1371,3658389902,URN:catalog:CLO:EBIRD:OBS1242468427,Passeriformes,Acanthizidae,Gerygone,Gerygone sulphurea
1372,3591239996,URN:catalog:CLO:EBIRD:OBS1098573480,Passeriformes,Motacillidae,Motacilla,Motacilla cinerea
1373,3669873346,URN:catalog:CLO:EBIRD:OBS1073188615,Passeriformes,Pycnonotidae,Pycnonotus,Pycnonotus goiavier
1374,3518167598,URN:catalog:CLO:EBIRD:OBS1081460635,Passeriformes,Corvidae,Corvus,
1375,4341793450,URN:catalog:CLO:EBIRD:OBS1429757709,Passeriformes,Passeridae,Passer,Passer montanus
1376,3686077079,URN:catalog:CLO:EBIRD:OBS1117823912,Pelecaniformes,Ardeidae,Egretta,Egretta garzetta
1377,5607966644,URN:catalog:CLO:EBIRD:OBS2287226728,Passeriformes,Oriolidae,Oriolus,Oriolus chinensis
1378,3294028061,URN:catalog:CLO:EBIRD:OBS1000064004,Piciformes,Megalaimidae,Psilopogon,Psilopogon haemacephalus
1379,3606419156,URN:catalog:CLO:EBIRD:OBS1111255405,Passeriformes,Passeridae,Passer,Passer montanus
1380,3148632530,URN:catalog:CLO:EBIRD:OBS915645733,Pelecaniformes,Ardeidae,Egretta,Egretta garzetta
1381,5486425512,URN:catalog:CLO:EBIRD:OBS2485294678,Passeriformes,Laniidae,Lanius,Lanius cristatus
1383,3174281647,URN:catalog:CLO:EBIRD:OBS915645735,Columbiformes,Columbidae,Spilopelia,Spilopelia chinensis
1384,3512357189,URN:catalog:CLO:EBIRD:OBS1085779983,Passeriformes,Laniidae,Lanius,Lanius cristatus
1385,4779547983,URN:catalog:CLO:EBIRD:OBS1632529948,Passeriformes,Passeridae,Passer,Passer montanus
1387,5684934904,URN:catalog:CLO:EBIRD:OBS1944282889,Passeriformes,Estrildidae,Lonchura,Lonchura atricapilla
1388,3540569067,URN:catalog:CLO:EBIRD:OBS1129473856,Passeriformes,Passeridae,Passer,Passer montanus
1390,3617215049,URN:catalog:CLO:EBIRD:OBS1145763450,Passeriformes,Zosteropidae,Zosterops,Zosterops meyeni
1391,3676847735,URN:catalog:CLO:EBIRD:OBS1049205935,Passeriformes,Laniidae,Lanius,Lanius cristatus
1392,3510326438,URN:catalog:CLO:EBIRD:OBS1112488571,Coraciiformes,Alcedinidae,Todiramphus,Todiramphus chloris
1393,4827704518,URN:catalog:CLO:EBIRD:OBS1901855074,Psittaciformes,Psittacidae,Probosciger,Probosciger aterrimus
1394,4304981610,URN:catalog:CLO:EBIRD:OBS1350514531,Passeriformes,Acanthizidae,Gerygone,Gerygone sulphurea
1395,4769884604,URN:catalog:CLO:EBIRD:OBS1629820299,Passeriformes,Sturnidae,Acridotheres,Acridotheres cristatellus
1396,3540755273,URN:catalog:CLO:EBIRD:OBS1129093313,Passeriformes,Passeridae,Passer,Passer montanus
1397,4199859956,URN:catalog:CLO:EBIRD:OBS1344447033,Passeriformes,Muscicapidae,Copsychus,Copsychus mindanensis
1398,4197763629,URN:catalog:CLO:EBIRD:OBS1430310166,Passeriformes,Zosteropidae,Zosterops,Zosterops meyeni
1399,3668332034,URN:catalog:CLO:EBIRD:OBS1102780580,Pelecaniformes,Ardeidae,Egretta,Egretta garzetta
1401,3275964350,URN:catalog:CLO:EBIRD:OBS998236729,Psittaciformes,Psittacidae,Loriculus,Loriculus philippensis
1402,4829956784,URN:catalog:CLO:EBIRD:OBS1726714911,Piciformes,Megalaimidae,Psilopogon,Psilopogon haemacephalus
1403,4358443360,URN:catalog:CLO:EBIRD:OBS1518639851,Passeriformes,Acanthizidae,Gerygone,Gerygone sulphurea
1404,4814366673,URN:catalog:CLO:EBIRD:OBS1876313496,Passeriformes,Pycnonotidae,Pycnonotus,Pycnonotus goiavier
1406,3278251641,URN:catalog:CLO:EBIRD:OBS996913140,Passeriformes,Laniidae,Lanius,Lanius cristatus
1407,3275420170,URN:catalog:CLO:EBIRD:OBS998236726,Passeriformes,Pycnonotidae,Pycnonotus,Pycnonotus goiavier
1409,4218583940,URN:catalog:CLO:EBIRD:OBS1350512009,Passeriformes,Passeridae,Passer,Passer montanus
1411,3608225991,URN:catalog:CLO:EBIRD:OBS1121876300,Psittaciformes,Psittacidae,Loriculus,Loriculus philippensis
1412,4285993301,URN:catalog:CLO:EBIRD:OBS1466546097,Passeriformes,Pycnonotidae,Pycnonotus,Pycnonotus goiavier
1413,4182799670,URN:catalog:CLO:EBIRD:OBS1430310164,Gruiformes,Rallidae,Gallirallus,Gallirallus torquatus
1414,5711079808,URN:catalog:CLO:EBIRD:OBS1951483897,Psittaciformes,Psittacidae,Loriculus,Loriculus philippensis
1415,5443989687,URN:catalog:CLO:EBIRD:OBS1956776318,Passeriformes,Oriolidae,Oriolus,Oriolus chinensis
1416,4661923878,URN:catalog:CLO:EBIRD:OBS1639027030,Passeriformes,Zosteropidae,Zosterops,Zosterops meyeni
1417,3685232575,URN:catalog:CLO:EBIRD:OBS1241363594,Passeriformes,Passeridae,Passer,Passer montanus
1418,3627844750,URN:catalog:CLO:EBIRD:OBS1073188528,Pelecaniformes,Ardeidae,Egretta,Egretta garzetta
1419,4299519834,URN:catalog:CLO:EBIRD:OBS1315919605,Pelecaniformes,Ardeidae,Nycticorax,Nycticorax nycticorax
1420,5707849608,URN:catalog:CLO:EBIRD:OBS1952214172,Piciformes,Megalaimidae,Psilopogon,Psilopogon haemacephalus
1423,3650473302,URN:catalog:CLO:EBIRD:OBS1073180985,Passeriformes,Laniidae,Lanius,Lanius cristatus
1424,3513593410,URN:catalog:CLO:EBIRD:OBS1117989311,Columbiformes,Columbidae,Geopelia,Geopelia striata
1425,3605724295,URN:catalog:CLO:EBIRD:OBS1132503805,Passeriformes,Nectariniidae,Cinnyris,Cinnyris jugularis
1426,3621883503,URN:catalog:CLO:EBIRD:OBS1165842384,Passeriformes,Passeridae,Passer,Passer montanus
1427,5306040196,URN:catalog:CLO:EBIRD:OBS2031188663,Passeriformes,Pycnonotidae,Pycnonotus,Pycnonotus goiavier
1428,4674256357,URN:catalog:CLO:EBIRD:OBS1876313497,Columbiformes,Columbidae,Geopelia,Geopelia striata
1429,5305099281,URN:catalog:CLO:EBIRD:OBS1980598422,Piciformes,Picidae,Yungipicus,Yungipicus maculatus
1430,3234580404,URN:catalog:CLO:EBIRD:OBS917191089,Passeriformes,Rhipiduridae,Rhipidura,Rhipidura nigritorquis
1431,4833642893,URN:catalog:CLO:EBIRD:OBS1639025783,Passeriformes,Campephagidae,Lalage,Lalage nigra
1432,3286041446,URN:catalog:CLO:EBIRD:OBS1007299908,Charadriiformes,Scolopacidae,Actitis,Actitis hypoleucos
1433,4737894275,URN:catalog:CLO:EBIRD:OBS1726714919,Passeriformes,Sturnidae,Aplonis,Aplonis panayensis
1434,3511026321,URN:catalog:CLO:EBIRD:OBS1080186942,Pelecaniformes,Ardeidae,Egretta,Egretta garzetta
1435,3590756866,URN:catalog:CLO:EBIRD:OBS1086333260,Passeriformes,Muscicapidae,Copsychus,Copsychus mindanensis
1436,3630887781,URN:catalog:CLO:EBIRD:OBS1220882730,Passeriformes,Rhipiduridae,Rhipidura,Rhipidura nigritorquis
1437,3179954758,URN:catalog:CLO:EBIRD:OBS934973641,Apodiformes,Apodidae,Collocalia,Collocalia marginata
1438,5649145481,URN:catalog:CLO:EBIRD:OBS2431090537,Passeriformes,Rhipiduridae,Rhipidura,Rhipidura nigritorquis
1439,3621713172,URN:catalog:CLO:EBIRD:OBS1222162989,Psittaciformes,Psittacidae,Loriculus,Loriculus philippensis
1440,3636091801,URN:catalog:CLO:EBIRD:OBS1222162991,Passeriformes,Sturnidae,Acridotheres,Acridotheres cristatellus
1441,4673993957,URN:catalog:CLO:EBIRD:OBS1726712714,Passeriformes,Rhipiduridae,Rhipidura,Rhipidura nigritorquis
1442,4753957945,URN:catalog:CLO:EBIRD:OBS1902983498,Apodiformes,Apodidae,Collocalia,Collocalia marginata
1443,4791889759,URN:catalog:CLO:EBIRD:OBS1721892641,Piciformes,Picidae,Yungipicus,Yungipicus maculatus
1444,4831773465,URN:catalog:CLO:EBIRD:OBS1956762786,Passeriformes,Acanthizidae,Gerygone,Gerygone sulphurea
1445,3653476294,URN:catalog:CLO:EBIRD:OBS1234561848,Passeriformes,Zosteropidae,Zosterops,Zosterops meyeni
1447,3559418411,URN:catalog:CLO:EBIRD:OBS1192837190,Passeriformes,Passeridae,Passer,Passer montanus
1448,5467021862,URN:catalog:CLO:EBIRD:OBS1980598426,Passeriformes,Zosteropidae,Zosterops,Zosterops meyeni
1449,3544381920,URN:catalog:CLO:EBIRD:OBS1073190932,Psittaciformes,Psittacidae,Bolbopsittacus,Bolbopsittacus lunulatus
1450,4279262792,URN:catalog:CLO:EBIRD:OBS1430310173,Passeriformes,Campephagidae,Lalage,Lalage nigra
1451,3621206758,URN:catalog:CLO:EBIRD:OBS1099637904,Coraciiformes,Alcedinidae,Alcedo,Alcedo atthis
1452,3657577221,URN:catalog:CLO:EBIRD:OBS1242471478,Passeriformes,Acanthizidae,Gerygone,Gerygone sulphurea
1454,4196966453,URN:catalog:CLO:EBIRD:OBS1323152442,Coraciiformes,Alcedinidae,Alcedo,Alcedo atthis
1455,3192365922,URN:catalog:CLO:EBIRD:OBS976509744,Passeriformes,Passeridae,Passer,Passer montanus
1456,3693750720,URN:catalog:CLO:EBIRD:OBS1267079742,Pelecaniformes,Ardeidae,Egretta,Egretta garzetta
1457,5447220077,URN:catalog:CLO:EBIRD:OBS2431090527,Passeriformes,Passeridae,Passer,Passer montanus
1458,3551917661,URN:catalog:CLO:EBIRD:OBS1129093762,Passeriformes,Rhipiduridae,Rhipidura,Rhipidura nigritorquis
1460,3688074097,URN:catalog:CLO:EBIRD:OBS1117823915,Columbiformes,Columbidae,Geopelia,Geopelia striata
1461,4324232978,URN:catalog:CLO:EBIRD:OBS1357358301,Passeriformes,Locustellidae,Megalurus,Megalurus palustris
1462,5711778856,URN:catalog:CLO:EBIRD:OBS2238876028,Passeriformes,Estrildidae,Lonchura,Lonchura oryzivora
1463,5538524540,URN:catalog:CLO:EBIRD:OBS2540234730,Coraciiformes,Alcedinidae,Alcedo,Alcedo atthis
1464,3620974353,URN:catalog:CLO:EBIRD:OBS1098573478,Passeriformes,Pycnonotidae,Pycnonotus,Pycnonotus goiavier
1465,4305561052,URN:catalog:CLO:EBIRD:OBS1328069997,Passeriformes,Passeridae,Passer,Passer montanus
1466,3684507888,URN:catalog:CLO:EBIRD:OBS1117992362,Coraciiformes,Alcedinidae,Todiramphus,Todiramphus chloris
1467,3650189059,URN:catalog:CLO:EBIRD:OBS1212607153,Piciformes,Megalaimidae,Psilopogon,Psilopogon haemacephalus
1468,4299115042,URN:catalog:CLO:EBIRD:OBS1329314373,Pelecaniformes,Ardeidae,Nycticorax,Nycticorax nycticorax
1469,4630284426,URN:catalog:CLO:EBIRD:OBS1601941876,Apodiformes,Apodidae,Collocalia,Collocalia marginata
1470,4618936681,URN:catalog:CLO:EBIRD:OBS1726714925,Columbiformes,Columbidae,Geopelia,Geopelia striata
1471,3269824196,URN:catalog:CLO:EBIRD:OBS971676019,Passeriformes,Pycnonotidae,Pycnonotus,Pycnonotus goiavier
1472,3285159237,URN:catalog:CLO:EBIRD:OBS1004885090,Passeriformes,Passeridae,Passer,Passer montanus
1473,3677880488,URN:catalog:CLO:EBIRD:OBS1111246213,Passeriformes,Dicaeidae,Dicaeum,Dicaeum australe
1474,4191841743,URN:catalog:CLO:EBIRD:OBS1331007112,Passeriformes,Nectariniidae,Cinnyris,Cinnyris jugularis
1475,4202421696,URN:catalog:CLO:EBIRD:OBS1430311527,Passeriformes,Pycnonotidae,Pycnonotus,Pycnonotus goiavier
1476,4679831588,URN:catalog:CLO:EBIRD:OBS1726712623,Passeriformes,Rhipiduridae,Rhipidura,Rhipidura nigritorquis
1477,3684736554,URN:catalog:CLO:EBIRD:OBS1117992334,Passeriformes,Oriolidae,Oriolus,Oriolus chinensis
1478,3670583479,URN:catalog:CLO:EBIRD:OBS1117832741,Passeriformes,Pycnonotidae,Pycnonotus,Pycnonotus goiavier
1479,3677257976,URN:catalog:CLO:EBIRD:OBS1073182832,Passeriformes,Acanthizidae,Gerygone,Gerygone sulphurea
1480,4323512528,URN:catalog:CLO:EBIRD:OBS1324149697,Passeriformes,Pycnonotidae,Pycnonotus,Pycnonotus goiavier
1481,4245661238,URN:catalog:CLO:EBIRD:OBS1399595449,Columbiformes,Columbidae,Columba,Columba livia
1482,4318232911,URN:catalog:CLO:EBIRD:OBS1591411429,Passeriformes,Rhipiduridae,Rhipidura,Rhipidura nigritorquis
1483,3535613925,URN:catalog:CLO:EBIRD:OBS1117989305,Passeriformes,Laniidae,Lanius,Lanius cristatus
1484,3556274372,URN:catalog:CLO:EBIRD:OBS1129097882,Passeriformes,Pycnonotidae,Pycnonotus,Pycnonotus goiavier
1485,3637745767,URN:catalog:CLO:EBIRD:OBS1242468430,Passeriformes,Dicaeidae,Dicaeum,Dicaeum australe
1486,4615670753,URN:catalog:CLO:EBIRD:OBS1633569813,Psittaciformes,Psittacidae,Loriculus,Loriculus philippensis
1487,3141267924,URN:catalog:CLO:EBIRD:OBS865790457,Passeriformes,Rhipiduridae,Rhipidura,Rhipidura nigritorquis
1488,4212738142,URN:catalog:CLO:EBIRD:OBS1350512006,Passeriformes,Motacillidae,Motacilla,Motacilla cinerea
1489,5536605946,URN:catalog:CLO:EBIRD:OBS1956776302,Passeriformes,Sturnidae,Aplonis,Aplonis panayensis
1490,3661959877,URN:catalog:CLO:EBIRD:OBS1140362947,Columbiformes,Columbidae,Spilopelia,Spilopelia chinensis
1492,3512002253,URN:catalog:CLO:EBIRD:OBS1112488572,Passeriformes,Passeridae,Passer,Passer montanus
1493,4695763585,URN:catalog:CLO:EBIRD:OBS1632529946,Passeriformes,Oriolidae,Oriolus,Oriolus chinensis
1494,4207913988,URN:catalog:CLO:EBIRD:OBS1429752891,Passeriformes,Nectariniidae,Cinnyris,Cinnyris jugularis
1495,3230988115,URN:catalog:CLO:EBIRD:OBS922352527,Passeriformes,Sturnidae,Acridotheres,Acridotheres cristatellus
1496,3601962092,URN:catalog:CLO:EBIRD:OBS1116028577,Passeriformes,Acanthizidae,Gerygone,Gerygone sulphurea
1497,4790642247,URN:catalog:CLO:EBIRD:OBS1639025772,Passeriformes,Sturnidae,Aplonis,Aplonis panayensis
1498,3678811341,URN:catalog:CLO:EBIRD:OBS1102780588,Passeriformes,Passeridae,Passer,Passer montanus
1499,3561316786,URN:catalog:CLO:EBIRD:OBS1215786353,Passeriformes,Zosteropidae,Zosterops,Zosterops meyeni
1500,4757801891,URN:catalog:CLO:EBIRD:OBS1609959559,Passeriformes,Motacillidae,Motacilla,Motacilla cinerea
1501,4266025522,URN:catalog:CLO:EBIRD:OBS1588575180,Passeriformes,Pycnonotidae,Pycnonotus,Pycnonotus goiavier
1502,3152186664,URN:catalog:CLO:EBIRD:OBS917191080,Passeriformes,Pycnonotidae,Pycnonotus,Pycnonotus goiavier
1503,3654300042,URN:catalog:CLO:EBIRD:OBS1082880919,Columbiformes,Columbidae,Spilopelia,Spilopelia chinensis
1504,3685222520,URN:catalog:CLO:EBIRD:OBS1117992353,Passeriformes,Motacillidae,Motacilla,Motacilla cinerea
1505,3654138517,URN:catalog:CLO:EBIRD:OBS1224433762,Columbiformes,Columbidae,Geopelia,Geopelia striata
1506,3625544384,URN:catalog:CLO:EBIRD:OBS1242462495,Pelecaniformes,Ardeidae,Nycticorax,Nycticorax caledonicus
1507,3544329306,URN:catalog:CLO:EBIRD:OBS1251709964,Passeriformes,Artamidae,Artamus,Artamus leucorhynchos
1508,3218609998,URN:catalog:CLO:EBIRD:OBS848980768,Apodiformes,Apodidae,Collocalia,Collocalia marginata
1509,4377616982,URN:catalog:CLO:EBIRD:OBS1470617570,Apodiformes,Apodidae,Collocalia,Collocalia marginata
1510,4767607957,URN:catalog:CLO:EBIRD:OBS1609959361,Passeriformes,Pycnonotidae,Pycnonotus,Pycnonotus goiavier
1511,3219630952,URN:catalog:CLO:EBIRD:OBS848980767,Passeriformes,Hirundinidae,Hirundo,Hirundo rustica
1512,4183915600,URN:catalog:CLO:EBIRD:OBS1430311529,Piciformes,Picidae,Yungipicus,Yungipicus maculatus
1513,3278153752,URN:catalog:CLO:EBIRD:OBS996913141,Piciformes,Megalaimidae,Psilopogon,Psilopogon haemacephalus
1515,3678756842,URN:catalog:CLO:EBIRD:OBS1073182834,Passeriformes,Oriolidae,Oriolus,Oriolus chinensis
1516,3258494952,URN:catalog:CLO:EBIRD:OBS1011600288,Piciformes,Megalaimidae,Psilopogon,Psilopogon haemacephalus
1517,3691371239,URN:catalog:CLO:EBIRD:OBS1241363596,Piciformes,Megalaimidae,Psilopogon,Psilopogon haemacephalus
1518,3620308547,URN:catalog:CLO:EBIRD:OBS1073188527,Columbiformes,Columbidae,Columba,Columba livia
1519,3654472871,URN:catalog:CLO:EBIRD:OBS1218004477,Piciformes,Picidae,Yungipicus,Yungipicus maculatus
1520,3653585287,URN:catalog:CLO:EBIRD:OBS1219817913,Pelecaniformes,Ardeidae,Nycticorax,Nycticorax nycticorax
1521,3650981539,URN:catalog:CLO:EBIRD:OBS1081535131,Columbiformes,Columbidae,Columba,Columba livia
1522,3567445333,URN:catalog:CLO:EBIRD:OBS1246521939,Columbiformes,Columbidae,Geopelia,Geopelia striata
1523,3157573735,URN:catalog:CLO:EBIRD:OBS915632775,Passeriformes,Nectariniidae,Cinnyris,Cinnyris jugularis
1524,3598625131,URN:catalog:CLO:EBIRD:OBS1091761598,Passeriformes,Pycnonotidae,Pycnonotus,Pycnonotus goiavier
1525,4234147564,URN:catalog:CLO:EBIRD:OBS1518646404,Passeriformes,Artamidae,Artamus,Artamus leucorhynchos
1526,5705516073,URN:catalog:CLO:EBIRD:OBS2019954481,Psittaciformes,Psittacidae,Loriculus,Loriculus philippensis
1527,5396095905,URN:catalog:CLO:EBIRD:OBS2727528677,Passeriformes,Corvidae,Corvus,
1529,3655831646,URN:catalog:CLO:EBIRD:OBS1267078238,Coraciiformes,Alcedinidae,Alcedo,Alcedo atthis
1530,5647659443,URN:catalog:CLO:EBIRD:OBS2560204077,Passeriformes,Sturnidae,Agropsar,Agropsar philippensis
1531,4184335303,URN:catalog:CLO:EBIRD:OBS1315919348,Passeriformes,Rhipiduridae,Rhipidura,Rhipidura nigritorquis
1532,3593620847,URN:catalog:CLO:EBIRD:OBS1111341793,Passeriformes,Sturnidae,Acridotheres,Acridotheres cristatellus
1533,3656501270,URN:catalog:CLO:EBIRD:OBS1117992328,Columbiformes,Columbidae,Geopelia,Geopelia striata
1534,3554611273,URN:catalog:CLO:EBIRD:OBS1251715617,Piciformes,Picidae,Yungipicus,Yungipicus maculatus
1535,4329568345,URN:catalog:CLO:EBIRD:OBS1430311534,Piciformes,Megalaimidae,Psilopogon,Psilopogon haemacephalus
1536,4695248762,URN:catalog:CLO:EBIRD:OBS1633569814,Columbiformes,Columbidae,Geopelia,Geopelia striata
1537,3548026201,URN:catalog:CLO:EBIRD:OBS1093614187,Passeriformes,Sturnidae,Aplonis,Aplonis panayensis
1538,3547958628,URN:catalog:CLO:EBIRD:OBS1073190946,Passeriformes,Nectariniidae,Cinnyris,Cinnyris jugularis
1539,3672804696,URN:catalog:CLO:EBIRD:OBS1098562103,Passeriformes,Zosteropidae,Zosterops,Zosterops meyeni
1540,3692214729,URN:catalog:CLO:EBIRD:OBS1251721849,Passeriformes,Acanthizidae,Gerygone,Gerygone sulphurea
1541,3282114029,URN:catalog:CLO:EBIRD:OBS1011598509,Columbiformes,Columbidae,Geopelia,Geopelia striata
1542,3552212457,URN:catalog:CLO:EBIRD:OBS1073190940,Columbiformes,Columbidae,Treron,Treron vernans
1543,5379625518,URN:catalog:CLO:EBIRD:OBS1952214166,Passeriformes,Passeridae,Passer,Passer montanus
1544,3640988065,URN:catalog:CLO:EBIRD:OBS1220882733,Passeriformes,Sturnidae,Aplonis,Aplonis panayensis
1545,4316556507,URN:catalog:CLO:EBIRD:OBS1361347063,Piciformes,Megalaimidae,Psilopogon,Psilopogon haemacephalus
1546,4658528914,URN:catalog:CLO:EBIRD:OBS1726709400,Psittaciformes,Psittacidae,Loriculus,Loriculus philippensis
1548,3167806537,URN:catalog:CLO:EBIRD:OBS915653653,Passeriformes,Acanthizidae,Gerygone,Gerygone sulphurea
1549,5468112553,URN:catalog:CLO:EBIRD:OBS2431090532,Passeriformes,Acanthizidae,Gerygone,Gerygone sulphurea
1550,3286156206,URN:catalog:CLO:EBIRD:OBS1004885100,Passeriformes,Sturnidae,Acridotheres,Acridotheres cristatellus
1551,3505912668,URN:catalog:CLO:EBIRD:OBS1073368667,Passeriformes,Muscicapidae,Copsychus,Copsychus mindanensis
1552,3526341519,URN:catalog:CLO:EBIRD:OBS1129473859,Piciformes,Megalaimidae,Psilopogon,Psilopogon haemacephalus
1553,3612149583,URN:catalog:CLO:EBIRD:OBS1145763441,Piciformes,Megalaimidae,Psilopogon,Psilopogon haemacephalus
1554,3657426697,URN:catalog:CLO:EBIRD:OBS1267078227,Columbiformes,Columbidae,Columba,Columba livia
1555,3600919117,URN:catalog:CLO:EBIRD:OBS1233303392,Passeriformes,Zosteropidae,Zosterops,Zosterops meyeni
1557,5327559000,URN:catalog:CLO:EBIRD:OBS2019954482,Passeriformes,Hirundinidae,Hirundo,Hirundo javanica
1558,3275389960,URN:catalog:CLO:EBIRD:OBS1027283638,Passeriformes,Corvidae,Corvus,
1559,3590879562,URN:catalog:CLO:EBIRD:OBS1098573477,Coraciiformes,Alcedinidae,Todiramphus,Todiramphus chloris
1561,4369950357,URN:catalog:CLO:EBIRD:OBS1477838893,Passeriformes,Pycnonotidae,Pycnonotus,Pycnonotus goiavier
1562,3255413806,URN:catalog:CLO:EBIRD:OBS848844813,Pelecaniformes,Ardeidae,Egretta,Egretta garzetta
1563,4711824028,URN:catalog:CLO:EBIRD:OBS1609959364,Pelecaniformes,Ardeidae,Nycticorax,Nycticorax nycticorax
1564,4651982680,URN:catalog:CLO:EBIRD:OBS1726712620,Passeriformes,Zosteropidae,Zosterops,Zosterops meyeni
1565,3692827176,URN:catalog:CLO:EBIRD:OBS1246521776,Passeriformes,Passeridae,Passer,Passer montanus
1566,3653709876,URN:catalog:CLO:EBIRD:OBS1267078233,Passeriformes,Acanthizidae,Gerygone,Gerygone sulphurea
1567,4187818341,URN:catalog:CLO:EBIRD:OBS1315919606,Passeriformes,Rhipiduridae,Rhipidura,Rhipidura nigritorquis
1569,4767465459,URN:catalog:CLO:EBIRD:OBS1629820297,Passeriformes,Corvidae,Corvus,
1570,3152164661,URN:catalog:CLO:EBIRD:OBS915653660,Columbiformes,Columbidae,Geopelia,Geopelia striata
1571,3630328246,URN:catalog:CLO:EBIRD:OBS1116014375,Passeriformes,Motacillidae,Motacilla,Motacilla cinerea
1572,4301429936,URN:catalog:CLO:EBIRD:OBS1339265335,Passeriformes,Pycnonotidae,Pycnonotus,Pycnonotus goiavier
1573,4635169015,URN:catalog:CLO:EBIRD:OBS1609959363,Columbiformes,Columbidae,Spilopelia,Spilopelia chinensis
1574,4812443361,URN:catalog:CLO:EBIRD:OBS1726709402,Passeriformes,Sturnidae,Aplonis,Aplonis panayensis
1575,5478317250,URN:catalog:CLO:EBIRD:OBS1956776320,Passeriformes,Nectariniidae,Cinnyris,Cinnyris jugularis
1576,5351428626,URN:catalog:CLO:EBIRD:OBS1956765191,Passeriformes,Passeridae,Passer,Passer montanus
1577,3280775835,URN:catalog:CLO:EBIRD:OBS1027283634,Passeriformes,Hirundinidae,Hirundo,Hirundo javanica
1578,3541971776,URN:catalog:CLO:EBIRD:OBS1049205649,Piciformes,Picidae,Yungipicus,Yungipicus maculatus
1579,4267490034,URN:catalog:CLO:EBIRD:OBS1471137823,Passeriformes,Passeridae,Passer,Passer montanus
1580,5388731149,URN:catalog:CLO:EBIRD:OBS1949799960,Piciformes,Megalaimidae,Psilopogon,Psilopogon haemacephalus
1581,3664449679,URN:catalog:CLO:EBIRD:OBS1234561858,Piciformes,Megalaimidae,Psilopogon,Psilopogon haemacephalus
1582,3539309299,URN:catalog:CLO:EBIRD:OBS1049205647,Passeriformes,Sturnidae,Acridotheres,Acridotheres cristatellus
1583,3508522649,URN:catalog:CLO:EBIRD:OBS1081460631,Passeriformes,Oriolidae,Oriolus,Oriolus chinensis
1584,4347888465,URN:catalog:CLO:EBIRD:OBS1357348964,Gruiformes,Rallidae,Amaurornis,Amaurornis phoenicurus
1585,3618042374,URN:catalog:CLO:EBIRD:OBS1251706962,Psittaciformes,Psittacidae,Loriculus,Loriculus philippensis
1587,4637936657,URN:catalog:CLO:EBIRD:OBS1726725208,Passeriformes,Nectariniidae,Cinnyris,Cinnyris jugularis
1588,4720998579,URN:catalog:CLO:EBIRD:OBS1754909051,Passeriformes,Corvidae,Corvus,
1589,3291645953,URN:catalog:CLO:EBIRD:OBS1004885092,Passeriformes,Nectariniidae,Cinnyris,Cinnyris jugularis
1592,4827634031,URN:catalog:CLO:EBIRD:OBS1875614941,Passeriformes,Pycnonotidae,Pycnonotus,Pycnonotus goiavier
1593,5333821130,URN:catalog:CLO:EBIRD:OBS1916818565,Columbiformes,Columbidae,Geopelia,Geopelia striata
1594,5460753257,URN:catalog:CLO:EBIRD:OBS1949798053,Passeriformes,Passeridae,Passer,Passer montanus
1596,3683829882,URN:catalog:CLO:EBIRD:OBS1193952860,Passeriformes,Passeridae,Passer,Passer montanus
1597,3685911965,URN:catalog:CLO:EBIRD:OBS1214781020,Passeriformes,Cisticolidae,Orthotomus,Orthotomus derbianus
1598,3509813298,URN:catalog:CLO:EBIRD:OBS1084314125,Passeriformes,Artamidae,Artamus,Artamus leucorhynchos
1599,3619895526,URN:catalog:CLO:EBIRD:OBS1224433761,Passeriformes,Acanthizidae,Gerygone,Gerygone sulphurea
1600,4379820833,URN:catalog:CLO:EBIRD:OBS1385768885,Pelecaniformes,Ardeidae,Ardea,
1601,4185614588,URN:catalog:CLO:EBIRD:OBS1313293445,Passeriformes,Pycnonotidae,Pycnonotus,Pycnonotus goiavier
1602,4395866708,URN:catalog:CLO:EBIRD:OBS1591411431,Passeriformes,Acanthizidae,Gerygone,Gerygone sulphurea
1603,4648861798,URN:catalog:CLO:EBIRD:OBS1674842734,Columbiformes,Columbidae,Spilopelia,Spilopelia chinensis
1604,3676256518,URN:catalog:CLO:EBIRD:OBS1049205934,Passeriformes,Nectariniidae,Cinnyris,Cinnyris jugularis
1605,5356154227,URN:catalog:CLO:EBIRD:OBS1956764490,Passeriformes,Campephagidae,Lalage,Lalage nigra
1606,4344668423,URN:catalog:CLO:EBIRD:OBS1385753882,Piciformes,Megalaimidae,Psilopogon,Psilopogon haemacephalus
1607,4181997661,URN:catalog:CLO:EBIRD:OBS1429757712,Coraciiformes,Alcedinidae,Todiramphus,Todiramphus chloris
1608,4696337668,URN:catalog:CLO:EBIRD:OBS1639025774,Columbiformes,Columbidae,Geopelia,Geopelia striata
1609,4653666053,URN:catalog:CLO:EBIRD:OBS1814720158,Passeriformes,Passeridae,Passer,Passer montanus
1613,3607142758,URN:catalog:CLO:EBIRD:OBS1274963890,Columbiformes,Columbidae,Spilopelia,Spilopelia chinensis
1614,5532006969,URN:catalog:CLO:EBIRD:OBS1954974101,Passeriformes,Sturnidae,Aplonis,Aplonis panayensis
1615,3582279704,URN:catalog:CLO:EBIRD:OBS1246521934,Piciformes,Megalaimidae,Psilopogon,Psilopogon haemacephalus
1616,3236993904,URN:catalog:CLO:EBIRD:OBS917425578,Piciformes,Picidae,Yungipicus,Yungipicus maculatus
1617,3553695182,URN:catalog:CLO:EBIRD:OBS1251715628,Passeriformes,Corvidae,Corvus,
1618,4840871461,URN:catalog:CLO:EBIRD:OBS1721893881,Passeriformes,Pycnonotidae,Pycnonotus,Pycnonotus goiavier
1619,4748807804,URN:catalog:CLO:EBIRD:OBS1907598492,Passeriformes,Passeridae,Passer,Passer montanus
1620,4652706865,URN:catalog:CLO:EBIRD:OBS1737370486,Piciformes,Picidae,Yungipicus,Yungipicus maculatus
1621,4817432613,URN:catalog:CLO:EBIRD:OBS1633569812,Passeriformes,Hirundinidae,Hirundo,Hirundo javanica
1622,3663252746,URN:catalog:CLO:EBIRD:OBS1117992326,Passeriformes,Pycnonotidae,Pycnonotus,Pycnonotus goiavier
1623,4745823371,URN:catalog:CLO:EBIRD:OBS1875614942,Passeriformes,Phylloscopidae,Phylloscopus,Phylloscopus borealis
1624,3224122912,URN:catalog:CLO:EBIRD:OBS865788034,Passeriformes,Nectariniidae,Cinnyris,Cinnyris jugularis
1625,4646339220,URN:catalog:CLO:EBIRD:OBS1895420880,Pelecaniformes,Ardeidae,Egretta,Egretta garzetta
1626,3526692389,URN:catalog:CLO:EBIRD:OBS1129093315,Passeriformes,Dicaeidae,Dicaeum,Dicaeum australe
1627,4213459302,URN:catalog:CLO:EBIRD:OBS1339265331,Pelecaniformes,Ardeidae,Egretta,Egretta garzetta
1628,3629619087,URN:catalog:CLO:EBIRD:OBS1117792183,Passeriformes,Rhipiduridae,Rhipidura,Rhipidura nigritorquis
1629,4224224988,URN:catalog:CLO:EBIRD:OBS1357358299,Passeriformes,Zosteropidae,Zosterops,Zosterops meyeni
1630,3541555687,URN:catalog:CLO:EBIRD:OBS1129473857,Columbiformes,Columbidae,Geopelia,Geopelia striata
1631,5412474242,URN:catalog:CLO:EBIRD:OBS2354222008,Passeriformes,Passeridae,Passer,Passer montanus
1632,3535379041,URN:catalog:CLO:EBIRD:OBS1117823107,Passeriformes,Dicaeidae,Dicaeum,Dicaeum australe
1633,3693266583,URN:catalog:CLO:EBIRD:OBS1209544375,Passeriformes,Passeridae,Passer,Passer montanus
1634,3637600704,URN:catalog:CLO:EBIRD:OBS1224433769,Pelecaniformes,Ardeidae,Butorides,Butorides striata
1635,3578459629,URN:catalog:CLO:EBIRD:OBS1233293248,Columbiformes,Columbidae,Geopelia,Geopelia striata
1636,4203946073,URN:catalog:CLO:EBIRD:OBS1357358293,Passeriformes,Pycnonotidae,Pycnonotus,Pycnonotus goiavier
1637,4354345384,URN:catalog:CLO:EBIRD:OBS1357358295,Psittaciformes,Psittacidae,Loriculus,Loriculus philippensis
1638,5466686731,URN:catalog:CLO:EBIRD:OBS1952214165,Passeriformes,Acanthizidae,Gerygone,Gerygone sulphurea
1639,3690350851,URN:catalog:CLO:EBIRD:OBS1267079739,Psittaciformes,Psittacidae,Loriculus,Loriculus philippensis
1640,4188516910,URN:catalog:CLO:EBIRD:OBS1328070001,Passeriformes,Pycnonotidae,Pycnonotus,Pycnonotus goiavier
1641,3551469236,URN:catalog:CLO:EBIRD:OBS1215786352,Piciformes,Megalaimidae,Psilopogon,Psilopogon haemacephalus
1642,4666338567,URN:catalog:CLO:EBIRD:OBS1648799329,Passeriformes,Hirundinidae,Hirundo,Hirundo javanica
1643,4751648848,URN:catalog:CLO:EBIRD:OBS1956762776,Passeriformes,Sturnidae,Acridotheres,Acridotheres cristatellus
1644,5372425135,URN:catalog:CLO:EBIRD:OBS1980598427,Passeriformes,Oriolidae,Oriolus,Oriolus chinensis
1645,4636226151,URN:catalog:CLO:EBIRD:OBS1835246921,Piciformes,Megalaimidae,Psilopogon,Psilopogon haemacephalus
1646,4285484070,URN:catalog:CLO:EBIRD:OBS1551880847,Psittaciformes,Psittacidae,Loriculus,Loriculus philippensis
1647,3276741550,URN:catalog:CLO:EBIRD:OBS1027283648,Psittaciformes,Psittacidae,Loriculus,Loriculus philippensis
1648,3506723297,URN:catalog:CLO:EBIRD:OBS1073368675,Columbiformes,Columbidae,Treron,Treron vernans
1649,3552443964,URN:catalog:CLO:EBIRD:OBS1224434990,Coraciiformes,Alcedinidae,Todiramphus,Todiramphus chloris
1650,4700123179,URN:catalog:CLO:EBIRD:OBS1738931604,Passeriformes,Passeridae,Passer,Passer montanus
1651,4208992265,URN:catalog:CLO:EBIRD:OBS1336401566,Passeriformes,Nectariniidae,Cinnyris,Cinnyris jugularis
1653,5459608436,URN:catalog:CLO:EBIRD:OBS1949799959,Psittaciformes,Psittacidae,Psittacula,Psittacula krameri
1654,5311407284,URN:catalog:CLO:EBIRD:OBS1951483890,Passeriformes,Acanthizidae,Gerygone,Gerygone sulphurea
1655,4320889709,URN:catalog:CLO:EBIRD:OBS1357342920,Passeriformes,Passeridae,Passer,Passer montanus
1656,3674328359,URN:catalog:CLO:EBIRD:OBS1122473256,Passeriformes,Rhipiduridae,Rhipidura,Rhipidura nigritorquis
1657,3573775767,URN:catalog:CLO:EBIRD:OBS1242462500,Passeriformes,Motacillidae,Motacilla,Motacilla cinerea
1658,3659800504,URN:catalog:CLO:EBIRD:OBS1241360927,Columbiformes,Columbidae,Geopelia,Geopelia striata
1659,4310179569,URN:catalog:CLO:EBIRD:OBS1315919608,Passeriformes,Laniidae,Lanius,Lanius cristatus
1660,3609689915,URN:catalog:CLO:EBIRD:OBS1117836177,Pelecaniformes,Ardeidae,Egretta,Egretta garzetta
1661,3580461685,URN:catalog:CLO:EBIRD:OBS1237382200,Psittaciformes,Psittacidae,Loriculus,Loriculus philippensis
1662,3545646146,URN:catalog:CLO:EBIRD:OBS1251721850,Gruiformes,Rallidae,Amaurornis,Amaurornis phoenicurus
1663,3591771971,URN:catalog:CLO:EBIRD:OBS1098581580,Columbiformes,Columbidae,Geopelia,Geopelia striata
1664,3524892089,URN:catalog:CLO:EBIRD:OBS1145765972,Passeriformes,Sturnidae,Aplonis,Aplonis panayensis
1665,3646166354,URN:catalog:CLO:EBIRD:OBS1219817910,Coraciiformes,Alcedinidae,Todiramphus,Todiramphus chloris
1666,4743057310,URN:catalog:CLO:EBIRD:OBS1875614943,Columbiformes,Columbidae,Geopelia,Geopelia striata
1667,4381349284,URN:catalog:CLO:EBIRD:OBS1586761853,Passeriformes,Oriolidae,Oriolus,Oriolus chinensis
1668,4290326965,URN:catalog:CLO:EBIRD:OBS1315915682,Pelecaniformes,Ardeidae,Egretta,Egretta garzetta
1669,4333717516,URN:catalog:CLO:EBIRD:OBS1344442086,Passeriformes,Laniidae,Lanius,Lanius cristatus
1670,4302946795,URN:catalog:CLO:EBIRD:OBS1586761854,Passeriformes,Hirundinidae,Hirundo,Hirundo javanica
1671,3675429917,URN:catalog:CLO:EBIRD:OBS1073188628,Columbiformes,Columbidae,Spilopelia,Spilopelia chinensis
1672,3606309739,URN:catalog:CLO:EBIRD:OBS1103447746,Passeriformes,Pycnonotidae,Pycnonotus,Pycnonotus goiavier
1673,3555881468,URN:catalog:CLO:EBIRD:OBS1117989309,Pelecaniformes,Ardeidae,Egretta,Egretta garzetta
1675,5416131798,URN:catalog:CLO:EBIRD:OBS2031188665,Psittaciformes,Psittacidae,Loriculus,Loriculus philippensis
1676,5704782321,URN:catalog:CLO:EBIRD:OBS2540247938,Passeriformes,Hirundinidae,Hirundo,Hirundo javanica
1677,3523155477,URN:catalog:CLO:EBIRD:OBS1073190929,Psittaciformes,Psittacidae,Loriculus,Loriculus philippensis
1678,3581516332,URN:catalog:CLO:EBIRD:OBS1246521931,Passeriformes,Acanthizidae,Gerygone,Gerygone sulphurea
1679,4234579226,URN:catalog:CLO:EBIRD:OBS1475196192,Apodiformes,Apodidae,Collocalia,Collocalia marginata
1680,5325123947,URN:catalog:CLO:EBIRD:OBS2722486841,Piciformes,Picidae,Yungipicus,Yungipicus maculatus
1681,3599529666,URN:catalog:CLO:EBIRD:OBS1132503804,Passeriformes,Dicaeidae,Dicaeum,Dicaeum australe
1682,3155414822,URN:catalog:CLO:EBIRD:OBS915639998,Passeriformes,Acanthizidae,Gerygone,Gerygone sulphurea
1683,4707440383,URN:catalog:CLO:EBIRD:OBS1639025166,Columbiformes,Columbidae,Columba,Columba livia
1684,5661341695,URN:catalog:CLO:EBIRD:OBS2485294677,Passeriformes,Dicaeidae,Dicaeum,Dicaeum australe
1685,4782604525,URN:catalog:CLO:EBIRD:OBS1639025779,Passeriformes,Oriolidae,Oriolus,Oriolus chinensis
1686,3508007337,URN:catalog:CLO:EBIRD:OBS1081460630,Piciformes,Megalaimidae,Psilopogon,Psilopogon haemacephalus
1687,3251106921,URN:catalog:CLO:EBIRD:OBS971676020,Passeriformes,Passeridae,Passer,Passer montanus
1688,3600007922,URN:catalog:CLO:EBIRD:OBS1098581583,Piciformes,Megalaimidae,Psilopogon,Psilopogon haemacephalus
1689,4337546891,URN:catalog:CLO:EBIRD:OBS1313293444,Psittaciformes,Psittacidae,Loriculus,Loriculus philippensis
1690,3609895804,URN:catalog:CLO:EBIRD:OBS1111341787,Pelecaniformes,Ardeidae,Egretta,Egretta garzetta
1691,3691131504,URN:catalog:CLO:EBIRD:OBS1116027948,Columbiformes,Columbidae,Spilopelia,Spilopelia chinensis
1692,4355340373,URN:catalog:CLO:EBIRD:OBS1475196193,Passeriformes,Pycnonotidae,Pycnonotus,Pycnonotus goiavier
1693,4323354676,URN:catalog:CLO:EBIRD:OBS1329314375,Passeriformes,Sturnidae,Acridotheres,Acridotheres cristatellus
1694,4315892361,URN:catalog:CLO:EBIRD:OBS1361347057,Columbiformes,Columbidae,Treron,Treron vernans
1695,3608508363,URN:catalog:CLO:EBIRD:OBS1129088066,Passeriformes,Sturnidae,Aplonis,Aplonis panayensis
1696,3603951720,URN:catalog:CLO:EBIRD:OBS1274963882,Passeriformes,Corvidae,Corvus,
1697,3665952373,URN:catalog:CLO:EBIRD:OBS1073188630,Columbiformes,Columbidae,Treron,Treron vernans
1698,4198417736,URN:catalog:CLO:EBIRD:OBS1324153264,Passeriformes,Muscicapidae,Copsychus,Copsychus mindanensis
1699,4192280693,URN:catalog:CLO:EBIRD:OBS1350512010,Coraciiformes,Alcedinidae,Alcedo,Alcedo atthis
1700,5668525762,URN:catalog:CLO:EBIRD:OBS1956772190,Piciformes,Megalaimidae,Psilopogon,Psilopogon haemacephalus
1701,3556204832,URN:catalog:CLO:EBIRD:OBS1069482028,Passeriformes,Acanthizidae,Gerygone,Gerygone sulphurea
1702,3572540802,URN:catalog:CLO:EBIRD:OBS1215786356,Passeriformes,Oriolidae,Oriolus,Oriolus chinensis
1703,4696675863,URN:catalog:CLO:EBIRD:OBS1639029377,Passeriformes,Passeridae,Passer,Passer montanus
1704,3539013472,URN:catalog:CLO:EBIRD:OBS1129473858,Passeriformes,Dicaeidae,Dicaeum,Dicaeum australe
1705,4324553586,URN:catalog:CLO:EBIRD:OBS1329314370,Coraciiformes,Alcedinidae,Todiramphus,Todiramphus chloris
1706,4687485684,URN:catalog:CLO:EBIRD:OBS1609959567,Piciformes,Megalaimidae,Psilopogon,Psilopogon haemacephalus
1707,4702600377,URN:catalog:CLO:EBIRD:OBS1794104838,Columbiformes,Columbidae,Geopelia,Geopelia striata
1708,4741851226,URN:catalog:CLO:EBIRD:OBS1726712615,Passeriformes,Passeridae,Passer,Passer montanus
1709,3616591070,URN:catalog:CLO:EBIRD:OBS1145763451,Passeriformes,Artamidae,Artamus,Artamus leucorhynchos
1710,4347498093,URN:catalog:CLO:EBIRD:OBS1324153270,Psittaciformes,Psittacidae,Loriculus,Loriculus philippensis
1711,3553638252,URN:catalog:CLO:EBIRD:OBS1117989308,Coraciiformes,Alcedinidae,Todiramphus,Todiramphus chloris
1712,3572082232,URN:catalog:CLO:EBIRD:OBS1224434989,Passeriformes,Passeridae,Passer,Passer montanus
1713,4830415496,URN:catalog:CLO:EBIRD:OBS1630537584,Passeriformes,Pycnonotidae,Pycnonotus,Pycnonotus goiavier
1714,3655358380,URN:catalog:CLO:EBIRD:OBS1242471486,Passeriformes,Zosteropidae,Zosterops,Zosterops meyeni
1715,4185417793,URN:catalog:CLO:EBIRD:OBS1315919614,Coraciiformes,Alcedinidae,Halcyon,Halcyon gularis
1716,4362173624,URN:catalog:CLO:EBIRD:OBS1479578039,Passeriformes,Passeridae,Passer,Passer montanus
1717,4315175731,URN:catalog:CLO:EBIRD:OBS1324153263,Coraciiformes,Alcedinidae,Halcyon,Halcyon gularis
1718,5486710377,URN:catalog:CLO:EBIRD:OBS2040682529,Passeriformes,Pycnonotidae,Pycnonotus,Pycnonotus goiavier
1719,3197992290,URN:catalog:CLO:EBIRD:OBS998238274,Passeriformes,Passeridae,Passer,Passer montanus
1720,4201367661,URN:catalog:CLO:EBIRD:OBS1518646417,Piciformes,Picidae,Yungipicus,Yungipicus maculatus
1722,4201400335,URN:catalog:CLO:EBIRD:OBS1518646410,Columbiformes,Columbidae,Geopelia,Geopelia striata
1723,3550052828,URN:catalog:CLO:EBIRD:OBS1251721852,Pelecaniformes,Ardeidae,Egretta,Egretta garzetta
1724,3686641137,URN:catalog:CLO:EBIRD:OBS1267079736,Passeriformes,Acanthizidae,Gerygone,Gerygone sulphurea
1725,4777890721,URN:catalog:CLO:EBIRD:OBS1630537580,Passeriformes,Muscicapidae,Copsychus,Copsychus mindanensis
1726,3599012728,URN:catalog:CLO:EBIRD:OBS1111255401,Passeriformes,Pycnonotidae,Pycnonotus,Pycnonotus goiavier
1727,3510909543,URN:catalog:CLO:EBIRD:OBS1112488570,Coraciiformes,Alcedinidae,Alcedo,Alcedo atthis
1728,5308354818,URN:catalog:CLO:EBIRD:OBS2540247939,Passeriformes,Acanthizidae,Gerygone,Gerygone sulphurea
1729,3294225359,URN:catalog:CLO:EBIRD:OBS1011600289,Passeriformes,Pycnonotidae,Pycnonotus,Pycnonotus goiavier
1730,4790988572,URN:catalog:CLO:EBIRD:OBS1630537592,Passeriformes,Sturnidae,Aplonis,Aplonis panayensis
1732,4653962626,URN:catalog:CLO:EBIRD:OBS1639025769,Passeriformes,Pycnonotidae,Pycnonotus,Pycnonotus goiavier
1733,3675247494,URN:catalog:CLO:EBIRD:OBS1122473263,Psittaciformes,Psittacidae,Loriculus,Loriculus philippensis
1734,4325871456,URN:catalog:CLO:EBIRD:OBS1357342918,Psittaciformes,Psittacidae,Loriculus,Loriculus philippensis
1735,3579162990,URN:catalog:CLO:EBIRD:OBS1237382199,Passeriformes,Sturnidae,Acridotheres,Acridotheres cristatellus
1736,3153600015,URN:catalog:CLO:EBIRD:OBS865790456,Psittaciformes,Psittacidae,Loriculus,Loriculus philippensis
1738,3674543061,URN:catalog:CLO:EBIRD:OBS1114407113,Passeriformes,Oriolidae,Oriolus,Oriolus chinensis
1739,4213207882,URN:catalog:CLO:EBIRD:OBS1357358294,Gruiformes,Rallidae,Gallirallus,Gallirallus torquatus
1740,4624428671,URN:catalog:CLO:EBIRD:OBS1639025773,Passeriformes,Hirundinidae,Hirundo,Hirundo javanica
1741,5353709011,URN:catalog:CLO:EBIRD:OBS1956750323,Passeriformes,Nectariniidae,Cinnyris,Cinnyris jugularis
1742,4636068314,URN:catalog:CLO:EBIRD:OBS1951648816,Passeriformes,Pycnonotidae,Pycnonotus,Pycnonotus goiavier
1743,5323164313,URN:catalog:CLO:EBIRD:OBS2540249876,Passeriformes,Sturnidae,Acridotheres,Acridotheres cristatellus
1744,3606958818,URN:catalog:CLO:EBIRD:OBS1098581578,Psittaciformes,Psittacidae,Loriculus,Loriculus philippensis
1745,5681928511,URN:catalog:CLO:EBIRD:OBS1980598420,Passeriformes,Nectariniidae,Cinnyris,Cinnyris jugularis
1746,4197021316,URN:catalog:CLO:EBIRD:OBS1588575177,Passeriformes,Sturnidae,Acridotheres,Acridotheres cristatellus
1747,3680091508,URN:catalog:CLO:EBIRD:OBS1117992344,Pelecaniformes,Ardeidae,Egretta,Egretta garzetta
1748,4284795073,URN:catalog:CLO:EBIRD:OBS1344442082,Passeriformes,Pycnonotidae,Pycnonotus,Pycnonotus goiavier
1749,4306078912,URN:catalog:CLO:EBIRD:OBS1531242730,Falconiformes,Falconidae,Falco,Falco tinnunculus
1750,3592679113,URN:catalog:CLO:EBIRD:OBS1084314130,Passeriformes,Zosteropidae,Zosterops,Zosterops meyeni
1751,3665049529,URN:catalog:CLO:EBIRD:OBS1140362949,Gruiformes,Rallidae,Amaurornis,Amaurornis phoenicurus
1752,4762909549,URN:catalog:CLO:EBIRD:OBS1951648817,Passeriformes,Sturnidae,Aplonis,Aplonis panayensis
1753,3150370675,URN:catalog:CLO:EBIRD:OBS915653648,Passeriformes,Sturnidae,Acridotheres,Acridotheres cristatellus
1754,3144972856,URN:catalog:CLO:EBIRD:OBS870451559,Passeriformes,Nectariniidae,Cinnyris,Cinnyris jugularis
1755,3690397547,URN:catalog:CLO:EBIRD:OBS1267079741,Passeriformes,Laniidae,Lanius,Lanius cristatus
1756,4344960710,URN:catalog:CLO:EBIRD:OBS1357358308,Pelecaniformes,Ardeidae,Nycticorax,Nycticorax nycticorax
1758,3672322123,URN:catalog:CLO:EBIRD:OBS1114407112,Columbiformes,Columbidae,Geopelia,Geopelia striata
1759,3680907449,URN:catalog:CLO:EBIRD:OBS1117992333,Passeriformes,Pycnonotidae,Pycnonotus,Pycnonotus goiavier
1760,4298660137,URN:catalog:CLO:EBIRD:OBS1338504170,Passeriformes,Pycnonotidae,Pycnonotus,Pycnonotus goiavier
1761,4306810147,URN:catalog:CLO:EBIRD:OBS1344447034,Piciformes,Megalaimidae,Psilopogon,Psilopogon haemacephalus
1763,3678905815,URN:catalog:CLO:EBIRD:OBS1117992338,Columbiformes,Columbidae,Columba,Columba livia
1764,3659793901,URN:catalog:CLO:EBIRD:OBS1242471487,Passeriformes,Passeridae,Passer,Passer montanus
1766,4746496156,URN:catalog:CLO:EBIRD:OBS1726712618,Coraciiformes,Alcedinidae,Todiramphus,Todiramphus chloris
1767,5336720636,URN:catalog:CLO:EBIRD:OBS1956773897,Passeriformes,Rhipiduridae,Rhipidura,Rhipidura nigritorquis
1768,3610708152,URN:catalog:CLO:EBIRD:OBS1132503807,Passeriformes,Sturnidae,Aplonis,Aplonis panayensis
1769,3644975251,URN:catalog:CLO:EBIRD:OBS1212607157,Psittaciformes,Psittacidae,Loriculus,Loriculus philippensis
1770,3540252686,URN:catalog:CLO:EBIRD:OBS1251713357,Pelecaniformes,Ardeidae,Ardea,Ardea alba
1772,3558785782,URN:catalog:CLO:EBIRD:OBS1149774706,Apodiformes,Apodidae,Collocalia,Collocalia marginata
1773,3633722075,URN:catalog:CLO:EBIRD:OBS1242462502,Passeriformes,Passeridae,Passer,Passer montanus
1774,3196291117,URN:catalog:CLO:EBIRD:OBS998238272,Columbiformes,Columbidae,Geopelia,Geopelia striata
1775,5598888430,URN:catalog:CLO:EBIRD:OBS1956765190,Passeriformes,Pycnonotidae,Pycnonotus,Pycnonotus goiavier
1776,3603631538,URN:catalog:CLO:EBIRD:OBS1099635231,Passeriformes,Rhipiduridae,Rhipidura,Rhipidura nigritorquis
1778,4749733968,URN:catalog:CLO:EBIRD:OBS1956762790,Passeriformes,Rhipiduridae,Rhipidura,Rhipidura nigritorquis
1779,4673810694,URN:catalog:CLO:EBIRD:OBS1895420884,Passeriformes,Passeridae,Passer,Passer montanus
1780,4695821765,URN:catalog:CLO:EBIRD:OBS1609959562,Passeriformes,Muscicapidae,Copsychus,Copsychus mindanensis
1781,4709230428,URN:catalog:CLO:EBIRD:OBS1737370495,Columbiformes,Columbidae,Spilopelia,Spilopelia chinensis
1783,5302136056,URN:catalog:CLO:EBIRD:OBS2040682527,Passeriformes,Passeridae,Passer,Passer montanus
1784,3510340124,URN:catalog:CLO:EBIRD:OBS1049205642,Passeriformes,Laniidae,Lanius,Lanius cristatus
1786,3676588271,URN:catalog:CLO:EBIRD:OBS1122473257,Passeriformes,Estrildidae,Lonchura,Lonchura punctulata
1787,3547156822,URN:catalog:CLO:EBIRD:OBS1266508561,Passeriformes,Artamidae,Artamus,Artamus leucorhynchos
1789,5632732800,URN:catalog:CLO:EBIRD:OBS1980598421,Piciformes,Megalaimidae,Psilopogon,Psilopogon haemacephalus
1790,4800934061,URN:catalog:CLO:EBIRD:OBS1882512220,Psittaciformes,Psittacidae,Loriculus,Loriculus philippensis
1792,3571950801,URN:catalog:CLO:EBIRD:OBS1233284424,Psittaciformes,Psittacidae,Loriculus,Loriculus philippensis
1793,3289556360,URN:catalog:CLO:EBIRD:OBS1007299900,Passeriformes,Laniidae,Lanius,Lanius cristatus
1794,4296706804,URN:catalog:CLO:EBIRD:OBS1430311526,Pelecaniformes,Ardeidae,Egretta,Egretta intermedia
1795,3533349391,URN:catalog:CLO:EBIRD:OBS1069482035,Passeriformes,Dicaeidae,Dicaeum,Dicaeum australe
1796,3609374113,URN:catalog:CLO:EBIRD:OBS1092831328,Passeriformes,Sturnidae,Aplonis,Aplonis panayensis
1797,3260772308,URN:catalog:CLO:EBIRD:OBS998236727,Columbiformes,Columbidae,Geopelia,Geopelia striata
1799,3279536522,URN:catalog:CLO:EBIRD:OBS1027283646,Piciformes,Picidae,Yungipicus,Yungipicus maculatus
1800,3610226199,URN:catalog:CLO:EBIRD:OBS1092826417,Passeriformes,Passeridae,Passer,Passer montanus
1801,3595580260,URN:catalog:CLO:EBIRD:OBS1132503811,Passeriformes,Oriolidae,Oriolus,Oriolus chinensis
1802,3563063422,URN:catalog:CLO:EBIRD:OBS1241356545,Passeriformes,Zosteropidae,Zosterops,Zosterops meyeni
1803,5458889497,URN:catalog:CLO:EBIRD:OBS1956776299,Passeriformes,Nectariniidae,Cinnyris,Cinnyris jugularis
1804,4707279675,URN:catalog:CLO:EBIRD:OBS1639025778,Passeriformes,Nectariniidae,Cinnyris,Cinnyris jugularis
1805,3541925565,URN:catalog:CLO:EBIRD:OBS1073190937,Passeriformes,Oriolidae,Oriolus,Oriolus chinensis
1806,3561674852,URN:catalog:CLO:EBIRD:OBS1129098178,Pelecaniformes,Ardeidae,Egretta,Egretta garzetta
1807,3210275333,URN:catalog:CLO:EBIRD:OBS1008206975,Passeriformes,Zosteropidae,Zosterops,Zosterops meyeni
1808,3136069051,URN:catalog:CLO:EBIRD:OBS865790460,Passeriformes,Pycnonotidae,Pycnonotus,Pycnonotus goiavier
1809,3548053804,URN:catalog:CLO:EBIRD:OBS1215786350,Psittaciformes,Psittacidae,Loriculus,Loriculus philippensis
1810,4747269884,URN:catalog:CLO:EBIRD:OBS1609959558,Passeriformes,Phylloscopidae,Phylloscopus,Phylloscopus borealis
1812,4828890928,URN:catalog:CLO:EBIRD:OBS1951651926,Passeriformes,Acanthizidae,Gerygone,Gerygone sulphurea
1814,3683329996,URN:catalog:CLO:EBIRD:OBS1117992335,Passeriformes,Passeridae,Passer,Passer montanus
1816,4684664455,URN:catalog:CLO:EBIRD:OBS1726715788,Passeriformes,Passeridae,Passer,Passer montanus
1818,3591586236,URN:catalog:CLO:EBIRD:OBS1132503810,Columbiformes,Columbidae,Columba,Columba livia
1819,4646143053,URN:catalog:CLO:EBIRD:OBS1651041429,Apodiformes,Apodidae,Collocalia,Collocalia marginata
1820,3670332391,URN:catalog:CLO:EBIRD:OBS1122473261,Columbiformes,Columbidae,Geopelia,Geopelia striata
1821,4287412980,URN:catalog:CLO:EBIRD:OBS1315919618,Passeriformes,Nectariniidae,Cinnyris,Cinnyris jugularis
1822,4238628655,URN:catalog:CLO:EBIRD:OBS1324153262,Passeriformes,Acanthizidae,Gerygone,Gerygone sulphurea
1823,3602117585,URN:catalog:CLO:EBIRD:OBS1117836176,Passeriformes,Rhipiduridae,Rhipidura,Rhipidura nigritorquis
1824,4278561177,URN:catalog:CLO:EBIRD:OBS1591411426,Passeriformes,Pycnonotidae,Pycnonotus,Pycnonotus goiavier
1825,3270102799,URN:catalog:CLO:EBIRD:OBS1011600854,Columbiformes,Columbidae,Spilopelia,Spilopelia chinensis
1826,4291975692,URN:catalog:CLO:EBIRD:OBS1315919485,Passeriformes,Motacillidae,Motacilla,Motacilla cinerea
1827,3572807815,URN:catalog:CLO:EBIRD:OBS1237382189,Piciformes,Picidae,Yungipicus,Yungipicus maculatus
1828,5526620774,URN:catalog:CLO:EBIRD:OBS1951483889,Passeriformes,Passeridae,Passer,Passer montanus
1831,3154789918,URN:catalog:CLO:EBIRD:OBS915795104,Passeriformes,Sturnidae,Aplonis,Aplonis panayensis
1832,4278499466,URN:catalog:CLO:EBIRD:OBS1385753896,Passeriformes,Sturnidae,Acridotheres,Acridotheres cristatellus
1833,5630361438,URN:catalog:CLO:EBIRD:OBS2031188668,Passeriformes,Passeridae,Passer,Passer montanus
1834,4317388012,URN:catalog:CLO:EBIRD:OBS1361347056,Passeriformes,Motacillidae,Motacilla,Motacilla cinerea
1835,3518304577,URN:catalog:CLO:EBIRD:OBS1112488564,Passeriformes,Sturnidae,Acridotheres,Acridotheres cristatellus
1836,4298590963,URN:catalog:CLO:EBIRD:OBS1315916218,Passeriformes,Nectariniidae,Cinnyris,Cinnyris jugularis
1837,4334793636,URN:catalog:CLO:EBIRD:OBS1429752896,Passeriformes,Rhipiduridae,Rhipidura,Rhipidura nigritorquis
1838,3609875978,URN:catalog:CLO:EBIRD:OBS1116026410,Passeriformes,Corvidae,Corvus,
1839,4259870099,URN:catalog:CLO:EBIRD:OBS1350512008,Passeriformes,Rhipiduridae,Rhipidura,Rhipidura nigritorquis
1840,3509553283,URN:catalog:CLO:EBIRD:OBS1085779985,Passeriformes,Rhipiduridae,Rhipidura,Rhipidura nigritorquis
1841,3616348236,URN:catalog:CLO:EBIRD:OBS1111255407,Passeriformes,Motacillidae,Motacilla,Motacilla cinerea
1842,3527058491,URN:catalog:CLO:EBIRD:OBS1129098180,Passeriformes,Acanthizidae,Gerygone,Gerygone sulphurea
1843,3662954983,URN:catalog:CLO:EBIRD:OBS1234561850,Piciformes,Picidae,Yungipicus,Yungipicus maculatus
1844,4694136203,URN:catalog:CLO:EBIRD:OBS1780342913,Passeriformes,Hirundinidae,Hirundo,Hirundo javanica
1845,5535341221,URN:catalog:CLO:EBIRD:OBS2431090528,Pelecaniformes,Ardeidae,Nycticorax,Nycticorax nycticorax
1846,5341615227,URN:catalog:CLO:EBIRD:OBS1953202839,Passeriformes,Acanthizidae,Gerygone,Gerygone sulphurea
1847,3184434035,URN:catalog:CLO:EBIRD:OBS978139292,Passeriformes,Pycnonotidae,Pycnonotus,Pycnonotus goiavier
1848,4763137509,URN:catalog:CLO:EBIRD:OBS1721897324,Passeriformes,Corvidae,Corvus,
1849,3587512636,URN:catalog:CLO:EBIRD:OBS1073187020,Psittaciformes,Psittacidae,Loriculus,Loriculus philippensis
1850,3509903519,URN:catalog:CLO:EBIRD:OBS1081460642,Passeriformes,Passeridae,Passer,Passer montanus
1852,3612159721,URN:catalog:CLO:EBIRD:OBS1092826418,Passeriformes,Sturnidae,Aplonis,Aplonis panayensis
1853,3648090928,URN:catalog:CLO:EBIRD:OBS1084204192,Passeriformes,Passeridae,Passer,Passer montanus
1854,3524183777,URN:catalog:CLO:EBIRD:OBS1117989313,Passeriformes,Dicaeidae,Dicaeum,Dicaeum australe
1855,4257099884,URN:catalog:CLO:EBIRD:OBS1467264189,Passeriformes,Nectariniidae,Cinnyris,Cinnyris jugularis
1856,4382454700,URN:catalog:CLO:EBIRD:OBS1518646409,Columbiformes,Columbidae,Spilopelia,Spilopelia chinensis
1857,3532478308,URN:catalog:CLO:EBIRD:OBS1200949595,Piciformes,Megalaimidae,Psilopogon,Psilopogon haemacephalus
1858,3561603625,URN:catalog:CLO:EBIRD:OBS1129098176,Passeriformes,Nectariniidae,Cinnyris,Cinnyris jugularis
1860,4790458629,URN:catalog:CLO:EBIRD:OBS1837252362,Passeriformes,Laniidae,Lanius,Lanius cristatus
1861,4756691804,URN:catalog:CLO:EBIRD:OBS1609959561,Passeriformes,Laniidae,Lanius,Lanius schach
1862,3595156447,URN:catalog:CLO:EBIRD:OBS1091761597,Passeriformes,Laniidae,Lanius,Lanius cristatus
1863,3687089732,URN:catalog:CLO:EBIRD:OBS1111246208,Passeriformes,Nectariniidae,Cinnyris,Cinnyris jugularis
1864,4776946918,URN:catalog:CLO:EBIRD:OBS1609959571,Pelecaniformes,Ardeidae,Egretta,Egretta garzetta
1866,3229919418,URN:catalog:CLO:EBIRD:OBS915640003,Passeriformes,Campephagidae,Lalage,Lalage nigra
1867,4817985289,URN:catalog:CLO:EBIRD:OBS1726712713,Passeriformes,Pycnonotidae,Pycnonotus,Pycnonotus goiavier
1868,3557992476,URN:catalog:CLO:EBIRD:OBS1129473863,Pelecaniformes,Ardeidae,Egretta,Egretta garzetta
1869,3677712252,URN:catalog:CLO:EBIRD:OBS1073180556,Passeriformes,Dicaeidae,Dicaeum,Dicaeum australe
1870,4830178092,URN:catalog:CLO:EBIRD:OBS1726712624,Passeriformes,Pycnonotidae,Pycnonotus,Pycnonotus goiavier
1871,5336972302,URN:catalog:CLO:EBIRD:OBS2351968845,Passeriformes,Passeridae,Passer,Passer montanus
1872,3551303697,URN:catalog:CLO:EBIRD:OBS1266508546,Passeriformes,Rhipiduridae,Rhipidura,Rhipidura nigritorquis
1873,3631975638,URN:catalog:CLO:EBIRD:OBS1224433765,Passeriformes,Sturnidae,Aplonis,Aplonis panayensis
1874,4187963837,URN:catalog:CLO:EBIRD:OBS1331009396,Passeriformes,Dicaeidae,Dicaeum,Dicaeum australe
1875,4642788013,URN:catalog:CLO:EBIRD:OBS1956762788,Coraciiformes,Alcedinidae,Alcedo,Alcedo atthis
1876,5393925233,URN:catalog:CLO:EBIRD:OBS2540234727,Pelecaniformes,Ardeidae,Egretta,Egretta garzetta
1878,4693174679,URN:catalog:CLO:EBIRD:OBS1632529950,Columbiformes,Columbidae,Geopelia,Geopelia striata
1879,3552090121,URN:catalog:CLO:EBIRD:OBS1129473867,Passeriformes,Sturnidae,Aplonis,Aplonis panayensis
1881,3539885789,URN:catalog:CLO:EBIRD:OBS1266508552,Passeriformes,Pycnonotidae,Pycnonotus,Pycnonotus goiavier
1882,4374077275,URN:catalog:CLO:EBIRD:OBS1385753898,Apodiformes,Apodidae,Collocalia,Collocalia marginata
1883,4291451760,URN:catalog:CLO:EBIRD:OBS1313293449,Passeriformes,Rhipiduridae,Rhipidura,Rhipidura nigritorquis
1884,4202361417,URN:catalog:CLO:EBIRD:OBS1329314376,Passeriformes,Zosteropidae,Zosterops,Zosterops meyeni
1885,5563642180,URN:catalog:CLO:EBIRD:OBS1951483894,Passeriformes,Pycnonotidae,Pycnonotus,Pycnonotus goiavier
1886,3640624441,URN:catalog:CLO:EBIRD:OBS1082880915,Passeriformes,Campephagidae,Lalage,Lalage nigra
1887,3511730838,URN:catalog:CLO:EBIRD:OBS1085779984,Passeriformes,Pycnonotidae,Pycnonotus,Pycnonotus goiavier
1888,5523191043,URN:catalog:CLO:EBIRD:OBS2485294676,Passeriformes,Pycnonotidae,Pycnonotus,Pycnonotus goiavier
1889,3689505653,URN:catalog:CLO:EBIRD:OBS1267079748,Passeriformes,Corvidae,Corvus,
1890,4646768173,URN:catalog:CLO:EBIRD:OBS1726712702,Passeriformes,Campephagidae,Lalage,Lalage nigra
1891,3599635197,URN:catalog:CLO:EBIRD:OBS1099635233,Columbiformes,Columbidae,Spilopelia,Spilopelia chinensis
1892,3633864285,URN:catalog:CLO:EBIRD:OBS1241367926,Passeriformes,Acanthizidae,Gerygone,Gerygone sulphurea
1895,4657847181,URN:catalog:CLO:EBIRD:OBS1737370501,Gruiformes,Rallidae,Gallirallus,Gallirallus torquatus
1896,3648806335,URN:catalog:CLO:EBIRD:OBS1278134617,Passeriformes,Pycnonotidae,Pycnonotus,Pycnonotus goiavier
1897,5302584147,URN:catalog:CLO:EBIRD:OBS1956772184,Passeriformes,Hirundinidae,Hirundo,Hirundo javanica
1898,4794034246,URN:catalog:CLO:EBIRD:OBS1639025770,Passeriformes,Corvidae,Corvus,
1899,4307541641,URN:catalog:CLO:EBIRD:OBS1323151396,Passeriformes,Laniidae,Lanius,Lanius cristatus
1900,3226509010,URN:catalog:CLO:EBIRD:OBS865788033,Passeriformes,Laniidae,Lanius,Lanius cristatus
1901,4618442451,URN:catalog:CLO:EBIRD:OBS1837039404,Passeriformes,Sturnidae,Aplonis,Aplonis panayensis
1902,5681141441,URN:catalog:CLO:EBIRD:OBS1980598997,Passeriformes,Dicaeidae,Dicaeum,Dicaeum australe
1903,4190172867,URN:catalog:CLO:EBIRD:OBS1331009388,Passeriformes,Sturnidae,Aplonis,Aplonis panayensis
1904,4195545380,URN:catalog:CLO:EBIRD:OBS1323152450,Passeriformes,Oriolidae,Oriolus,Oriolus chinensis
1905,4327886113,URN:catalog:CLO:EBIRD:OBS1329314379,Passeriformes,Laniidae,Lanius,Lanius cristatus
1907,4710301558,URN:catalog:CLO:EBIRD:OBS1800847852,Passeriformes,Zosteropidae,Zosterops,Zosterops meyeni
1909,3647541016,URN:catalog:CLO:EBIRD:OBS1216850775,Passeriformes,Pycnonotidae,Pycnonotus,Pycnonotus goiavier
1910,3649095004,URN:catalog:CLO:EBIRD:OBS1073180984,Passeriformes,Hirundinidae,Hirundo,Hirundo javanica
1911,3673002384,URN:catalog:CLO:EBIRD:OBS1117832742,Passeriformes,Passeridae,Passer,Passer montanus
1912,4659889384,URN:catalog:CLO:EBIRD:OBS1726712612,Columbiformes,Columbidae,Geopelia,Geopelia striata
1913,3623196131,URN:catalog:CLO:EBIRD:OBS1117792191,Passeriformes,Oriolidae,Oriolus,Oriolus chinensis
1914,3261289171,URN:catalog:CLO:EBIRD:OBS1011600856,Passeriformes,Passeridae,Passer,Passer montanus
1916,4638615871,URN:catalog:CLO:EBIRD:OBS1726712708,Passeriformes,Corvidae,Corvus,
1918,5613040233,URN:catalog:CLO:EBIRD:OBS2414893832,Passeriformes,Rhipiduridae,Rhipidura,Rhipidura nigritorquis
1919,3238460532,URN:catalog:CLO:EBIRD:OBS915635958,Passeriformes,Passeridae,Passer,Passer montanus
1920,3513663875,URN:catalog:CLO:EBIRD:OBS1083433229,Passeriformes,Pycnonotidae,Pycnonotus,Pycnonotus goiavier
1921,3511581831,URN:catalog:CLO:EBIRD:OBS1098562099,Passeriformes,Oriolidae,Oriolus,Oriolus chinensis
1922,3660583341,URN:catalog:CLO:EBIRD:OBS1242468435,Gruiformes,Rallidae,Amaurornis,Amaurornis phoenicurus
1924,3530462849,URN:catalog:CLO:EBIRD:OBS1054332207,Passeriformes,Nectariniidae,Cinnyris,Cinnyris jugularis
1925,5440075797,URN:catalog:CLO:EBIRD:OBS2737179478,Passeriformes,Sturnidae,Aplonis,Aplonis panayensis
1926,3632759058,URN:catalog:CLO:EBIRD:OBS1222162992,Columbiformes,Columbidae,Geopelia,Geopelia striata
1927,3641017293,URN:catalog:CLO:EBIRD:OBS1220882743,Passeriformes,Sturnidae,Acridotheres,Acridotheres cristatellus
1928,4198193271,URN:catalog:CLO:EBIRD:OBS1361347060,Passeriformes,Nectariniidae,Cinnyris,Cinnyris jugularis
1929,3572576955,URN:catalog:CLO:EBIRD:OBS1215786348,Passeriformes,Acanthizidae,Gerygone,Gerygone sulphurea
1930,4759013810,URN:catalog:CLO:EBIRD:OBS1726712621,Pelecaniformes,Ardeidae,Nycticorax,Nycticorax nycticorax
1931,3675429913,URN:catalog:CLO:EBIRD:OBS1073182831,Passeriformes,Rhipiduridae,Rhipidura,Rhipidura nigritorquis
1932,4362034405,URN:catalog:CLO:EBIRD:OBS1474633456,Passeriformes,Passeridae,Passer,Passer montanus
1933,3597613517,URN:catalog:CLO:EBIRD:OBS1103447744,Gruiformes,Rallidae,Amaurornis,Amaurornis phoenicurus
1934,3648842720,URN:catalog:CLO:EBIRD:OBS1267078240,Passeriformes,Zosteropidae,Zosterops,Zosterops meyeni
1935,4798120338,URN:catalog:CLO:EBIRD:OBS1853007222,Passeriformes,Sturnidae,Aplonis,Aplonis panayensis
1936,3679712068,URN:catalog:CLO:EBIRD:OBS1102780589,Columbiformes,Columbidae,Geopelia,Geopelia striata
1937,5376414235,URN:catalog:CLO:EBIRD:OBS2220359429,Passeriformes,Rhipiduridae,Rhipidura,Rhipidura nigritorquis
1938,4314532120,URN:catalog:CLO:EBIRD:OBS1357342919,Passeriformes,Pycnonotidae,Pycnonotus,Pycnonotus goiavier
1939,4778427169,URN:catalog:CLO:EBIRD:OBS1632529949,Passeriformes,Pycnonotidae,Pycnonotus,Pycnonotus goiavier
1940,3245232509,URN:catalog:CLO:EBIRD:OBS848445251,Charadriiformes,Laridae,Chlidonias,Chlidonias hybrida
1941,3517007387,URN:catalog:CLO:EBIRD:OBS1111248995,Passeriformes,Nectariniidae,Cinnyris,Cinnyris jugularis
1942,3601114580,URN:catalog:CLO:EBIRD:OBS1233303393,Passeriformes,Rhipiduridae,Rhipidura,Rhipidura nigritorquis
1944,3514756548,URN:catalog:CLO:EBIRD:OBS1073368671,Coraciiformes,Alcedinidae,Todiramphus,Todiramphus chloris
1945,3682591318,URN:catalog:CLO:EBIRD:OBS1117992361,Pelecaniformes,Ardeidae,Egretta,Egretta garzetta
1946,3621753314,URN:catalog:CLO:EBIRD:OBS1095329832,Passeriformes,Passeridae,Passer,Passer montanus
1947,4768945775,URN:catalog:CLO:EBIRD:OBS1633569816,Passeriformes,Passeridae,Passer,Passer montanus
1948,5525308837,URN:catalog:CLO:EBIRD:OBS1980599001,Passeriformes,Sturnidae,Aplonis,Aplonis panayensis
1949,4317919828,URN:catalog:CLO:EBIRD:OBS1313293447,Passeriformes,Oriolidae,Oriolus,Oriolus chinensis
1950,3241473839,URN:catalog:CLO:EBIRD:OBS845949799,Passeriformes,Zosteropidae,Zosterops,Zosterops meyeni
1951,3505165168,URN:catalog:CLO:EBIRD:OBS1054332210,Columbiformes,Columbidae,Geopelia,Geopelia striata
1952,4783138430,URN:catalog:CLO:EBIRD:OBS1800847860,Piciformes,Picidae,Yungipicus,Yungipicus maculatus
1953,4327324584,URN:catalog:CLO:EBIRD:OBS1361347062,Columbiformes,Columbidae,Columba,Columba livia
1954,5642421628,URN:catalog:CLO:EBIRD:OBS1956776301,Passeriformes,Rhipiduridae,Rhipidura,Rhipidura nigritorquis
1955,3654926812,URN:catalog:CLO:EBIRD:OBS1219817915,Passeriformes,Rhipiduridae,Rhipidura,Rhipidura nigritorquis
1956,4254986842,URN:catalog:CLO:EBIRD:OBS1385753890,Apodiformes,Apodidae,Aerodramus,Aerodramus amelis
1958,3591017571,URN:catalog:CLO:EBIRD:OBS1103447742,Passeriformes,Acanthizidae,Gerygone,Gerygone sulphurea
1959,3536492329,URN:catalog:CLO:EBIRD:OBS1251709965,Passeriformes,Pycnonotidae,Pycnonotus,Pycnonotus goiavier
1960,3660728727,URN:catalog:CLO:EBIRD:OBS1278134620,Passeriformes,Dicaeidae,Dicaeum,Dicaeum australe
1961,3294790254,URN:catalog:CLO:EBIRD:OBS1004885099,Columbiformes,Columbidae,Geopelia,Geopelia striata
1962,3515426978,URN:catalog:CLO:EBIRD:OBS1080841861,Passeriformes,Hirundinidae,Hirundo,Hirundo rustica
1963,3649926072,URN:catalog:CLO:EBIRD:OBS1219817914,Passeriformes,Pycnonotidae,Pycnonotus,Pycnonotus goiavier
1964,4656740383,URN:catalog:CLO:EBIRD:OBS1597543448,Passeriformes,Dicaeidae,Dicaeum,Dicaeum australe
1965,4730214892,URN:catalog:CLO:EBIRD:OBS1609959572,Passeriformes,Acanthizidae,Gerygone,Gerygone sulphurea
1966,3687503325,URN:catalog:CLO:EBIRD:OBS1117992355,Passeriformes,Estrildidae,Lonchura,Lonchura punctulata
1967,3651088715,URN:catalog:CLO:EBIRD:OBS1267078232,Passeriformes,Oriolidae,Oriolus,Oriolus chinensis
1968,4632588426,URN:catalog:CLO:EBIRD:OBS1726712628,Psittaciformes,Psittacidae,Loriculus,Loriculus philippensis
1969,4674975171,URN:catalog:CLO:EBIRD:OBS1835246918,Passeriformes,Passeridae,Passer,Passer montanus
1970,5649710345,URN:catalog:CLO:EBIRD:OBS1956773898,Passeriformes,Motacillidae,Motacilla,Motacilla cinerea
1971,3248474850,URN:catalog:CLO:EBIRD:OBS917425579,Passeriformes,Oriolidae,Oriolus,Oriolus chinensis
1972,4618908427,URN:catalog:CLO:EBIRD:OBS1726712619,Passeriformes,Corvidae,Corvus,
1973,3588456025,URN:catalog:CLO:EBIRD:OBS1091761601,Passeriformes,Muscicapidae,Copsychus,Copsychus mindanensis
1974,3544858673,URN:catalog:CLO:EBIRD:OBS1251715624,Columbiformes,Columbidae,Columba,Columba livia
1975,4269558793,URN:catalog:CLO:EBIRD:OBS1350512005,Passeriformes,Zosteropidae,Zosterops,Zosterops meyeni
1976,3268266318,URN:catalog:CLO:EBIRD:OBS1002671441,Passeriformes,Nectariniidae,Cinnyris,Cinnyris jugularis
1977,3683338177,URN:catalog:CLO:EBIRD:OBS1117992364,Columbiformes,Columbidae,Spilopelia,Spilopelia chinensis
1978,3670261529,URN:catalog:CLO:EBIRD:OBS1121865203,Passeriformes,Nectariniidae,Cinnyris,Cinnyris jugularis
1979,4202405194,URN:catalog:CLO:EBIRD:OBS1329314369,Passeriformes,Artamidae,Artamus,Artamus leucorhynchos
1980,5485031399,URN:catalog:CLO:EBIRD:OBS1980599000,Passeriformes,Acanthizidae,Gerygone,Gerygone sulphurea
1981,5378637059,URN:catalog:CLO:EBIRD:OBS2431090539,Columbiformes,Columbidae,Spilopelia,Spilopelia chinensis
1982,3534033719,URN:catalog:CLO:EBIRD:OBS1073190938,Coraciiformes,Alcedinidae,Todiramphus,Todiramphus chloris
1983,3600874540,URN:catalog:CLO:EBIRD:OBS1098581585,Passeriformes,Sturnidae,Aplonis,Aplonis panayensis
1985,4283539569,URN:catalog:CLO:EBIRD:OBS1430310163,Apodiformes,Apodidae,Collocalia,Collocalia marginata
1986,4308602235,URN:catalog:CLO:EBIRD:OBS1361347061,Psittaciformes,Psittacidae,Loriculus,Loriculus philippensis
1987,3625046306,URN:catalog:CLO:EBIRD:OBS1274963886,Passeriformes,Pycnonotidae,Pycnonotus,Pycnonotus goiavier
1988,3672843363,URN:catalog:CLO:EBIRD:OBS1140362952,Pelecaniformes,Ardeidae,Egretta,Egretta garzetta
1989,5582254617,URN:catalog:CLO:EBIRD:OBS2431090540,Apodiformes,Apodidae,Collocalia,Collocalia marginata
1991,4790826714,URN:catalog:CLO:EBIRD:OBS1814720157,Passeriformes,Pycnonotidae,Pycnonotus,Pycnonotus goiavier
1992,3567963812,URN:catalog:CLO:EBIRD:OBS1129473873,Passeriformes,Pycnonotidae,Pycnonotus,Pycnonotus goiavier
1993,4647003044,URN:catalog:CLO:EBIRD:OBS1726712703,Pelecaniformes,Ardeidae,Nycticorax,Nycticorax nycticorax
1994,3589470666,URN:catalog:CLO:EBIRD:OBS1091761611,Passeriformes,Oriolidae,Oriolus,Oriolus chinensis
1995,3673541940,URN:catalog:CLO:EBIRD:OBS1117832743,Passeriformes,Sturnidae,Aplonis,Aplonis panayensis
1996,4310198990,URN:catalog:CLO:EBIRD:OBS1323152440,Coraciiformes,Alcedinidae,Todiramphus,Todiramphus chloris
1997,3201409436,URN:catalog:CLO:EBIRD:OBS1008206972,Coraciiformes,Alcedinidae,Todiramphus,Todiramphus chloris
1998,3152047638,URN:catalog:CLO:EBIRD:OBS920391196,Piciformes,Megalaimidae,Psilopogon,Psilopogon haemacephalus
1999,4354842316,URN:catalog:CLO:EBIRD:OBS1591411430,Psittaciformes,Psittacidae,Loriculus,Loriculus philippensis
2000,3598014534,URN:catalog:CLO:EBIRD:OBS1091761609,Piciformes,Megalaimidae,Psilopogon,Psilopogon haemacephalus
2001,4645466282,URN:catalog:CLO:EBIRD:OBS1629820302,Passeriformes,Oriolidae,Oriolus,Oriolus chinensis
2002,5338978465,URN:catalog:CLO:EBIRD:OBS2218373313,Passeriformes,Nectariniidae,Cinnyris,Cinnyris jugularis
2003,4831179653,URN:catalog:CLO:EBIRD:OBS1924803384,Passeriformes,Hirundinidae,Hirundo,Hirundo javanica
2004,4373964265,URN:catalog:CLO:EBIRD:OBS1470630180,Passeriformes,Passeridae,Passer,Passer montanus
2005,3197834943,URN:catalog:CLO:EBIRD:OBS978139290,Passeriformes,Zosteropidae,Zosterops,Zosterops meyeni
2006,3525146487,URN:catalog:CLO:EBIRD:OBS1081460636,Passeriformes,Sturnidae,Acridotheres,Acridotheres cristatellus
2007,3552052917,URN:catalog:CLO:EBIRD:OBS1129098177,Passeriformes,Oriolidae,Oriolus,Oriolus chinensis
2008,3691322817,URN:catalog:CLO:EBIRD:OBS1267079737,Piciformes,Picidae,Yungipicus,Yungipicus maculatus
2009,5558145631,URN:catalog:CLO:EBIRD:OBS2019954483,Passeriformes,Nectariniidae,Cinnyris,Cinnyris jugularis
2010,5653103415,URN:catalog:CLO:EBIRD:OBS1956764491,Passeriformes,Passeridae,Passer,Passer montanus
2011,4654221988,URN:catalog:CLO:EBIRD:OBS1737370492,Columbiformes,Columbidae,Geopelia,Geopelia striata
2012,3579714018,URN:catalog:CLO:EBIRD:OBS1233284423,Coraciiformes,Alcedinidae,Todiramphus,Todiramphus chloris
2013,3242187827,URN:catalog:CLO:EBIRD:OBS845949803,Passeriformes,Oriolidae,Oriolus,Oriolus chinensis
2014,3275036349,URN:catalog:CLO:EBIRD:OBS998236728,Piciformes,Megalaimidae,Psilopogon,Psilopogon haemacephalus
2015,3197784055,URN:catalog:CLO:EBIRD:OBS978139293,Passeriformes,Rhipiduridae,Rhipidura,Rhipidura nigritorquis
2016,3635616122,URN:catalog:CLO:EBIRD:OBS1216853900,Passeriformes,Zosteropidae,Zosterops,Zosterops meyeni
2017,3638028283,URN:catalog:CLO:EBIRD:OBS1242468431,Passeriformes,Rhipiduridae,Rhipidura,Rhipidura nigritorquis
2018,3267042956,URN:catalog:CLO:EBIRD:OBS1011600858,Piciformes,Megalaimidae,Psilopogon,Psilopogon haemacephalus
2019,3594668715,URN:catalog:CLO:EBIRD:OBS1103447741,Passeriformes,Dicaeidae,Dicaeum,Dicaeum australe
2020,3612171276,URN:catalog:CLO:EBIRD:OBS1119129886,Psittaciformes,Psittacidae,Loriculus,Loriculus philippensis
2021,4199168333,URN:catalog:CLO:EBIRD:OBS1350514533,Coraciiformes,Alcedinidae,Todiramphus,Todiramphus chloris
2023,3525738305,URN:catalog:CLO:EBIRD:OBS1069482033,Passeriformes,Laniidae,Lanius,Lanius cristatus
2024,4334129475,URN:catalog:CLO:EBIRD:OBS1336401564,Passeriformes,Oriolidae,Oriolus,Oriolus chinensis
2025,4704134948,URN:catalog:CLO:EBIRD:OBS1780342909,Apodiformes,Apodidae,Collocalia,Collocalia marginata
2027,3285139509,URN:catalog:CLO:EBIRD:OBS1007299905,Passeriformes,Acanthizidae,Gerygone,Gerygone sulphurea
2028,3683850176,URN:catalog:CLO:EBIRD:OBS1117823908,Passeriformes,Sturnidae,Acridotheres,Acridotheres cristatellus
2029,3693752417,URN:catalog:CLO:EBIRD:OBS1267079747,Passeriformes,Passeridae,Passer,Passer montanus
2030,4669008478,URN:catalog:CLO:EBIRD:OBS1737370493,Passeriformes,Pycnonotidae,Pycnonotus,Pycnonotus goiavier
2032,3543652089,URN:catalog:CLO:EBIRD:OBS1112488559,Passeriformes,Pycnonotidae,Pycnonotus,Pycnonotus goiavier
2033,3249065999,URN:catalog:CLO:EBIRD:OBS862813321,Piciformes,Picidae,Yungipicus,Yungipicus maculatus
2034,3556672767,URN:catalog:CLO:EBIRD:OBS1263408591,Coraciiformes,Alcedinidae,Todiramphus,Todiramphus chloris
2035,3207307368,URN:catalog:CLO:EBIRD:OBS1008206964,Charadriiformes,Scolopacidae,Actitis,Actitis hypoleucos
2036,4662417437,URN:catalog:CLO:EBIRD:OBS1896485961,Passeriformes,Phylloscopidae,Phylloscopus,Phylloscopus borealis
2037,3616057623,URN:catalog:CLO:EBIRD:OBS1274963883,Passeriformes,Sturnidae,Aplonis,Aplonis panayensis
2038,4287183457,URN:catalog:CLO:EBIRD:OBS1323152441,Passeriformes,Rhipiduridae,Rhipidura,Rhipidura nigritorquis
2039,5520599645,URN:catalog:CLO:EBIRD:OBS2552281873,Passeriformes,Corvidae,Corvus,
2040,3510941488,URN:catalog:CLO:EBIRD:OBS1073368672,Psittaciformes,Psittacidae,Loriculus,Loriculus philippensis
2041,3693423890,URN:catalog:CLO:EBIRD:OBS1241363598,Psittaciformes,Psittacidae,Loriculus,Loriculus philippensis
2042,3667093989,URN:catalog:CLO:EBIRD:OBS1082880922,Passeriformes,Passeridae,Passer,Passer montanus
2043,5313928304,URN:catalog:CLO:EBIRD:OBS1956750317,Columbiformes,Columbidae,Spilopelia,Spilopelia chinensis
2044,4675478429,URN:catalog:CLO:EBIRD:OBS1895415981,Passeriformes,Laniidae,Lanius,Lanius cristatus
2045,3536108955,URN:catalog:CLO:EBIRD:OBS1119942871,Passeriformes,Motacillidae,Motacilla,Motacilla cinerea
2046,4314074273,URN:catalog:CLO:EBIRD:OBS1474021945,Passeriformes,Passeridae,Passer,Passer montanus
2047,4780945960,URN:catalog:CLO:EBIRD:OBS1639025782,Passeriformes,Acanthizidae,Gerygone,Gerygone sulphurea
2048,4653380545,URN:catalog:CLO:EBIRD:OBS1632529945,Passeriformes,Nectariniidae,Cinnyris,Cinnyris jugularis
2049,3554042965,URN:catalog:CLO:EBIRD:OBS1129473865,Passeriformes,Acanthizidae,Gerygone,Gerygone sulphurea
2050,3658597577,URN:catalog:CLO:EBIRD:OBS1259558886,Passeriformes,Passeridae,Passer,Passer montanus
2051,5555759663,URN:catalog:CLO:EBIRD:OBS2287226730,Passeriformes,Pycnonotidae,Pycnonotus,Pycnonotus goiavier
2052,5453933509,URN:catalog:CLO:EBIRD:OBS2540247934,Passeriformes,Passeridae,Passer,Passer montanus
2053,3513966981,URN:catalog:CLO:EBIRD:OBS1122476001,Passeriformes,Motacillidae,Motacilla,Motacilla cinerea
2054,3659382539,URN:catalog:CLO:EBIRD:OBS1267078245,Passeriformes,Laniidae,Lanius,Lanius cristatus
2055,3273257304,URN:catalog:CLO:EBIRD:OBS1002671438,Passeriformes,Motacillidae,Motacilla,Motacilla cinerea
2056,5627556712,URN:catalog:CLO:EBIRD:OBS1926276721,Falconiformes,Falconidae,Falco,Falco peregrinus
2057,3688250051,URN:catalog:CLO:EBIRD:OBS1117992347,Passeriformes,Rhipiduridae,Rhipidura,Rhipidura nigritorquis
2058,3209777806,URN:catalog:CLO:EBIRD:OBS1000063997,Passeriformes,Passeridae,Passer,Passer montanus
2059,3522522675,URN:catalog:CLO:EBIRD:OBS1112488565,Passeriformes,Laniidae,Lanius,Lanius cristatus
2060,3596865359,URN:catalog:CLO:EBIRD:OBS1073378743,Passeriformes,Zosteropidae,Zosterops,Zosterops meyeni
2061,3526446363,URN:catalog:CLO:EBIRD:OBS1081460637,Passeriformes,Pycnonotidae,Pycnonotus,Pycnonotus goiavier
2062,3590924553,URN:catalog:CLO:EBIRD:OBS1091761604,Columbiformes,Columbidae,Spilopelia,Spilopelia chinensis
2063,3543730863,URN:catalog:CLO:EBIRD:OBS1251709969,Passeriformes,Passeridae,Passer,Passer montanus
2064,4318940258,URN:catalog:CLO:EBIRD:OBS1357342908,Piciformes,Megalaimidae,Psilopogon,Psilopogon haemacephalus
2065,3530302107,URN:catalog:CLO:EBIRD:OBS1200949596,Passeriformes,Passeridae,Passer,Passer montanus
2066,4192661106,URN:catalog:CLO:EBIRD:OBS1339262645,Passeriformes,Rhipiduridae,Rhipidura,Rhipidura nigritorquis
2067,3690090902,URN:catalog:CLO:EBIRD:OBS1216850951,Passeriformes,Pycnonotidae,Pycnonotus,Pycnonotus goiavier
2068,3248236018,URN:catalog:CLO:EBIRD:OBS862792021,Passeriformes,Laniidae,Lanius,Lanius cristatus
2070,3674728398,URN:catalog:CLO:EBIRD:OBS1193403842,Passeriformes,Passeridae,Passer,Passer montanus
2071,5482598848,URN:catalog:CLO:EBIRD:OBS2431090535,Coraciiformes,Alcedinidae,Todiramphus,Todiramphus chloris
2074,3637825292,URN:catalog:CLO:EBIRD:OBS1222162988,Piciformes,Megalaimidae,Psilopogon,Psilopogon haemacephalus
2075,3519655582,URN:catalog:CLO:EBIRD:OBS1069482032,Passeriformes,Pycnonotidae,Pycnonotus,Pycnonotus goiavier
2076,3599971282,URN:catalog:CLO:EBIRD:OBS1073188530,Passeriformes,Laniidae,Lanius,Lanius cristatus
2077,3553480880,URN:catalog:CLO:EBIRD:OBS1119942875,Passeriformes,Rhipiduridae,Rhipidura,Rhipidura nigritorquis
2078,3641444681,URN:catalog:CLO:EBIRD:OBS1241367928,Passeriformes,Passeridae,Passer,Passer montanus
2079,3621097483,URN:catalog:CLO:EBIRD:OBS1241367931,Passeriformes,Pycnonotidae,Pycnonotus,Pycnonotus goiavier
2080,4297827163,URN:catalog:CLO:EBIRD:OBS1591411432,Columbiformes,Columbidae,Geopelia,Geopelia striata
2081,3155936475,URN:catalog:CLO:EBIRD:OBS915632772,Passeriformes,Rhipiduridae,Rhipidura,Rhipidura nigritorquis
2082,3612636504,URN:catalog:CLO:EBIRD:OBS1116026404,Passeriformes,Passeridae,Passer,Passer montanus
2083,3590515324,URN:catalog:CLO:EBIRD:OBS1086333258,Passeriformes,Passeridae,Passer,Passer montanus
2084,4300678888,URN:catalog:CLO:EBIRD:OBS1429755149,Passeriformes,Estrildidae,Lonchura,Lonchura atricapilla
2085,5695919368,URN:catalog:CLO:EBIRD:OBS1954981495,Passeriformes,Corvidae,Corvus,
2086,4681031375,URN:catalog:CLO:EBIRD:OBS1639029370,Passeriformes,Oriolidae,Oriolus,Oriolus chinensis
2087,4817512736,URN:catalog:CLO:EBIRD:OBS1630537582,Pelecaniformes,Ardeidae,Egretta,Egretta garzetta
2088,5397429315,URN:catalog:CLO:EBIRD:OBS2540247933,Passeriformes,Zosteropidae,Zosterops,Zosterops meyeni
2089,4658293562,URN:catalog:CLO:EBIRD:OBS1597543434,Passeriformes,Sturnidae,Aplonis,Aplonis panayensis
2090,4652154762,URN:catalog:CLO:EBIRD:OBS1639029374,Passeriformes,Pycnonotidae,Pycnonotus,Pycnonotus goiavier
2092,3544683764,URN:catalog:CLO:EBIRD:OBS1073190944,Passeriformes,Passeridae,Passer,Passer montanus
2093,3527820943,URN:catalog:CLO:EBIRD:OBS1099641328,Passeriformes,Dicaeidae,Dicaeum,Dicaeum australe
2094,4282619532,URN:catalog:CLO:EBIRD:OBS1324153260,Passeriformes,Passeridae,Passer,Passer montanus
2095,3245832555,URN:catalog:CLO:EBIRD:OBS915635960,Columbiformes,Columbidae,Spilopelia,Spilopelia chinensis
2096,3595516122,URN:catalog:CLO:EBIRD:OBS1094483732,Passeriformes,Sturnidae,Aplonis,Aplonis panayensis
2097,3298615884,URN:catalog:CLO:EBIRD:OBS915640002,Passeriformes,Laniidae,Lanius,Lanius cristatus
2098,3530957142,URN:catalog:CLO:EBIRD:OBS1117989315,Passeriformes,Motacillidae,Motacilla,Motacilla cinerea
2099,4704887790,URN:catalog:CLO:EBIRD:OBS1632529947,Passeriformes,Campephagidae,Lalage,Lalage nigra
2101,4260632663,URN:catalog:CLO:EBIRD:OBS1509740668,Passeriformes,Zosteropidae,Zosterops,Zosterops meyeni
2102,4609687363,URN:catalog:CLO:EBIRD:OBS1630537590,Passeriformes,Laniidae,Lanius,Lanius cristatus
2103,3587185216,URN:catalog:CLO:EBIRD:OBS1073187023,Columbiformes,Columbidae,Geopelia,Geopelia striata
2104,3644939432,URN:catalog:CLO:EBIRD:OBS1242468434,Pelecaniformes,Ardeidae,Butorides,Butorides striata
2105,4666356242,URN:catalog:CLO:EBIRD:OBS1639025162,Passeriformes,Passeridae,Passer,Passer montanus
2106,3596806267,URN:catalog:CLO:EBIRD:OBS1082135746,Passeriformes,Passeridae,Passer,Passer montanus
2107,3298692483,URN:catalog:CLO:EBIRD:OBS1011600290,Columbiformes,Columbidae,Geopelia,Geopelia striata
2108,3676152947,URN:catalog:CLO:EBIRD:OBS1117992341,Passeriformes,Dicaeidae,Dicaeum,Dicaeum australe
2110,3616807594,URN:catalog:CLO:EBIRD:OBS1116026407,Passeriformes,Laniidae,Lanius,Lanius cristatus
2111,3648196645,URN:catalog:CLO:EBIRD:OBS1242471484,Psittaciformes,Psittacidae,Loriculus,Loriculus philippensis
2112,4767415872,URN:catalog:CLO:EBIRD:OBS1609959570,Coraciiformes,Alcedinidae,Alcedo,Alcedo atthis
2113,4838016406,URN:catalog:CLO:EBIRD:OBS1738931602,Passeriformes,Hirundinidae,Hirundo,Hirundo javanica
2114,3671298302,URN:catalog:CLO:EBIRD:OBS1121865204,Columbiformes,Columbidae,Geopelia,Geopelia striata
2115,4199785487,URN:catalog:CLO:EBIRD:OBS1429755150,Passeriformes,Muscicapidae,Copsychus,Copsychus mindanensis
2116,3517175665,URN:catalog:CLO:EBIRD:OBS1112488560,Passeriformes,Rhipiduridae,Rhipidura,Rhipidura nigritorquis
2117,5503743796,URN:catalog:CLO:EBIRD:OBS1954981494,Passeriformes,Sturnidae,Acridotheres,Acridotheres cristatellus
2118,4324796011,URN:catalog:CLO:EBIRD:OBS1350507685,Piciformes,Megalaimidae,Psilopogon,Psilopogon haemacephalus
2120,4233316979,URN:catalog:CLO:EBIRD:OBS1357358300,Charadriiformes,Scolopacidae,Actitis,Actitis hypoleucos
2121,4215009816,URN:catalog:CLO:EBIRD:OBS1361349424,Pelecaniformes,Ardeidae,Egretta,Egretta garzetta
2122,4781863462,URN:catalog:CLO:EBIRD:OBS1630537595,Passeriformes,Passeridae,Passer,Passer montanus
2123,4197699811,URN:catalog:CLO:EBIRD:OBS1329317473,Apodiformes,Apodidae,Aerodramus,Aerodramus amelis
2124,3510688632,URN:catalog:CLO:EBIRD:OBS1093523359,Passeriformes,Zosteropidae,Zosterops,Zosterops meyeni
2125,3270923438,URN:catalog:CLO:EBIRD:OBS933608505,Columbiformes,Columbidae,Geopelia,Geopelia striata
2126,5461792784,URN:catalog:CLO:EBIRD:OBS1951483895,Passeriformes,Campephagidae,Lalage,Lalage nigra
2128,4645943412,URN:catalog:CLO:EBIRD:OBS1726715787,Passeriformes,Sturnidae,Aplonis,Aplonis panayensis
2129,4350657272,URN:catalog:CLO:EBIRD:OBS1430311532,Passeriformes,Acanthizidae,Gerygone,Gerygone sulphurea
2130,5471254708,URN:catalog:CLO:EBIRD:OBS1956771825,Columbiformes,Columbidae,Geopelia,Geopelia striata
2131,3589047499,URN:catalog:CLO:EBIRD:OBS1084314134,Passeriformes,Passeridae,Passer,Passer montanus
2132,3525013773,URN:catalog:CLO:EBIRD:OBS1073375428,Passeriformes,Zosteropidae,Zosterops,Zosterops meyeni
2133,3539000736,URN:catalog:CLO:EBIRD:OBS1099641329,Piciformes,Picidae,Yungipicus,Yungipicus maculatus
2134,4333717535,URN:catalog:CLO:EBIRD:OBS1344447036,Piciformes,Picidae,Yungipicus,Yungipicus maculatus
2135,3296072309,URN:catalog:CLO:EBIRD:OBS1007299901,Passeriformes,Passeridae,Passer,Passer montanus
2136,3516260849,URN:catalog:CLO:EBIRD:OBS1098562092,Passeriformes,Nectariniidae,Cinnyris,Cinnyris jugularis
2137,3581148160,URN:catalog:CLO:EBIRD:OBS1274963902,Piciformes,Picidae,Yungipicus,Yungipicus maculatus
2138,4270546005,URN:catalog:CLO:EBIRD:OBS1429757713,Piciformes,Megalaimidae,Psilopogon,Psilopogon haemacephalus
2139,3285061120,URN:catalog:CLO:EBIRD:OBS1004885093,Passeriformes,Pycnonotidae,Pycnonotus,Pycnonotus goiavier
2141,3680760124,URN:catalog:CLO:EBIRD:OBS1117992351,Columbiformes,Columbidae,Geopelia,Geopelia striata
2142,5624211864,URN:catalog:CLO:EBIRD:OBS1952214171,Passeriformes,Nectariniidae,Cinnyris,Cinnyris jugularis
2143,4705865030,URN:catalog:CLO:EBIRD:OBS1629818771,Piciformes,Megalaimidae,Psilopogon,Psilopogon haemacephalus
2144,4327056058,URN:catalog:CLO:EBIRD:OBS1331009395,Passeriformes,Acanthizidae,Gerygone,Gerygone sulphurea
2145,4213610748,URN:catalog:CLO:EBIRD:OBS1429755154,Pelecaniformes,Ardeidae,Egretta,Egretta intermedia
2146,3666581114,URN:catalog:CLO:EBIRD:OBS1111245696,Pelecaniformes,Ardeidae,Egretta,Egretta garzetta
2147,3674140233,URN:catalog:CLO:EBIRD:OBS1114407117,Passeriformes,Corvidae,Corvus,
2149,3620577733,URN:catalog:CLO:EBIRD:OBS1145763444,Passeriformes,Nectariniidae,Cinnyris,Cinnyris jugularis
2150,4712154573,URN:catalog:CLO:EBIRD:OBS1837252363,Passeriformes,Pycnonotidae,Pycnonotus,Pycnonotus goiavier
2152,4688562086,URN:catalog:CLO:EBIRD:OBS1814720160,Columbiformes,Columbidae,Geopelia,Geopelia striata
2154,3534480914,URN:catalog:CLO:EBIRD:OBS1200949602,Psittaciformes,Psittacidae,Loriculus,Loriculus philippensis
2155,5358689602,URN:catalog:CLO:EBIRD:OBS2540247946,Passeriformes,Oriolidae,Oriolus,Oriolus chinensis
2156,5346482873,URN:catalog:CLO:EBIRD:OBS1956750312,Pelecaniformes,Ardeidae,Egretta,Egretta garzetta
2157,4733470856,URN:catalog:CLO:EBIRD:OBS1628948084,Apodiformes,Apodidae,Collocalia,Collocalia marginata
2158,4300084200,URN:catalog:CLO:EBIRD:OBS1361349421,Passeriformes,Oriolidae,Oriolus,Oriolus chinensis
2159,3642524426,URN:catalog:CLO:EBIRD:OBS1079353643,Columbiformes,Columbidae,Columba,Columba livia
2161,5514540660,URN:catalog:CLO:EBIRD:OBS2527578501,Passeriformes,Passeridae,Passer,Passer montanus
2162,3645636243,URN:catalog:CLO:EBIRD:OBS1218004472,Gruiformes,Rallidae,Amaurornis,Amaurornis phoenicurus
2163,4253707880,URN:catalog:CLO:EBIRD:OBS1331009383,Passeriformes,Passeridae,Passer,Passer montanus
2164,3619619177,URN:catalog:CLO:EBIRD:OBS1117792190,Passeriformes,Sturnidae,Aplonis,Aplonis panayensis
2165,4321255818,URN:catalog:CLO:EBIRD:OBS1357358305,Passeriformes,Laniidae,Lanius,Lanius cristatus
2166,3255900899,URN:catalog:CLO:EBIRD:OBS1011600867,Passeriformes,Pycnonotidae,Pycnonotus,Pycnonotus goiavier
2168,3510338742,URN:catalog:CLO:EBIRD:OBS1098562097,Columbiformes,Columbidae,Treron,Treron vernans
2169,3659727906,URN:catalog:CLO:EBIRD:OBS1140362939,Passeriformes,Dicaeidae,Dicaeum,Dicaeum australe
2170,4287344305,URN:catalog:CLO:EBIRD:OBS1466546096,Apodiformes,Apodidae,Collocalia,Collocalia marginata
2171,3179533972,URN:catalog:CLO:EBIRD:OBS915632769,Passeriformes,Acanthizidae,Gerygone,Gerygone sulphurea
2172,4230241083,URN:catalog:CLO:EBIRD:OBS1357358292,Columbiformes,Columbidae,Spilopelia,Spilopelia chinensis
2173,3512181163,URN:catalog:CLO:EBIRD:OBS1080186943,Columbiformes,Columbidae,Columba,Columba livia
2174,3559351427,URN:catalog:CLO:EBIRD:OBS1117823918,Passeriformes,Oriolidae,Oriolus,Oriolus chinensis
2175,4204454547,URN:catalog:CLO:EBIRD:OBS1350512004,Pelecaniformes,Ardeidae,Egretta,Egretta garzetta
2176,4210973325,URN:catalog:CLO:EBIRD:OBS1361349423,Passeriformes,Dicaeidae,Dicaeum,Dicaeum australe
2177,4696918741,URN:catalog:CLO:EBIRD:OBS1800847865,Columbiformes,Columbidae,Geopelia,Geopelia striata
2178,3512217061,URN:catalog:CLO:EBIRD:OBS1081460633,Columbiformes,Columbidae,Geopelia,Geopelia striata
2179,3581905996,URN:catalog:CLO:EBIRD:OBS1237382198,Passeriformes,Rhipiduridae,Rhipidura,Rhipidura nigritorquis
2180,3519012222,URN:catalog:CLO:EBIRD:OBS1093523353,Passeriformes,Passeridae,Passer,Passer montanus
2181,3617942926,URN:catalog:CLO:EBIRD:OBS1132503809,Passeriformes,Laniidae,Lanius,Lanius cristatus
2182,3540472752,URN:catalog:CLO:EBIRD:OBS1266508553,Pelecaniformes,Ardeidae,Egretta,Egretta garzetta
2183,3235054468,URN:catalog:CLO:EBIRD:OBS915635959,Coraciiformes,Alcedinidae,Todiramphus,Todiramphus chloris
2184,3224280044,URN:catalog:CLO:EBIRD:OBS916172612,Passeriformes,Hirundinidae,Hirundo,Hirundo javanica
2185,3655439053,URN:catalog:CLO:EBIRD:OBS1140362943,Coraciiformes,Alcedinidae,Halcyon,Halcyon gularis
2186,4202669023,URN:catalog:CLO:EBIRD:OBS1329314367,Passeriformes,Oriolidae,Oriolus,Oriolus chinensis
2187,3508269080,URN:catalog:CLO:EBIRD:OBS1054332202,Passeriformes,Laniidae,Lanius,Lanius cristatus
2188,3285837448,URN:catalog:CLO:EBIRD:OBS1007299904,Columbiformes,Columbidae,Geopelia,Geopelia striata
2189,3135294082,URN:catalog:CLO:EBIRD:OBS865790461,Passeriformes,Laniidae,Lanius,Lanius cristatus
2190,3508014449,URN:catalog:CLO:EBIRD:OBS1054332212,Pelecaniformes,Ardeidae,Egretta,Egretta garzetta
2191,3608031276,URN:catalog:CLO:EBIRD:OBS1274963892,Pelecaniformes,Ardeidae,Butorides,Butorides striata
2192,5529935255,URN:catalog:CLO:EBIRD:OBS1956772189,Passeriformes,Oriolidae,Oriolus,Oriolus chinensis
2193,5382889291,URN:catalog:CLO:EBIRD:OBS1980598994,Passeriformes,Laniidae,Lanius,Lanius cristatus
2194,3681587347,URN:catalog:CLO:EBIRD:OBS1073188619,Passeriformes,Laniidae,Lanius,Lanius cristatus
2196,4645973767,URN:catalog:CLO:EBIRD:OBS1800847866,Passeriformes,Oriolidae,Oriolus,Oriolus chinensis
2197,3205319557,URN:catalog:CLO:EBIRD:OBS998238267,Psittaciformes,Psittacidae,Loriculus,Loriculus philippensis
2199,3653473751,URN:catalog:CLO:EBIRD:OBS1219817900,Passeriformes,Corvidae,Corvus,
2201,4806464288,URN:catalog:CLO:EBIRD:OBS1895420879,Pelecaniformes,Ardeidae,Botaurus,
2202,4307987338,URN:catalog:CLO:EBIRD:OBS1315919619,Psittaciformes,Psittacidae,Loriculus,Loriculus philippensis
2203,4623262734,URN:catalog:CLO:EBIRD:OBS1794104825,Passeriformes,Passeridae,Passer,Passer montanus
2204,3691890957,URN:catalog:CLO:EBIRD:OBS1117992359,Passeriformes,Laniidae,Lanius,Lanius cristatus
2205,3666098960,URN:catalog:CLO:EBIRD:OBS1234561854,Passeriformes,Acanthizidae,Gerygone,Gerygone sulphurea
2206,3532604522,URN:catalog:CLO:EBIRD:OBS1073190939,Passeriformes,Laniidae,Lanius,Lanius cristatus
2207,5602014423,URN:catalog:CLO:EBIRD:OBS1980584561,Passeriformes,Rhipiduridae,Rhipidura,Rhipidura nigritorquis
2208,3609068567,URN:catalog:CLO:EBIRD:OBS1092831327,Passeriformes,Passeridae,Passer,Passer montanus
2209,3527737217,URN:catalog:CLO:EBIRD:OBS1145765973,Passeriformes,Pycnonotidae,Pycnonotus,Pycnonotus goiavier
2210,3238811598,URN:catalog:CLO:EBIRD:OBS915640005,Passeriformes,Nectariniidae,Cinnyris,Cinnyris jugularis
2211,4382420594,URN:catalog:CLO:EBIRD:OBS1385753887,Passeriformes,Estrildidae,Lonchura,Lonchura atricapilla
2212,5374288804,URN:catalog:CLO:EBIRD:OBS1954981492,Passeriformes,Pycnonotidae,Pycnonotus,Pycnonotus goiavier
2213,4731214632,URN:catalog:CLO:EBIRD:OBS1853824760,Columbiformes,Columbidae,Geopelia,Geopelia striata
2214,4838758535,URN:catalog:CLO:EBIRD:OBS1956762780,Columbiformes,Columbidae,Spilopelia,Spilopelia chinensis
2215,4830079688,URN:catalog:CLO:EBIRD:OBS1951591852,Passeriformes,Pycnonotidae,Pycnonotus,Pycnonotus goiavier
2216,3539755253,URN:catalog:CLO:EBIRD:OBS1069482037,Passeriformes,Sturnidae,Aplonis,Aplonis panayensis
2217,3624310776,URN:catalog:CLO:EBIRD:OBS1119129882,Passeriformes,Dicaeidae,Dicaeum,Dicaeum australe
2218,3658052674,URN:catalog:CLO:EBIRD:OBS1219817899,Psittaciformes,Psittacidae,Loriculus,Loriculus philippensis
2219,3222417057,URN:catalog:CLO:EBIRD:OBS865788036,Piciformes,Megalaimidae,Psilopogon,Psilopogon haemacephalus
2220,3514554083,URN:catalog:CLO:EBIRD:OBS1112488574,Passeriformes,Motacillidae,Motacilla,Motacilla cinerea
2221,5515141287,URN:catalog:CLO:EBIRD:OBS2184288202,Passeriformes,Passeridae,Passer,Passer montanus
2222,3664839492,URN:catalog:CLO:EBIRD:OBS1117992327,Columbiformes,Columbidae,Columba,Columba livia
2224,3624045593,URN:catalog:CLO:EBIRD:OBS1251706968,Passeriformes,Zosteropidae,Zosterops,Zosterops meyeni
2225,5373164210,URN:catalog:CLO:EBIRD:OBS2351968844,Columbiformes,Columbidae,Columba,Columba livia
2226,4683072887,URN:catalog:CLO:EBIRD:OBS1837039405,Apodiformes,Apodidae,Collocalia,Collocalia marginata
2227,5389178746,URN:catalog:CLO:EBIRD:OBS1952214170,Columbiformes,Columbidae,Geopelia,Geopelia striata
2228,3653288574,URN:catalog:CLO:EBIRD:OBS1218004475,Passeriformes,Acanthizidae,Gerygone,Gerygone sulphurea
2229,4204160373,URN:catalog:CLO:EBIRD:OBS1329314364,Piciformes,Picidae,Yungipicus,Yungipicus maculatus
2231,4189163707,URN:catalog:CLO:EBIRD:OBS1315919617,Pelecaniformes,Ardeidae,Egretta,Egretta garzetta
2232,3631292639,URN:catalog:CLO:EBIRD:OBS1121876301,Passeriformes,Pycnonotidae,Pycnonotus,Pycnonotus goiavier
2233,5550704618,URN:catalog:CLO:EBIRD:OBS2527587327,Passeriformes,Laniidae,Lanius,Lanius cristatus
2234,5389756389,URN:catalog:CLO:EBIRD:OBS2708448629,Passeriformes,Hirundinidae,Hirundo,Hirundo rustica
2235,3670418607,URN:catalog:CLO:EBIRD:OBS1082880924,Passeriformes,Rhipiduridae,Rhipidura,Rhipidura nigritorquis
2237,3623513548,URN:catalog:CLO:EBIRD:OBS1116028575,Passeriformes,Passeridae,Passer,Passer montanus
2238,3536367930,URN:catalog:CLO:EBIRD:OBS1200949597,Passeriformes,Nectariniidae,Cinnyris,Cinnyris jugularis
2239,3682136601,URN:catalog:CLO:EBIRD:OBS1215777227,Passeriformes,Campephagidae,Lalage,Lalage nigra
2240,5339452252,URN:catalog:CLO:EBIRD:OBS1949799956,Passeriformes,Hirundinidae,Cecropis,Cecropis daurica
2241,3516520374,URN:catalog:CLO:EBIRD:OBS1049203862,Passeriformes,Pycnonotidae,Pycnonotus,Pycnonotus goiavier
2242,3612455864,URN:catalog:CLO:EBIRD:OBS1098581588,Passeriformes,Laniidae,Lanius,Lanius cristatus
2243,5469689882,URN:catalog:CLO:EBIRD:OBS2220359432,Passeriformes,Nectariniidae,Cinnyris,Cinnyris jugularis
2244,3151440583,URN:catalog:CLO:EBIRD:OBS917191087,Columbiformes,Columbidae,Geopelia,Geopelia striata
2245,4349854415,URN:catalog:CLO:EBIRD:OBS1474021943,Passeriformes,Pycnonotidae,Pycnonotus,Pycnonotus goiavier
2246,5653684643,URN:catalog:CLO:EBIRD:OBS1980598425,Passeriformes,Passeridae,Passer,Passer montanus
2248,4287098527,URN:catalog:CLO:EBIRD:OBS1470005511,Passeriformes,Passeridae,Passer,Passer montanus
2250,4234540116,URN:catalog:CLO:EBIRD:OBS1357358298,Passeriformes,Muscicapidae,Copsychus,Copsychus mindanensis
2251,3587545055,URN:catalog:CLO:EBIRD:OBS1073187024,Passeriformes,Pycnonotidae,Pycnonotus,Pycnonotus goiavier
2252,3694961405,URN:catalog:CLO:EBIRD:OBS1246521779,Passeriformes,Rhipiduridae,Rhipidura,Rhipidura nigritorquis
2253,3554159346,URN:catalog:CLO:EBIRD:OBS1129473872,Passeriformes,Passeridae,Passer,Passer montanus
2254,4329517191,URN:catalog:CLO:EBIRD:OBS1572207376,Pelecaniformes,Ardeidae,Egretta,Egretta garzetta
2255,4309011829,URN:catalog:CLO:EBIRD:OBS1313289257,Passeriformes,Laniidae,Lanius,Lanius cristatus
2256,3648201932,URN:catalog:CLO:EBIRD:OBS1242468424,Coraciiformes,Alcedinidae,Todiramphus,Todiramphus chloris
2258,3608585417,URN:catalog:CLO:EBIRD:OBS1111341786,Columbiformes,Columbidae,Columba,Columba livia
2259,3229548841,URN:catalog:CLO:EBIRD:OBS917425575,Passeriformes,Passeridae,Passer,Passer montanus
2260,4391663060,URN:catalog:CLO:EBIRD:OBS1518646412,Passeriformes,Oriolidae,Oriolus,Oriolus chinensis
2261,3281878832,URN:catalog:CLO:EBIRD:OBS996913145,Columbiformes,Columbidae,Spilopelia,Spilopelia chinensis
2262,3673128676,URN:catalog:CLO:EBIRD:OBS1122473255,Passeriformes,Nectariniidae,Cinnyris,Cinnyris jugularis
2263,3542317118,URN:catalog:CLO:EBIRD:OBS1145765975,Passeriformes,Rhipiduridae,Rhipidura,Rhipidura nigritorquis
2264,3688313904,URN:catalog:CLO:EBIRD:OBS1216850947,Passeriformes,Zosteropidae,Zosterops,Zosterops meyeni
2265,5320794189,URN:catalog:CLO:EBIRD:OBS2552281877,Coraciiformes,Alcedinidae,Todiramphus,Todiramphus chloris
2266,3618964647,URN:catalog:CLO:EBIRD:OBS1192335796,Passeriformes,Passeridae,Passer,Passer montanus
2267,4195248271,URN:catalog:CLO:EBIRD:OBS1350507688,Passeriformes,Oriolidae,Oriolus,Oriolus chinensis
2269,3691993494,URN:catalog:CLO:EBIRD:OBS1251721845,Passeriformes,Passeridae,Passer,Passer montanus
2270,3641852421,URN:catalog:CLO:EBIRD:OBS1220882729,Passeriformes,Corvidae,Corvus,
2271,4641749508,URN:catalog:CLO:EBIRD:OBS1895417511,Passeriformes,Dicaeidae,Dicaeum,Dicaeum australe
2272,3133572058,URN:catalog:CLO:EBIRD:OBS855597462,Passeriformes,Corvidae,Corvus,
2274,4660367924,URN:catalog:CLO:EBIRD:OBS1895417517,Passeriformes,Pycnonotidae,Pycnonotus,Pycnonotus goiavier
2275,3509336107,URN:catalog:CLO:EBIRD:OBS1095984215,Pelecaniformes,Ardeidae,Egretta,Egretta garzetta
2279,5555255049,URN:catalog:CLO:EBIRD:OBS1956771824,Piciformes,Megalaimidae,Psilopogon,Psilopogon haemacephalus
2280,4332798173,URN:catalog:CLO:EBIRD:OBS1591411427,Passeriformes,Laniidae,Lanius,Lanius cristatus
2281,3641139026,URN:catalog:CLO:EBIRD:OBS1259559258,Passeriformes,Sturnidae,Aplonis,Aplonis panayensis
2282,4192256723,URN:catalog:CLO:EBIRD:OBS1339906111,Passeriformes,Rhipiduridae,Rhipidura,Rhipidura nigritorquis
2283,3611754009,URN:catalog:CLO:EBIRD:OBS1132503819,Passeriformes,Rhipiduridae,Rhipidura,Rhipidura nigritorquis
2284,3527452347,URN:catalog:CLO:EBIRD:OBS1073190928,Passeriformes,Phylloscopidae,Phylloscopus,Phylloscopus borealis
2285,4239681267,URN:catalog:CLO:EBIRD:OBS1350514530,Piciformes,Picidae,Yungipicus,Yungipicus maculatus
2286,4331958022,URN:catalog:CLO:EBIRD:OBS1357358297,Passeriformes,Rhipiduridae,Rhipidura,Rhipidura nigritorquis
2287,3648436680,URN:catalog:CLO:EBIRD:OBS1219817904,Columbiformes,Columbidae,Geopelia,Geopelia striata
2289,3264770930,URN:catalog:CLO:EBIRD:OBS1011600296,Pelecaniformes,Ardeidae,Egretta,Egretta garzetta
2290,3556136826,URN:catalog:CLO:EBIRD:OBS1073190930,Passeriformes,Dicaeidae,Dicaeum,Dicaeum australe
2291,3673012865,URN:catalog:CLO:EBIRD:OBS1098562101,Passeriformes,Laniidae,Lanius,Lanius cristatus
2292,3683861463,URN:catalog:CLO:EBIRD:OBS1117992356,Passeriformes,Pycnonotidae,Pycnonotus,Pycnonotus goiavier
2293,3556081816,URN:catalog:CLO:EBIRD:OBS1149774704,Passeriformes,Rhipiduridae,Rhipidura,Rhipidura nigritorquis
2295,4770988025,URN:catalog:CLO:EBIRD:OBS1780342911,Passeriformes,Pycnonotidae,Pycnonotus,Pycnonotus goiavier
2296,3673211369,URN:catalog:CLO:EBIRD:OBS1073188626,Coraciiformes,Alcedinidae,Todiramphus,Todiramphus chloris
2297,3541549381,URN:catalog:CLO:EBIRD:OBS1117823943,Passeriformes,Dicaeidae,Dicaeum,Dicaeum australe
2298,4189800072,URN:catalog:CLO:EBIRD:OBS1339270379,Passeriformes,Oriolidae,Oriolus,Oriolus chinensis
2299,3656786255,URN:catalog:CLO:EBIRD:OBS1278134613,Columbiformes,Columbidae,Geopelia,Geopelia striata
2300,4189675084,URN:catalog:CLO:EBIRD:OBS1339262647,Columbiformes,Columbidae,Geopelia,Geopelia striata
2301,3646333925,URN:catalog:CLO:EBIRD:OBS1216850777,Passeriformes,Sturnidae,Aplonis,Aplonis panayensis
2302,4647221762,URN:catalog:CLO:EBIRD:OBS1895417518,Columbiformes,Columbidae,Spilopelia,Spilopelia chinensis
2303,4310103879,URN:catalog:CLO:EBIRD:OBS1339262643,Pelecaniformes,Ardeidae,Egretta,Egretta garzetta
2304,4711541534,URN:catalog:CLO:EBIRD:OBS1639025768,Passeriformes,Passeridae,Passer,Passer montanus
2307,3548911912,URN:catalog:CLO:EBIRD:OBS1069482038,Columbiformes,Columbidae,Geopelia,Geopelia striata
2308,4707618813,URN:catalog:CLO:EBIRD:OBS1833420641,Piciformes,Megalaimidae,Psilopogon,Psilopogon haemacephalus
2309,4230424997,URN:catalog:CLO:EBIRD:OBS1475213352,Passeriformes,Artamidae,Artamus,Artamus leucorhynchos
2310,3239443953,URN:catalog:CLO:EBIRD:OBS917425576,Passeriformes,Nectariniidae,Cinnyris,Cinnyris jugularis
2311,5512273566,URN:catalog:CLO:EBIRD:OBS2220359431,Columbiformes,Columbidae,Geopelia,Geopelia striata
2312,3190717672,URN:catalog:CLO:EBIRD:OBS998238268,Passeriformes,Laniidae,Lanius,Lanius cristatus
2313,4756075214,URN:catalog:CLO:EBIRD:OBS1726714924,Pelecaniformes,Ardeidae,Egretta,Egretta garzetta
2314,4664531246,URN:catalog:CLO:EBIRD:OBS1794104833,Psittaciformes,Psittacidae,Loriculus,Loriculus philippensis
2315,3625076491,URN:catalog:CLO:EBIRD:OBS1145763443,Passeriformes,Estrildidae,Lonchura,Lonchura punctulata
2316,3652550486,URN:catalog:CLO:EBIRD:OBS1216850778,Passeriformes,Acanthizidae,Gerygone,Gerygone sulphurea
2317,4183264294,URN:catalog:CLO:EBIRD:OBS1315919482,Coraciiformes,Alcedinidae,Alcedo,Alcedo atthis
2318,4193477811,URN:catalog:CLO:EBIRD:OBS1331009389,Piciformes,Megalaimidae,Psilopogon,Psilopogon haemacephalus
2319,4835249093,URN:catalog:CLO:EBIRD:OBS1726709404,Passeriformes,Nectariniidae,Cinnyris,Cinnyris jugularis
2320,3235773863,URN:catalog:CLO:EBIRD:OBS845949796,Piciformes,Megalaimidae,Psilopogon,Psilopogon haemacephalus
2321,4831631252,URN:catalog:CLO:EBIRD:OBS1726741956,Passeriformes,Acanthizidae,Gerygone,Gerygone sulphurea
2322,4188238083,URN:catalog:CLO:EBIRD:OBS1339262649,Passeriformes,Nectariniidae,Cinnyris,Cinnyris jugularis
2323,3680175555,URN:catalog:CLO:EBIRD:OBS1117992345,Passeriformes,Laniidae,Lanius,Lanius cristatus
2324,3155006614,URN:catalog:CLO:EBIRD:OBS920391199,Passeriformes,Pycnonotidae,Pycnonotus,Pycnonotus goiavier
2325,3672353728,URN:catalog:CLO:EBIRD:OBS1111246202,Columbiformes,Columbidae,Columba,Columba livia
2326,3510183958,URN:catalog:CLO:EBIRD:OBS1084314124,Columbiformes,Columbidae,Geopelia,Geopelia striata
2327,4631750542,URN:catalog:CLO:EBIRD:OBS1780342912,Passeriformes,Passeridae,Passer,Passer montanus
2328,4299669417,URN:catalog:CLO:EBIRD:OBS1344447030,Passeriformes,Oriolidae,Oriolus,Oriolus chinensis
2329,3518514787,URN:catalog:CLO:EBIRD:OBS1129093317,Passeriformes,Pycnonotidae,Pycnonotus,Pycnonotus goiavier
2330,3572943283,URN:catalog:CLO:EBIRD:OBS1246521938,Pelecaniformes,Ardeidae,Ardea,
2331,4638199201,URN:catalog:CLO:EBIRD:OBS1901446139,Columbiformes,Columbidae,Columba,Columba livia
2332,5450280943,URN:catalog:CLO:EBIRD:OBS1956776322,Passeriformes,Passeridae,Passer,Passer montanus
2333,3561133628,URN:catalog:CLO:EBIRD:OBS1114411736,Passeriformes,Laniidae,Lanius,Lanius cristatus
2334,3677785098,URN:catalog:CLO:EBIRD:OBS1073188618,Passeriformes,Sturnidae,Aplonis,Aplonis panayensis
2335,4680192770,URN:catalog:CLO:EBIRD:OBS1721893884,Pelecaniformes,Ardeidae,Butorides,Butorides striata
2337,3280641842,URN:catalog:CLO:EBIRD:OBS1011600299,Passeriformes,Rhipiduridae,Rhipidura,Rhipidura nigritorquis
2338,3632863413,URN:catalog:CLO:EBIRD:OBS1274963898,Passeriformes,Oriolidae,Oriolus,Oriolus chinensis
2339,3663981535,URN:catalog:CLO:EBIRD:OBS1210199814,Passeriformes,Rhipiduridae,Rhipidura,Rhipidura nigritorquis
2340,5602277386,URN:catalog:CLO:EBIRD:OBS1952214169,Coraciiformes,Alcedinidae,Todiramphus,Todiramphus chloris
2341,3600020121,URN:catalog:CLO:EBIRD:OBS1116028576,Columbiformes,Columbidae,Geopelia,Geopelia striata
2342,3583571749,URN:catalog:CLO:EBIRD:OBS1237382188,Passeriformes,Zosteropidae,Zosterops,Zosterops meyeni
2343,3666633497,URN:catalog:CLO:EBIRD:OBS1241363600,Passeriformes,Rhipiduridae,Rhipidura,Rhipidura nigritorquis
2344,4351270582,URN:catalog:CLO:EBIRD:OBS1361347058,Coraciiformes,Alcedinidae,Todiramphus,Todiramphus chloris
2345,3678531545,URN:catalog:CLO:EBIRD:OBS1122473259,Passeriformes,Zosteropidae,Zosterops,Zosterops meyeni
2346,3659457677,URN:catalog:CLO:EBIRD:OBS1219817912,Piciformes,Megalaimidae,Psilopogon,Psilopogon haemacephalus
2347,3663074860,URN:catalog:CLO:EBIRD:OBS1242471477,Pelecaniformes,Ardeidae,Egretta,Egretta garzetta
2348,4751937501,URN:catalog:CLO:EBIRD:OBS1956762779,Passeriformes,Pycnonotidae,Pycnonotus,Pycnonotus goiavier
2349,3140631110,URN:catalog:CLO:EBIRD:OBS862791801,Passeriformes,Corvidae,Corvus,
2350,3675717489,URN:catalog:CLO:EBIRD:OBS1119956129,Passeriformes,Passeridae,Passer,Passer montanus
2352,3589015287,URN:catalog:CLO:EBIRD:OBS1091761610,Columbiformes,Columbidae,Geopelia,Geopelia striata
2353,3653231810,URN:catalog:CLO:EBIRD:OBS1219817907,Passeriformes,Sturnidae,Aplonis,Aplonis panayensis
2354,3559337449,URN:catalog:CLO:EBIRD:OBS1237382190,Piciformes,Megalaimidae,Psilopogon,Psilopogon haemacephalus
2355,3620911407,URN:catalog:CLO:EBIRD:OBS1274963894,Passeriformes,Motacillidae,Motacilla,Motacilla cinerea
2356,3683337928,URN:catalog:CLO:EBIRD:OBS1117823910,Passeriformes,Motacillidae,Motacilla,Motacilla cinerea
2357,4295771355,URN:catalog:CLO:EBIRD:OBS1331009387,Columbiformes,Columbidae,Geopelia,Geopelia striata
2358,3629301407,URN:catalog:CLO:EBIRD:OBS1145763446,Passeriformes,Oriolidae,Oriolus,Oriolus chinensis
2359,3553708912,URN:catalog:CLO:EBIRD:OBS1119942868,Pelecaniformes,Ardeidae,Egretta,Egretta garzetta
2360,4187608517,URN:catalog:CLO:EBIRD:OBS1313293450,Passeriformes,Sturnidae,Aplonis,Aplonis panayensis
2361,4300433131,URN:catalog:CLO:EBIRD:OBS1357342905,Passeriformes,Laniidae,Lanius,Lanius cristatus
2362,3625973436,URN:catalog:CLO:EBIRD:OBS1117836181,Passeriformes,Nectariniidae,Cinnyris,Cinnyris jugularis
2363,3614832756,URN:catalog:CLO:EBIRD:OBS1274963895,Columbiformes,Columbidae,Columba,Columba livia
2364,5417561617,URN:catalog:CLO:EBIRD:OBS2252604476,Passeriformes,Nectariniidae,Cinnyris,Cinnyris jugularis
2365,4769796429,URN:catalog:CLO:EBIRD:OBS1833420640,Passeriformes,Zosteropidae,Zosterops,Zosterops meyeni
2366,4759756168,URN:catalog:CLO:EBIRD:OBS1794104829,Passeriformes,Pycnonotidae,Pycnonotus,Pycnonotus goiavier
2367,3624950110,URN:catalog:CLO:EBIRD:OBS1117836180,Passeriformes,Passeridae,Passer,Passer montanus
2368,4300535308,URN:catalog:CLO:EBIRD:OBS1315919612,Passeriformes,Motacillidae,Motacilla,Motacilla cinerea
2369,3591169241,URN:catalog:CLO:EBIRD:OBS1103447751,Passeriformes,Oriolidae,Oriolus,Oriolus chinensis
2370,3634584060,URN:catalog:CLO:EBIRD:OBS1216853901,Columbiformes,Columbidae,Geopelia,Geopelia striata
2371,4633879155,URN:catalog:CLO:EBIRD:OBS1853007221,Passeriformes,Pycnonotidae,Pycnonotus,Pycnonotus goiavier
2372,3278393101,URN:catalog:CLO:EBIRD:OBS1007299903,Passeriformes,Nectariniidae,Cinnyris,Cinnyris jugularis
2373,3271380094,URN:catalog:CLO:EBIRD:OBS1011600291,Passeriformes,Laniidae,Lanius,Lanius cristatus
2374,3652301482,URN:catalog:CLO:EBIRD:OBS1099630419,Passeriformes,Acanthizidae,Gerygone,Gerygone sulphurea
2375,5700503358,URN:catalog:CLO:EBIRD:OBS2220359428,Passeriformes,Passeridae,Passer,Passer montanus
2376,5363624343,URN:catalog:CLO:EBIRD:OBS2540247936,Pelecaniformes,Ardeidae,Egretta,Egretta garzetta
2377,3291167990,URN:catalog:CLO:EBIRD:OBS1011598505,Passeriformes,Acanthizidae,Gerygone,Gerygone sulphurea
2379,3693811267,URN:catalog:CLO:EBIRD:OBS1251721847,Passeriformes,Laniidae,Lanius,Lanius cristatus
2380,3283583916,URN:catalog:CLO:EBIRD:OBS1027283632,Passeriformes,Rhipiduridae,Rhipidura,Rhipidura nigritorquis
2381,3675228660,URN:catalog:CLO:EBIRD:OBS1140362953,Columbiformes,Columbidae,Geopelia,Geopelia striata
2382,3673260520,URN:catalog:CLO:EBIRD:OBS1121865206,Passeriformes,Passeridae,Passer,Passer montanus
2383,4707249500,URN:catalog:CLO:EBIRD:OBS1639025785,Pelecaniformes,Ardeidae,Egretta,Egretta garzetta
2384,3683215070,URN:catalog:CLO:EBIRD:OBS1117992352,Passeriformes,Passeridae,Passer,Passer montanus
2385,3639722110,URN:catalog:CLO:EBIRD:OBS1241367929,Passeriformes,Artamidae,Artamus,Artamus leucorhynchos
2386,3577270021,URN:catalog:CLO:EBIRD:OBS1237382197,Coraciiformes,Alcedinidae,Todiramphus,Todiramphus chloris
2387,3533136488,URN:catalog:CLO:EBIRD:OBS1112488557,Columbiformes,Columbidae,Columba,Columba livia
2388,3283590903,URN:catalog:CLO:EBIRD:OBS1027283633,Passeriformes,Sturnidae,Acridotheres,Acridotheres cristatellus
2389,5568047518,URN:catalog:CLO:EBIRD:OBS2019954480,Columbiformes,Columbidae,Geopelia,Geopelia striata
2390,4238833111,URN:catalog:CLO:EBIRD:OBS1430311530,Passeriformes,Passeridae,Passer,Passer montanus
2391,3600766149,URN:catalog:CLO:EBIRD:OBS1233303391,Passeriformes,Acanthizidae,Gerygone,Gerygone sulphurea
2392,3292106819,URN:catalog:CLO:EBIRD:OBS962390843,Passeriformes,Pycnonotidae,Pycnonotus,Pycnonotus goiavier
2393,4773488352,URN:catalog:CLO:EBIRD:OBS1895420881,Charadriiformes,Scolopacidae,Actitis,Actitis hypoleucos
2394,3572285726,URN:catalog:CLO:EBIRD:OBS1237382192,Passeriformes,Pycnonotidae,Pycnonotus,Pycnonotus goiavier
2395,3158024512,URN:catalog:CLO:EBIRD:OBS915645737,Piciformes,Megalaimidae,Psilopogon,Psilopogon haemacephalus
2396,5654509096,URN:catalog:CLO:EBIRD:OBS1956776321,Coraciiformes,Alcedinidae,Todiramphus,Todiramphus chloris
2397,3564026425,URN:catalog:CLO:EBIRD:OBS1129095550,Columbiformes,Columbidae,Geopelia,Geopelia striata
2398,3626542184,URN:catalog:CLO:EBIRD:OBS1233303390,Passeriformes,Passeridae,Passer,Passer montanus
2399,4283724931,URN:catalog:CLO:EBIRD:OBS1315916220,Passeriformes,Motacillidae,Motacilla,Motacilla cinerea
2400,4199859949,URN:catalog:CLO:EBIRD:OBS1344442083,Passeriformes,Artamidae,Artamus,Artamus leucorhynchos
2401,3611224346,URN:catalog:CLO:EBIRD:OBS1116028579,Passeriformes,Rhipiduridae,Rhipidura,Rhipidura nigritorquis
2402,3631353001,URN:catalog:CLO:EBIRD:OBS1290831789,Apodiformes,Apodidae,Collocalia,Collocalia marginata
2404,5408455427,URN:catalog:CLO:EBIRD:OBS2737179477,Passeriformes,Sturnidae,Agropsar,Agropsar philippensis
2405,3589257666,URN:catalog:CLO:EBIRD:OBS1091761602,Coraciiformes,Alcedinidae,Todiramphus,Todiramphus chloris
2406,4770202374,URN:catalog:CLO:EBIRD:OBS1794104835,Passeriformes,Oriolidae,Oriolus,Oriolus chinensis
2407,3279997340,URN:catalog:CLO:EBIRD:OBS1002671435,Columbiformes,Columbidae,Spilopelia,Spilopelia chinensis
2408,4389068219,URN:catalog:CLO:EBIRD:OBS1429752897,Passeriformes,Estrildidae,Lonchura,Lonchura punctulata
2409,5331381482,URN:catalog:CLO:EBIRD:OBS2287226727,Passeriformes,Rhipiduridae,Rhipidura,Rhipidura nigritorquis
2410,3224045059,URN:catalog:CLO:EBIRD:OBS865788037,Passeriformes,Rhipiduridae,Rhipidura,Rhipidura nigritorquis
2411,3236643809,URN:catalog:CLO:EBIRD:OBS845949804,Passeriformes,Laniidae,Lanius,Lanius cristatus
2412,3609842073,URN:catalog:CLO:EBIRD:OBS1242464198,Passeriformes,Motacillidae,Motacilla,Motacilla cinerea
2413,3228238114,URN:catalog:CLO:EBIRD:OBS865788038,Passeriformes,Passeridae,Passer,Passer montanus
2414,4237568335,URN:catalog:CLO:EBIRD:OBS1470627199,Passeriformes,Pycnonotidae,Pycnonotus,Pycnonotus goiavier
2415,4735507151,URN:catalog:CLO:EBIRD:OBS1882362486,Psittaciformes,Psittacidae,Loriculus,Loriculus philippensis
2416,3587164836,URN:catalog:CLO:EBIRD:OBS1073187022,Passeriformes,Oriolidae,Oriolus,Oriolus chinensis
2417,3659325746,URN:catalog:CLO:EBIRD:OBS1267078239,Passeriformes,Artamidae,Artamus,Artamus leucorhynchos
2418,3538130561,URN:catalog:CLO:EBIRD:OBS1121887080,Passeriformes,Sturnidae,Aplonis,Aplonis panayensis
2419,4306603883,URN:catalog:CLO:EBIRD:OBS1324153268,Passeriformes,Rhipiduridae,Rhipidura,Rhipidura nigritorquis
2420,4324962980,URN:catalog:CLO:EBIRD:OBS1329314374,Piciformes,Megalaimidae,Psilopogon,Psilopogon haemacephalus
2421,4204184871,URN:catalog:CLO:EBIRD:OBS1518646406,Passeriformes,Zosteropidae,Zosterops,Zosterops meyeni
2422,3536186102,URN:catalog:CLO:EBIRD:OBS1093523351,Passeriformes,Laniidae,Lanius,Lanius cristatus
2423,4202272568,URN:catalog:CLO:EBIRD:OBS1339262652,Pelecaniformes,Ardeidae,Nycticorax,Nycticorax caledonicus
2424,4771701403,URN:catalog:CLO:EBIRD:OBS1597543447,Passeriformes,Nectariniidae,Cinnyris,Cinnyris jugularis
2425,4189222288,URN:catalog:CLO:EBIRD:OBS1518646407,Columbiformes,Columbidae,Treron,Treron vernans
2426,5391489835,URN:catalog:CLO:EBIRD:OBS1954958728,Passeriformes,Motacillidae,Motacilla,Motacilla cinerea
2427,3579850955,URN:catalog:CLO:EBIRD:OBS1246521936,Columbiformes,Columbidae,Treron,Treron vernans
2428,3607569172,URN:catalog:CLO:EBIRD:OBS1103447747,Passeriformes,Passeridae,Passer,Passer montanus
2429,3516447854,URN:catalog:CLO:EBIRD:OBS1121887077,Passeriformes,Passeridae,Passer,Passer montanus
2430,3539733333,URN:catalog:CLO:EBIRD:OBS1251715620,Pelecaniformes,Ardeidae,Nycticorax,Nycticorax nycticorax
2431,5348097067,URN:catalog:CLO:EBIRD:OBS1949799957,Passeriformes,Artamidae,Artamus,Artamus leucorhynchos
2432,3193208573,URN:catalog:CLO:EBIRD:OBS1008206968,Passeriformes,Artamidae,Artamus,Artamus leucorhynchos
2433,3541110736,URN:catalog:CLO:EBIRD:OBS1073190933,Passeriformes,Acanthizidae,Gerygone,Gerygone sulphurea
2434,3624415591,URN:catalog:CLO:EBIRD:OBS1165842383,Pelecaniformes,Ardeidae,Egretta,Egretta garzetta
2435,4331972052,URN:catalog:CLO:EBIRD:OBS1323152445,Columbiformes,Columbidae,Geopelia,Geopelia striata
2436,3574572623,URN:catalog:CLO:EBIRD:OBS1246521937,Columbiformes,Columbidae,Spilopelia,Spilopelia chinensis
2437,4359162837,URN:catalog:CLO:EBIRD:OBS1591411424,Pelecaniformes,Ardeidae,Ardeola,Ardeola speciosa
2438,3512584255,URN:catalog:CLO:EBIRD:OBS1121887079,Psittaciformes,Psittacidae,Loriculus,Loriculus philippensis
2439,4753847448,URN:catalog:CLO:EBIRD:OBS1882362489,Passeriformes,Rhipiduridae,Rhipidura,Rhipidura nigritorquis
2440,3508696490,URN:catalog:CLO:EBIRD:OBS1095984214,Passeriformes,Sturnidae,Aplonis,Aplonis panayensis
2441,3150444580,URN:catalog:CLO:EBIRD:OBS915632773,Passeriformes,Sturnidae,Aplonis,Aplonis panayensis
2442,3673021866,URN:catalog:CLO:EBIRD:OBS1073188617,Passeriformes,Rhipiduridae,Rhipidura,Rhipidura nigritorquis
2443,3683354230,URN:catalog:CLO:EBIRD:OBS1117992365,Passeriformes,Sturnidae,Aplonis,Aplonis panayensis
2444,3564755898,URN:catalog:CLO:EBIRD:OBS1129097883,Pelecaniformes,Ardeidae,Egretta,Egretta garzetta
2445,3544430847,URN:catalog:CLO:EBIRD:OBS1073190934,Columbiformes,Columbidae,Geopelia,Geopelia striata
2446,3661922151,URN:catalog:CLO:EBIRD:OBS1267078243,Columbiformes,Columbidae,Geopelia,Geopelia striata
2447,3583118808,URN:catalog:CLO:EBIRD:OBS1233293247,Pelecaniformes,Ardeidae,Butorides,Butorides striata
2448,3635474038,URN:catalog:CLO:EBIRD:OBS1274963887,Passeriformes,Campephagidae,Lalage,Lalage nigra
2449,4224839934,URN:catalog:CLO:EBIRD:OBS1328069998,Passeriformes,Nectariniidae,Cinnyris,Cinnyris jugularis
2450,4758334585,URN:catalog:CLO:EBIRD:OBS1794104826,Passeriformes,Sturnidae,Aplonis,Aplonis panayensis
2451,4321545250,URN:catalog:CLO:EBIRD:OBS1357358309,Passeriformes,Corvidae,Corvus,
2452,4639963654,URN:catalog:CLO:EBIRD:OBS1721893885,Psittaciformes,Psittacidae,Cacatua,Cacatua alba
2453,4195404083,URN:catalog:CLO:EBIRD:OBS1357342909,Coraciiformes,Alcedinidae,Halcyon,Halcyon gularis
2454,3155223610,URN:catalog:CLO:EBIRD:OBS920391197,Passeriformes,Sturnidae,Acridotheres,Acridotheres cristatellus
2455,4708547344,URN:catalog:CLO:EBIRD:OBS1639029372,Passeriformes,Corvidae,Corvus,
2456,3602058842,URN:catalog:CLO:EBIRD:OBS1103447737,Columbiformes,Columbidae,Spilopelia,Spilopelia chinensis
2457,5587950471,URN:catalog:CLO:EBIRD:OBS1951485398,Passeriformes,Zosteropidae,Zosterops,Zosterops meyeni
2458,3514374059,URN:catalog:CLO:EBIRD:OBS1098562094,Coraciiformes,Meropidae,Merops,Merops philippinus
2459,4677275618,URN:catalog:CLO:EBIRD:OBS1895417510,Passeriformes,Passeridae,Passer,Passer montanus
2460,3609026912,URN:catalog:CLO:EBIRD:OBS1098581577,Passeriformes,Nectariniidae,Cinnyris,Cinnyris jugularis
2461,3607829325,URN:catalog:CLO:EBIRD:OBS1233303398,Coraciiformes,Alcedinidae,Todiramphus,Todiramphus chloris
2462,3238419151,URN:catalog:CLO:EBIRD:OBS933608510,Passeriformes,Pycnonotidae,Pycnonotus,Pycnonotus goiavier
2463,4637210496,URN:catalog:CLO:EBIRD:OBS1853824761,Passeriformes,Pycnonotidae,Pycnonotus,Pycnonotus goiavier
2464,3256950810,URN:catalog:CLO:EBIRD:OBS1011600300,Passeriformes,Motacillidae,Motacilla,Motacilla cinerea
2466,4221803983,URN:catalog:CLO:EBIRD:OBS1344447028,Columbiformes,Columbidae,Geopelia,Geopelia striata
2467,3279335069,URN:catalog:CLO:EBIRD:OBS1002671442,Passeriformes,Laniidae,Lanius,Lanius cristatus
2468,3519857453,URN:catalog:CLO:EBIRD:OBS1117989312,Passeriformes,Rhipiduridae,Rhipidura,Rhipidura nigritorquis
2469,3206194539,URN:catalog:CLO:EBIRD:OBS998238266,Passeriformes,Nectariniidae,Cinnyris,Cinnyris jugularis
2470,3289747756,URN:catalog:CLO:EBIRD:OBS996913139,Columbiformes,Columbidae,Geopelia,Geopelia striata
2471,3238817075,URN:catalog:CLO:EBIRD:OBS862813319,Apodiformes,Apodidae,Collocalia,Collocalia marginata
2472,3523349160,URN:catalog:CLO:EBIRD:OBS1073375427,Passeriformes,Nectariniidae,Cinnyris,Cinnyris jugularis
2473,4823181235,URN:catalog:CLO:EBIRD:OBS1726712716,Passeriformes,Acanthizidae,Gerygone,Gerygone sulphurea
2474,3659018610,URN:catalog:CLO:EBIRD:OBS1234561851,Passeriformes,Rhipiduridae,Rhipidura,Rhipidura nigritorquis
2475,3244436472,URN:catalog:CLO:EBIRD:OBS971676018,Columbiformes,Columbidae,Geopelia,Geopelia striata
2476,4743937729,URN:catalog:CLO:EBIRD:OBS1726731389,Passeriformes,Pycnonotidae,Pycnonotus,Pycnonotus goiavier
2477,5380843732,URN:catalog:CLO:EBIRD:OBS2370318776,Passeriformes,Pycnonotidae,Pycnonotus,Pycnonotus goiavier
2479,3664093973,URN:catalog:CLO:EBIRD:OBS1267078226,Passeriformes,Campephagidae,Lalage,Lalage nigra
2480,5315530268,URN:catalog:CLO:EBIRD:OBS2031188667,Passeriformes,Nectariniidae,Cinnyris,Cinnyris jugularis
2481,4615965969,URN:catalog:CLO:EBIRD:OBS1800847862,Coraciiformes,Alcedinidae,Todiramphus,Todiramphus chloris
2482,4180080989,URN:catalog:CLO:EBIRD:OBS1477838894,Passeriformes,Passeridae,Passer,Passer montanus
2483,3150271515,URN:catalog:CLO:EBIRD:OBS915653661,Piciformes,Megalaimidae,Psilopogon,Psilopogon haemacephalus
2485,3655075838,URN:catalog:CLO:EBIRD:OBS1073180986,Passeriformes,Pycnonotidae,Pycnonotus,Pycnonotus goiavier
2486,4310139782,URN:catalog:CLO:EBIRD:OBS1357342914,Coraciiformes,Alcedinidae,Todiramphus,Todiramphus chloris
2487,4831541695,URN:catalog:CLO:EBIRD:OBS1726709396,Passeriformes,Campephagidae,Lalage,Lalage nigra
2488,4791890583,URN:catalog:CLO:EBIRD:OBS1726741957,Passeriformes,Rhipiduridae,Rhipidura,Rhipidura nigritorquis
2489,4738729357,URN:catalog:CLO:EBIRD:OBS1737370494,Apodiformes,Apodidae,Collocalia,Collocalia marginata
2490,4272063234,URN:catalog:CLO:EBIRD:OBS1385753889,Columbiformes,Columbidae,Geopelia,Geopelia striata
2491,3629295949,URN:catalog:CLO:EBIRD:OBS1086340978,Columbiformes,Columbidae,Spilopelia,Spilopelia chinensis
2492,3669174140,URN:catalog:CLO:EBIRD:OBS1073188624,Passeriformes,Artamidae,Artamus,Artamus leucorhynchos
2493,3599264305,URN:catalog:CLO:EBIRD:OBS1073188531,Passeriformes,Rhipiduridae,Rhipidura,Rhipidura nigritorquis
2494,4393238755,URN:catalog:CLO:EBIRD:OBS1479578037,Passeriformes,Pycnonotidae,Pycnonotus,Pycnonotus goiavier
2495,4740248204,URN:catalog:CLO:EBIRD:OBS1726712629,Passeriformes,Nectariniidae,Cinnyris,Cinnyris jugularis
2496,3609763848,URN:catalog:CLO:EBIRD:OBS1079221174,Passeriformes,Passeridae,Passer,Passer montanus
2497,5521900241,URN:catalog:CLO:EBIRD:OBS1956764493,Psittaciformes,Psittacidae,Loriculus,Loriculus philippensis
2498,5466686195,URN:catalog:CLO:EBIRD:OBS1956772187,Columbiformes,Columbidae,Spilopelia,Spilopelia chinensis
2499,3577258428,URN:catalog:CLO:EBIRD:OBS1237382185,Passeriformes,Corvidae,Corvus,
2500,3211042382,URN:catalog:CLO:EBIRD:OBS1008206966,Columbiformes,Columbidae,Geopelia,Geopelia striata
2501,4332471900,URN:catalog:CLO:EBIRD:OBS1313293443,Columbiformes,Columbidae,Geopelia,Geopelia striata
2502,3542393514,URN:catalog:CLO:EBIRD:OBS1049205648,Columbiformes,Columbidae,Geopelia,Geopelia striata
2503,3670224280,URN:catalog:CLO:EBIRD:OBS1122473253,Coraciiformes,Alcedinidae,Todiramphus,Todiramphus chloris
2504,4750474717,URN:catalog:CLO:EBIRD:OBS1726725210,Passeriformes,Sturnidae,Aplonis,Aplonis panayensis
2505,4678592590,URN:catalog:CLO:EBIRD:OBS1630537593,Coraciiformes,Alcedinidae,Todiramphus,Todiramphus chloris
2506,3264637922,URN:catalog:CLO:EBIRD:OBS971676022,Passeriformes,Rhipiduridae,Rhipidura,Rhipidura nigritorquis
2508,3646049483,URN:catalog:CLO:EBIRD:OBS1219817902,Passeriformes,Acanthizidae,Gerygone,Gerygone sulphurea
2509,3194822447,URN:catalog:CLO:EBIRD:OBS998238269,Passeriformes,Pycnonotidae,Pycnonotus,Pycnonotus goiavier
2510,5304655913,URN:catalog:CLO:EBIRD:OBS2040682531,Passeriformes,Rhipiduridae,Rhipidura,Rhipidura nigritorquis
2511,4296581942,URN:catalog:CLO:EBIRD:OBS1350512002,Passeriformes,Laniidae,Lanius,Lanius cristatus
2512,4197040040,URN:catalog:CLO:EBIRD:OBS1323152451,Piciformes,Megalaimidae,Psilopogon,Psilopogon haemacephalus
2513,5527591212,URN:catalog:CLO:EBIRD:OBS2534898627,Passeriformes,Sturnidae,Aplonis,Aplonis panayensis
2514,5628834631,URN:catalog:CLO:EBIRD:OBS2552281875,Columbiformes,Columbidae,Geopelia,Geopelia striata
2515,5351617955,URN:catalog:CLO:EBIRD:OBS1956776303,Passeriformes,Laniidae,Lanius,Lanius cristatus
2516,3644523156,URN:catalog:CLO:EBIRD:OBS1242462499,Pelecaniformes,Ardeidae,Egretta,Egretta garzetta
2517,3148632730,URN:catalog:CLO:EBIRD:OBS915795106,Piciformes,Picidae,Yungipicus,Yungipicus maculatus
2518,3226803178,URN:catalog:CLO:EBIRD:OBS916172614,Passeriformes,Passeridae,Passer,Passer montanus
2519,5439576568,URN:catalog:CLO:EBIRD:OBS2552281871,Passeriformes,Pycnonotidae,Pycnonotus,Pycnonotus goiavier
2520,3673002633,URN:catalog:CLO:EBIRD:OBS1117992330,Passeriformes,Rhipiduridae,Rhipidura,Rhipidura nigritorquis
2521,3664156440,URN:catalog:CLO:EBIRD:OBS1234561853,Passeriformes,Passeridae,Passer,Passer montanus
2522,3508594621,URN:catalog:CLO:EBIRD:OBS1083433226,Passeriformes,Nectariniidae,Cinnyris,Cinnyris jugularis
2523,4764331540,URN:catalog:CLO:EBIRD:OBS1754909050,Passeriformes,Hirundinidae,Hirundo,Hirundo javanica
2524,4693611247,URN:catalog:CLO:EBIRD:OBS1800847855,Passeriformes,Pycnonotidae,Pycnonotus,Pycnonotus goiavier
2525,3159347846,URN:catalog:CLO:EBIRD:OBS920391204,Piciformes,Picidae,Yungipicus,Yungipicus maculatus
2526,3540118297,URN:catalog:CLO:EBIRD:OBS1114411734,Passeriformes,Pycnonotidae,Pycnonotus,Pycnonotus goiavier
2527,4785901519,URN:catalog:CLO:EBIRD:OBS1639025170,Psittaciformes,Psittacidae,Loriculus,Loriculus philippensis
2528,3513984671,URN:catalog:CLO:EBIRD:OBS1112488573,Columbiformes,Columbidae,Geopelia,Geopelia striata
2529,3526083985,URN:catalog:CLO:EBIRD:OBS1119942870,Piciformes,Megalaimidae,Psilopogon,Psilopogon haemacephalus
2530,3232585087,URN:catalog:CLO:EBIRD:OBS922352526,Passeriformes,Pycnonotidae,Pycnonotus,Pycnonotus goiavier
2531,4758197341,URN:catalog:CLO:EBIRD:OBS1737370484,Passeriformes,Locustellidae,Megalurus,Megalurus palustris
2532,3272601382,URN:catalog:CLO:EBIRD:OBS1002671439,Piciformes,Megalaimidae,Psilopogon,Psilopogon haemacephalus
2533,3552887950,URN:catalog:CLO:EBIRD:OBS1233303388,Passeriformes,Pycnonotidae,Pycnonotus,Pycnonotus goiavier
2534,3675172558,URN:catalog:CLO:EBIRD:OBS1121865205,Passeriformes,Pycnonotidae,Pycnonotus,Pycnonotus goiavier
2535,3622804945,URN:catalog:CLO:EBIRD:OBS1260328588,Accipitriformes,Accipitridae,Butastur,Butastur indicus
2536,4229682216,URN:catalog:CLO:EBIRD:OBS1389690039,Apodiformes,Apodidae,Collocalia,Collocalia marginata
2537,4653439574,URN:catalog:CLO:EBIRD:OBS1721901515,Passeriformes,Campephagidae,Lalage,Lalage nigra
2538,4835515433,URN:catalog:CLO:EBIRD:OBS1764781948,Apodiformes,Apodidae,Collocalia,Collocalia marginata
2539,5685626809,URN:catalog:CLO:EBIRD:OBS2560204080,Passeriformes,Oriolidae,Oriolus,Oriolus chinensis
2540,5611397739,URN:catalog:CLO:EBIRD:OBS2414893829,Passeriformes,Corvidae,Corvus,
2542,3257075892,URN:catalog:CLO:EBIRD:OBS848844814,Charadriiformes,Laridae,Chlidonias,Chlidonias hybrida
2543,4205170110,URN:catalog:CLO:EBIRD:OBS1475196190,Columbiformes,Columbidae,Columba,Columba livia
2544,4300687979,URN:catalog:CLO:EBIRD:OBS1429752893,Gruiformes,Rallidae,Gallirallus,Gallirallus torquatus
2545,4688681684,URN:catalog:CLO:EBIRD:OBS1632529951,Piciformes,Megalaimidae,Psilopogon,Psilopogon haemacephalus
2546,5349560855,URN:catalog:CLO:EBIRD:OBS2414893826,Passeriformes,Estrildidae,Lonchura,Lonchura atricapilla
2547,3620953310,URN:catalog:CLO:EBIRD:OBS1119129888,Passeriformes,Nectariniidae,Cinnyris,Cinnyris jugularis
2548,4270112514,URN:catalog:CLO:EBIRD:OBS1588575182,Apodiformes,Apodidae,Collocalia,Collocalia troglodytes
2549,3247664500,URN:catalog:CLO:EBIRD:OBS915640008,Piciformes,Picidae,Yungipicus,Yungipicus maculatus
2550,4674822078,URN:catalog:CLO:EBIRD:OBS1895420883,Passeriformes,Oriolidae,Oriolus,Oriolus chinensis
2551,4188411404,URN:catalog:CLO:EBIRD:OBS1588575176,Passeriformes,Oriolidae,Oriolus,Oriolus chinensis
2552,4732255796,URN:catalog:CLO:EBIRD:OBS1726725212,Passeriformes,Oriolidae,Oriolus,Oriolus chinensis
2553,3589914767,URN:catalog:CLO:EBIRD:OBS1084314133,Coraciiformes,Alcedinidae,Todiramphus,Todiramphus chloris
2555,5560621357,URN:catalog:CLO:EBIRD:OBS2414893831,Columbiformes,Columbidae,Geopelia,Geopelia striata
2556,3680281849,URN:catalog:CLO:EBIRD:OBS1102780585,Psittaciformes,Psittacidae,Loriculus,Loriculus philippensis
2559,4202003052,URN:catalog:CLO:EBIRD:OBS1591411428,Passeriformes,Dicaeidae,Dicaeum,Dicaeum australe
2560,3533494999,URN:catalog:CLO:EBIRD:OBS1073375429,Passeriformes,Passeridae,Passer,Passer montanus
2561,4208781896,URN:catalog:CLO:EBIRD:OBS1336401559,Passeriformes,Acanthizidae,Gerygone,Gerygone sulphurea
2562,3546710030,URN:catalog:CLO:EBIRD:OBS1073190943,Passeriformes,Sturnidae,Aplonis,Aplonis panayensis
2563,5515031529,URN:catalog:CLO:EBIRD:OBS2431090542,Columbiformes,Columbidae,Geopelia,Geopelia striata
2564,3639729759,URN:catalog:CLO:EBIRD:OBS1086340979,Passeriformes,Zosteropidae,Zosterops,Zosterops meyeni
2565,4632888755,URN:catalog:CLO:EBIRD:OBS1726725216,Piciformes,Megalaimidae,Psilopogon,Psilopogon haemacephalus
2566,4332189474,URN:catalog:CLO:EBIRD:OBS1429755151,Passeriformes,Campephagidae,Lalage,Lalage nigra
2567,4739497141,URN:catalog:CLO:EBIRD:OBS1726712626,Passeriformes,Hirundinidae,Hirundo,Hirundo javanica
2568,3152742719,URN:catalog:CLO:EBIRD:OBS917214300,Columbiformes,Columbidae,Spilopelia,Spilopelia chinensis
2569,3231453830,URN:catalog:CLO:EBIRD:OBS845949800,Columbiformes,Columbidae,Geopelia,Geopelia striata
2570,3169707521,URN:catalog:CLO:EBIRD:OBS915645739,Passeriformes,Pycnonotidae,Pycnonotus,Pycnonotus goiavier
2571,4738991192,URN:catalog:CLO:EBIRD:OBS1902983500,Psittaciformes,Psittacidae,Loriculus,Loriculus philippensis
2572,3178218605,URN:catalog:CLO:EBIRD:OBS976509748,Passeriformes,Rhipiduridae,Rhipidura,Rhipidura nigritorquis
2573,3507637109,URN:catalog:CLO:EBIRD:OBS1073368665,Columbiformes,Columbidae,Geopelia,Geopelia striata
2574,3546300426,URN:catalog:CLO:EBIRD:OBS1266508556,Passeriformes,Sturnidae,Aplonis,Aplonis panayensis
2575,4314900453,URN:catalog:CLO:EBIRD:OBS1315919615,Passeriformes,Oriolidae,Oriolus,Oriolus chinensis
2577,4278963681,URN:catalog:CLO:EBIRD:OBS1429752892,Apodiformes,Apodidae,Collocalia,Collocalia marginata
2578,3645143711,URN:catalog:CLO:EBIRD:OBS1117792185,Passeriformes,Pycnonotidae,Pycnonotus,Pycnonotus goiavier
2579,3671299204,URN:catalog:CLO:EBIRD:OBS1122473262,Passeriformes,Sturnidae,Aplonis,Aplonis panayensis
2580,5297853157,URN:catalog:CLO:EBIRD:OBS1949798052,Passeriformes,Hirundinidae,Hirundo,Hirundo javanica
2581,5486135399,URN:catalog:CLO:EBIRD:OBS1956775080,Passeriformes,Oriolidae,Oriolus,Oriolus chinensis
2582,4760743591,URN:catalog:CLO:EBIRD:OBS1597543444,Passeriformes,Motacillidae,Motacilla,Motacilla cinerea
2583,4324779128,URN:catalog:CLO:EBIRD:OBS1509740662,Pelecaniformes,Ardeidae,Ardea,
2584,3669894766,URN:catalog:CLO:EBIRD:OBS1241360932,Passeriformes,Zosteropidae,Zosterops,Zosterops meyeni
2585,3146165867,URN:catalog:CLO:EBIRD:OBS870451555,Columbiformes,Columbidae,Geopelia,Geopelia striata
2586,4810205647,URN:catalog:CLO:EBIRD:OBS1726712704,Passeriformes,Zosteropidae,Zosterops,Zosterops meyeni
2587,4746991223,URN:catalog:CLO:EBIRD:OBS1721892639,Passeriformes,Locustellidae,Megalurus,Megalurus palustris
2588,3600112925,URN:catalog:CLO:EBIRD:OBS1132503812,Passeriformes,Acanthizidae,Gerygone,Gerygone sulphurea
2589,3280056125,URN:catalog:CLO:EBIRD:OBS1004885089,Pelecaniformes,Ardeidae,Egretta,Egretta garzetta
2590,4731903524,URN:catalog:CLO:EBIRD:OBS1846539959,Passeriformes,Pycnonotidae,Pycnonotus,Pycnonotus goiavier
2591,5305748605,URN:catalog:CLO:EBIRD:OBS1980584562,Psittaciformes,Psittacidae,Loriculus,Loriculus philippensis
2592,3606419245,URN:catalog:CLO:EBIRD:OBS1111341788,Passeriformes,Pycnonotidae,Pycnonotus,Pycnonotus goiavier
2593,3649969946,URN:catalog:CLO:EBIRD:OBS1117792187,Columbiformes,Columbidae,Spilopelia,Spilopelia chinensis
2594,3229327109,URN:catalog:CLO:EBIRD:OBS922352528,Piciformes,Megalaimidae,Psilopogon,Psilopogon haemacephalus
2595,3512739285,URN:catalog:CLO:EBIRD:OBS1121865322,Passeriformes,Laniidae,Lanius,Lanius cristatus
2596,3574537258,URN:catalog:CLO:EBIRD:OBS1237382193,Passeriformes,Estrildidae,Lonchura,Lonchura atricapilla
2597,4798252513,URN:catalog:CLO:EBIRD:OBS1837252364,Columbiformes,Columbidae,Geopelia,Geopelia striata
2599,4275527908,URN:catalog:CLO:EBIRD:OBS1589113764,Passeriformes,Sturnidae,Gracula,Gracula religiosa
2600,4775034118,URN:catalog:CLO:EBIRD:OBS1630537589,Passeriformes,Zosteropidae,Zosterops,Zosterops meyeni
2601,4324640020,URN:catalog:CLO:EBIRD:OBS1315915683,Passeriformes,Rhipiduridae,Rhipidura,Rhipidura nigritorquis
2602,4187878318,URN:catalog:CLO:EBIRD:OBS1320624413,Passeriformes,Acanthizidae,Gerygone,Gerygone sulphurea
2603,3594053364,URN:catalog:CLO:EBIRD:OBS1099637913,Passeriformes,Nectariniidae,Cinnyris,Cinnyris jugularis
2604,3656034515,URN:catalog:CLO:EBIRD:OBS1212607151,Columbiformes,Columbidae,Geopelia,Geopelia striata
2605,4756434376,URN:catalog:CLO:EBIRD:OBS1902983499,Passeriformes,Oriolidae,Oriolus,Oriolus chinensis
2606,4612032460,URN:catalog:CLO:EBIRD:OBS1835246919,Passeriformes,Pycnonotidae,Pycnonotus,Pycnonotus goiavier
2608,3678108595,URN:catalog:CLO:EBIRD:OBS1117992343,Passeriformes,Nectariniidae,Cinnyris,Cinnyris jugularis
2610,3231226592,URN:catalog:CLO:EBIRD:OBS915640000,Piciformes,Megalaimidae,Psilopogon,Psilopogon haemacephalus
2611,3654515441,URN:catalog:CLO:EBIRD:OBS1234561847,Passeriformes,Nectariniidae,Cinnyris,Cinnyris jugularis
2612,5377425643,URN:catalog:CLO:EBIRD:OBS1956750316,Passeriformes,Passeridae,Passer,Passer montanus
2613,5448838045,URN:catalog:CLO:EBIRD:OBS2019954485,Passeriformes,Pycnonotidae,Pycnonotus,Pycnonotus goiavier
2614,3589627135,URN:catalog:CLO:EBIRD:OBS1084314132,Passeriformes,Muscicapidae,Copsychus,Copsychus mindanensis
2615,4336515749,URN:catalog:CLO:EBIRD:OBS1591407546,Passeriformes,Sturnidae,Acridotheres,Acridotheres cristatellus
2616,4681016832,URN:catalog:CLO:EBIRD:OBS1639025169,Passeriformes,Sturnidae,Aplonis,Aplonis panayensis
2617,3291331200,URN:catalog:CLO:EBIRD:OBS1004885094,Passeriformes,Motacillidae,Motacilla,Motacilla cinerea
2618,3288744969,URN:catalog:CLO:EBIRD:OBS1011598504,Passeriformes,Passeridae,Passer,Passer montanus
2619,3559565638,URN:catalog:CLO:EBIRD:OBS1241356544,Piciformes,Picidae,Yungipicus,Yungipicus maculatus
2621,3204166430,URN:catalog:CLO:EBIRD:OBS1008206973,Gruiformes,Rallidae,Gallirallus,Gallirallus torquatus
2622,3278229649,URN:catalog:CLO:EBIRD:OBS996913148,Passeriformes,Rhipiduridae,Rhipidura,Rhipidura nigritorquis
2623,4273373436,URN:catalog:CLO:EBIRD:OBS1591411422,Passeriformes,Passeridae,Passer,Passer montanus
2626,5378084369,URN:catalog:CLO:EBIRD:OBS2414893827,Piciformes,Megalaimidae,Psilopogon,Psilopogon haemacephalus
2627,4750735184,URN:catalog:CLO:EBIRD:OBS1882512219,Piciformes,Megalaimidae,Psilopogon,Psilopogon haemacephalus
2628,3513190951,URN:catalog:CLO:EBIRD:OBS1121887078,Piciformes,Megalaimidae,Psilopogon,Psilopogon haemacephalus
2629,4313866751,URN:catalog:CLO:EBIRD:OBS1491012662,Strigiformes,Strigidae,Otus,Otus megalotis
2631,3156505841,URN:catalog:CLO:EBIRD:OBS934973642,Passeriformes,Hirundinidae,Hirundo,Hirundo javanica
2632,3580632333,URN:catalog:CLO:EBIRD:OBS1274963901,Coraciiformes,Alcedinidae,Todiramphus,Todiramphus chloris
2633,3673864282,URN:catalog:CLO:EBIRD:OBS1111246212,Coraciiformes,Alcedinidae,Alcedo,Alcedo atthis
2634,3281050829,URN:catalog:CLO:EBIRD:OBS1027283642,Passeriformes,Artamidae,Artamus,Artamus leucorhynchos
2635,3200523947,URN:catalog:CLO:EBIRD:OBS978139294,Piciformes,Picidae,Yungipicus,Yungipicus maculatus
2636,4262586456,URN:catalog:CLO:EBIRD:OBS1385753879,Coraciiformes,Alcedinidae,Todiramphus,Todiramphus chloris
2637,3162502711,URN:catalog:CLO:EBIRD:OBS915639997,Columbiformes,Columbidae,Spilopelia,Spilopelia chinensis
2638,4297911064,URN:catalog:CLO:EBIRD:OBS1320625193,Columbiformes,Columbidae,Geopelia,Geopelia striata
2639,4266889757,URN:catalog:CLO:EBIRD:OBS1324174771,Passeriformes,Oriolidae,Oriolus,Oriolus chinensis
2640,3519936852,URN:catalog:CLO:EBIRD:OBS1111248985,Passeriformes,Pycnonotidae,Pycnonotus,Pycnonotus goiavier
2641,3509668293,URN:catalog:CLO:EBIRD:OBS1073368662,Passeriformes,Rhipiduridae,Rhipidura,Rhipidura nigritorquis
2642,3660145817,URN:catalog:CLO:EBIRD:OBS1278134612,Passeriformes,Motacillidae,Motacilla,Motacilla cinerea
2643,4705952038,URN:catalog:CLO:EBIRD:OBS1629818775,Passeriformes,Rhipiduridae,Rhipidura,Rhipidura nigritorquis
2644,4301429949,URN:catalog:CLO:EBIRD:OBS1339270384,Columbiformes,Columbidae,Geopelia,Geopelia striata
2646,5456518357,URN:catalog:CLO:EBIRD:OBS2414894576,Psittaciformes,Psittacidae,Loriculus,Loriculus philippensis
2647,5499666191,URN:catalog:CLO:EBIRD:OBS2540234729,Pelecaniformes,Ardeidae,Butorides,Butorides striata
2648,3135160423,URN:catalog:CLO:EBIRD:OBS852253264,Columbiformes,Columbidae,Geopelia,Geopelia striata
2649,3146533981,URN:catalog:CLO:EBIRD:OBS865790458,Passeriformes,Passeridae,Passer,Passer montanus
2650,3594904553,URN:catalog:CLO:EBIRD:OBS1098581582,Passeriformes,Dicaeidae,Dicaeum,Dicaeum australe
2651,3508629150,URN:catalog:CLO:EBIRD:OBS1054332213,Passeriformes,Oriolidae,Oriolus,Oriolus chinensis
2652,4304939133,URN:catalog:CLO:EBIRD:OBS1430310165,Cuculiformes,Cuculidae,Eudynamys,Eudynamys scolopaceus
2653,3261576256,URN:catalog:CLO:EBIRD:OBS998236723,Passeriformes,Passeridae,Passer,Passer montanus
2654,3688331319,URN:catalog:CLO:EBIRD:OBS1267079732,Passeriformes,Oriolidae,Oriolus,Oriolus chinensis
2655,4295541726,URN:catalog:CLO:EBIRD:OBS1339262648,Passeriformes,Sturnidae,Aplonis,Aplonis panayensis
2656,4679016378,URN:catalog:CLO:EBIRD:OBS1800847859,Passeriformes,Rhipiduridae,Rhipidura,Rhipidura nigritorquis
2657,4844817482,URN:catalog:CLO:EBIRD:OBS1895417302,Passeriformes,Corvidae,Corvus,
2658,5329723945,URN:catalog:CLO:EBIRD:OBS1956764492,Passeriformes,Dicaeidae,Dicaeum,Dicaeum australe
2659,3150884568,URN:catalog:CLO:EBIRD:OBS917214301,Passeriformes,Sturnidae,Acridotheres,Acridotheres cristatellus
2660,5303889952,URN:catalog:CLO:EBIRD:OBS2168014526,Passeriformes,Nectariniidae,Cinnyris,Cinnyris jugularis
2661,4266563871,URN:catalog:CLO:EBIRD:OBS1509740666,Coraciiformes,Alcedinidae,Todiramphus,Todiramphus chloris
2662,4259293493,URN:catalog:CLO:EBIRD:OBS1518646414,Passeriformes,Nectariniidae,Cinnyris,Cinnyris jugularis
2663,3551392453,URN:catalog:CLO:EBIRD:OBS1119942869,Coraciiformes,Alcedinidae,Todiramphus,Todiramphus chloris
2664,3581404491,URN:catalog:CLO:EBIRD:OBS1237382202,Passeriformes,Muscicapidae,Copsychus,Copsychus mindanensis
2667,4620915075,URN:catalog:CLO:EBIRD:OBS1951648815,Passeriformes,Passeridae,Passer,Passer montanus
2669,4338534373,URN:catalog:CLO:EBIRD:OBS1384406479,Passeriformes,Acanthizidae,Gerygone,Gerygone sulphurea
2670,4359182959,URN:catalog:CLO:EBIRD:OBS1518639848,Pelecaniformes,Ardeidae,Nycticorax,Nycticorax caledonicus
2671,3168541715,URN:catalog:CLO:EBIRD:OBS934973645,Passeriformes,Pycnonotidae,Pycnonotus,Pycnonotus goiavier
2674,4197206009,URN:catalog:CLO:EBIRD:OBS1329317472,Passeriformes,Hirundinidae,Hirundo,Hirundo javanica
2675,4729486696,URN:catalog:CLO:EBIRD:OBS1841027432,Columbiformes,Columbidae,Geopelia,Geopelia striata
2676,5397467965,URN:catalog:CLO:EBIRD:OBS2540234728,Passeriformes,Motacillidae,Motacilla,Motacilla cinerea
2677,3658671513,URN:catalog:CLO:EBIRD:OBS1192868430,Passeriformes,Passeridae,Passer,Passer montanus
2678,4306810134,URN:catalog:CLO:EBIRD:OBS1344442084,Coraciiformes,Alcedinidae,Todiramphus,Todiramphus chloris
2679,3292844413,URN:catalog:CLO:EBIRD:OBS1007299906,Coraciiformes,Alcedinidae,Todiramphus,Todiramphus chloris
2680,3642279711,URN:catalog:CLO:EBIRD:OBS1219817908,Passeriformes,Estrildidae,Lonchura,Lonchura atricapilla
2681,4225369979,URN:catalog:CLO:EBIRD:OBS1350514532,Columbiformes,Columbidae,Columba,Columba livia
2682,3671096717,URN:catalog:CLO:EBIRD:OBS1121876296,Passeriformes,Laniidae,Lanius,Lanius cristatus
2684,5506182761,URN:catalog:CLO:EBIRD:OBS1954981493,Passeriformes,Sturnidae,Aplonis,Aplonis panayensis
2685,3643356262,URN:catalog:CLO:EBIRD:OBS1112477606,Passeriformes,Motacillidae,Motacilla,Motacilla cinerea
2686,4204849851,URN:catalog:CLO:EBIRD:OBS1357342903,Passeriformes,Hirundinidae,Hirundo,Hirundo javanica
2687,4239748909,URN:catalog:CLO:EBIRD:OBS1357358302,Pelecaniformes,Ardeidae,Butorides,Butorides striata
2688,3140070902,URN:catalog:CLO:EBIRD:OBS870451556,Piciformes,Megalaimidae,Psilopogon,Psilopogon haemacephalus
2689,3163423927,URN:catalog:CLO:EBIRD:OBS933608502,Piciformes,Picidae,Yungipicus,Yungipicus maculatus
2690,3235644027,URN:catalog:CLO:EBIRD:OBS922352530,Piciformes,Picidae,Yungipicus,Yungipicus maculatus
2691,3267351036,URN:catalog:CLO:EBIRD:OBS1011600293,Psittaciformes,Psittacidae,Loriculus,Loriculus philippensis
2693,4261969737,URN:catalog:CLO:EBIRD:OBS1378237443,Passeriformes,Corvidae,Corvus,
2694,4333349490,URN:catalog:CLO:EBIRD:OBS1350507687,Pelecaniformes,Ardeidae,Botaurus,
2695,3514083251,URN:catalog:CLO:EBIRD:OBS1112488561,Passeriformes,Passeridae,Passer,Passer montanus
2696,4314400750,URN:catalog:CLO:EBIRD:OBS1320625194,Passeriformes,Rhipiduridae,Rhipidura,Rhipidura nigritorquis
2697,5453876341,URN:catalog:CLO:EBIRD:OBS1956762203,Passeriformes,Acanthizidae,Gerygone,Gerygone sulphurea
2699,4674337212,URN:catalog:CLO:EBIRD:OBS1951591851,Columbiformes,Columbidae,Geopelia,Geopelia striata
2701,3237015436,URN:catalog:CLO:EBIRD:OBS915635961,Passeriformes,Laniidae,Lanius,Lanius cristatus
2702,5451699861,URN:catalog:CLO:EBIRD:OBS2031188662,Columbiformes,Columbidae,Geopelia,Geopelia striata
2703,3534130969,URN:catalog:CLO:EBIRD:OBS1251715622,Passeriformes,Pycnonotidae,Pycnonotus,Pycnonotus goiavier
2704,3546193500,URN:catalog:CLO:EBIRD:OBS1251715625,Passeriformes,Campephagidae,Lalage,Lalage nigra
2705,3509028074,URN:catalog:CLO:EBIRD:OBS1084314126,Passeriformes,Sturnidae,Aplonis,Aplonis panayensis
2706,3533723827,URN:catalog:CLO:EBIRD:OBS1117989316,Columbiformes,Columbidae,Spilopelia,Spilopelia chinensis
2707,3656630555,URN:catalog:CLO:EBIRD:OBS1267078244,Passeriformes,Sturnidae,Aplonis,Aplonis panayensis
2708,4830950220,URN:catalog:CLO:EBIRD:OBS1737370499,Passeriformes,Zosteropidae,Zosterops,Zosterops meyeni
2709,4821068043,URN:catalog:CLO:EBIRD:OBS1722013746,Passeriformes,Sturnidae,Aplonis,Aplonis panayensis
2710,4196790641,URN:catalog:CLO:EBIRD:OBS1587381328,Passeriformes,Motacillidae,Motacilla,Motacilla cinerea
2711,4838071332,URN:catalog:CLO:EBIRD:OBS1895417509,Piciformes,Picidae,Yungipicus,Yungipicus maculatus
2712,4828260027,URN:catalog:CLO:EBIRD:OBS1901446140,Psittaciformes,Psittacidae,Loriculus,Loriculus philippensis
2714,3656069150,URN:catalog:CLO:EBIRD:OBS1241367932,Passeriformes,Nectariniidae,Cinnyris,Cinnyris jugularis
2715,4754477669,URN:catalog:CLO:EBIRD:OBS1756524334,Passeriformes,Passeridae,Passer,Passer montanus
2716,4322619576,URN:catalog:CLO:EBIRD:OBS1591411425,Piciformes,Megalaimidae,Psilopogon,Psilopogon haemacephalus
2717,3609101031,URN:catalog:CLO:EBIRD:OBS1132503808,Piciformes,Megalaimidae,Psilopogon,Psilopogon haemacephalus
2718,4222018818,URN:catalog:CLO:EBIRD:OBS1324179804,Coraciiformes,Alcedinidae,Todiramphus,Todiramphus chloris
2719,3132528394,URN:catalog:CLO:EBIRD:OBS852253262,Passeriformes,Passeridae,Passer,Passer montanus
2720,3509298163,URN:catalog:CLO:EBIRD:OBS1085779986,Pelecaniformes,Ardeidae,Egretta,Egretta garzetta
2721,4220877371,URN:catalog:CLO:EBIRD:OBS1344447029,Passeriformes,Nectariniidae,Cinnyris,Cinnyris jugularis
2722,3667587998,URN:catalog:CLO:EBIRD:OBS1082880923,Piciformes,Megalaimidae,Psilopogon,Psilopogon haemacephalus
2723,4185506998,URN:catalog:CLO:EBIRD:OBS1320624421,Piciformes,Megalaimidae,Psilopogon,Psilopogon haemacephalus
2724,3508395115,URN:catalog:CLO:EBIRD:OBS1081460641,Passeriformes,Artamidae,Artamus,Artamus leucorhynchos
2725,3622428517,URN:catalog:CLO:EBIRD:OBS1192843900,Passeriformes,Passeridae,Passer,Passer montanus
2726,3508462386,URN:catalog:CLO:EBIRD:OBS1049205652,Columbiformes,Columbidae,Spilopelia,Spilopelia chinensis
2727,3557453700,URN:catalog:CLO:EBIRD:OBS1114411735,Passeriformes,Acanthizidae,Gerygone,Gerygone sulphurea
2728,4379397955,URN:catalog:CLO:EBIRD:OBS1587455132,Apodiformes,Apodidae,Collocalia,Collocalia marginata
2729,3625703306,URN:catalog:CLO:EBIRD:OBS1086340976,Coraciiformes,Alcedinidae,Todiramphus,Todiramphus chloris
2730,4839885847,URN:catalog:CLO:EBIRD:OBS1738931601,Passeriformes,Pycnonotidae,Pycnonotus,Pycnonotus goiavier
2731,5541591805,URN:catalog:CLO:EBIRD:OBS1953202840,Passeriformes,Nectariniidae,Cinnyris,Cinnyris jugularis
2732,5633624380,URN:catalog:CLO:EBIRD:OBS2431090536,Pelecaniformes,Ardeidae,Butorides,Butorides striata
2733,4777034478,URN:catalog:CLO:EBIRD:OBS1630537583,Passeriformes,Acanthizidae,Gerygone,Gerygone sulphurea
2734,3649009159,URN:catalog:CLO:EBIRD:OBS1212607158,Passeriformes,Rhipiduridae,Rhipidura,Rhipidura nigritorquis
2736,5308070242,URN:catalog:CLO:EBIRD:OBS2019954479,Passeriformes,Passeridae,Passer,Passer montanus
2737,5664093498,URN:catalog:CLO:EBIRD:OBS2019954484,Apodiformes,Apodidae,Collocalia,Collocalia marginata
2738,3285937409,URN:catalog:CLO:EBIRD:OBS1007299907,Passeriformes,Motacillidae,Motacilla,Motacilla cinerea
2739,3226168291,URN:catalog:CLO:EBIRD:OBS916172613,Passeriformes,Sturnidae,Aplonis,Aplonis panayensis
2740,3564255777,URN:catalog:CLO:EBIRD:OBS1129473862,Passeriformes,Oriolidae,Oriolus,Oriolus chinensis
2741,3692894410,URN:catalog:CLO:EBIRD:OBS1216850950,Passeriformes,Passeridae,Passer,Passer montanus
2742,3518717019,URN:catalog:CLO:EBIRD:OBS1073187019,Piciformes,Megalaimidae,Psilopogon,Psilopogon haemacephalus
2743,3591590035,URN:catalog:CLO:EBIRD:OBS1099637912,Gruiformes,Rallidae,Amaurornis,Amaurornis phoenicurus
2744,3614698847,URN:catalog:CLO:EBIRD:OBS1116026409,Passeriformes,Rhipiduridae,Rhipidura,Rhipidura nigritorquis
2745,4198390501,URN:catalog:CLO:EBIRD:OBS1323151395,Passeriformes,Acanthizidae,Gerygone,Gerygone sulphurea
2746,3515506744,URN:catalog:CLO:EBIRD:OBS1121887076,Passeriformes,Sturnidae,Acridotheres,Acridotheres cristatellus
2747,4302596250,URN:catalog:CLO:EBIRD:OBS1320625195,Psittaciformes,Psittacidae,Loriculus,Loriculus philippensis
2748,3690528350,URN:catalog:CLO:EBIRD:OBS1267079750,Passeriformes,Campephagidae,Lalage,Lalage nigra
2749,3238157086,URN:catalog:CLO:EBIRD:OBS922352525,Columbiformes,Columbidae,Spilopelia,Spilopelia chinensis
2750,3150461908,URN:catalog:CLO:EBIRD:OBS915639999,Passeriformes,Pycnonotidae,Pycnonotus,Pycnonotus goiavier
2751,4733599078,URN:catalog:CLO:EBIRD:OBS1797101759,Piciformes,Picidae,Yungipicus,Yungipicus maculatus
2752,3257770180,URN:catalog:CLO:EBIRD:OBS1011600857,Passeriformes,Motacillidae,Motacilla,Motacilla cinerea
2753,4200643527,URN:catalog:CLO:EBIRD:OBS1339262642,Passeriformes,Motacillidae,Motacilla,Motacilla cinerea
2754,5619734997,URN:catalog:CLO:EBIRD:OBS1980598423,Columbiformes,Columbidae,Columba,Columba livia
2755,3642468282,URN:catalog:CLO:EBIRD:OBS1222162985,Passeriformes,Muscicapidae,Copsychus,Copsychus mindanensis
2756,4292100306,URN:catalog:CLO:EBIRD:OBS1315916226,Passeriformes,Zosteropidae,Zosterops,Zosterops meyeni
2757,4686501129,URN:catalog:CLO:EBIRD:OBS1895417519,Passeriformes,Oriolidae,Oriolus,Oriolus chinensis
2758,4711389807,URN:catalog:CLO:EBIRD:OBS1895417513,Pelecaniformes,Ardeidae,Egretta,Egretta garzetta
2759,3606324451,URN:catalog:CLO:EBIRD:OBS1132503816,Passeriformes,Pycnonotidae,Pycnonotus,Pycnonotus goiavier
2760,4306407205,URN:catalog:CLO:EBIRD:OBS1336401563,Piciformes,Megalaimidae,Psilopogon,Psilopogon haemacephalus
2761,3655232734,URN:catalog:CLO:EBIRD:OBS1241360929,Passeriformes,Pycnonotidae,Pycnonotus,Pycnonotus goiavier
2762,4183459958,URN:catalog:CLO:EBIRD:OBS1315919610,Passeriformes,Campephagidae,Lalage,Lalage nigra
2763,5514116680,URN:catalog:CLO:EBIRD:OBS1956772185,Columbiformes,Columbidae,Geopelia,Geopelia striata
2764,5647041702,URN:catalog:CLO:EBIRD:OBS1956776297,Passeriformes,Oriolidae,Oriolus,Oriolus chinensis
2765,3644570067,URN:catalog:CLO:EBIRD:OBS1212607155,Coraciiformes,Alcedinidae,Halcyon,Halcyon gularis
2766,5456027242,URN:catalog:CLO:EBIRD:OBS2168014528,Gruiformes,Rallidae,Rallina,Rallina eurizonoides
2767,5353645605,URN:catalog:CLO:EBIRD:OBS1980598998,Passeriformes,Motacillidae,Motacilla,Motacilla cinerea
2768,3295243386,URN:catalog:CLO:EBIRD:OBS1004885088,Piciformes,Megalaimidae,Psilopogon,Psilopogon haemacephalus
2769,3641784247,URN:catalog:CLO:EBIRD:OBS1220882728,Passeriformes,Zosteropidae,Zosterops,Zosterops meyeni
2770,4728734959,URN:catalog:CLO:EBIRD:OBS1951591850,Passeriformes,Passeridae,Passer,Passer montanus
2771,5529884956,URN:catalog:CLO:EBIRD:OBS1956750319,Passeriformes,Acanthizidae,Gerygone,Gerygone sulphurea
2772,3578180633,URN:catalog:CLO:EBIRD:OBS1237382196,Columbiformes,Columbidae,Geopelia,Geopelia striata
2773,3692877759,URN:catalog:CLO:EBIRD:OBS1251721846,Passeriformes,Oriolidae,Oriolus,Oriolus chinensis
2774,3158333659,URN:catalog:CLO:EBIRD:OBS920391205,Columbiformes,Columbidae,Geopelia,Geopelia striata
2775,3511119656,URN:catalog:CLO:EBIRD:OBS1111248990,Passeriformes,Acanthizidae,Gerygone,Gerygone sulphurea
2776,3681420279,URN:catalog:CLO:EBIRD:OBS1216850949,Passeriformes,Rhipiduridae,Rhipidura,Rhipidura nigritorquis
2777,3635552974,URN:catalog:CLO:EBIRD:OBS1222162987,Coraciiformes,Alcedinidae,Todiramphus,Todiramphus chloris
2778,3209667705,URN:catalog:CLO:EBIRD:OBS1008206969,Passeriformes,Laniidae,Lanius,Lanius cristatus
2780,3637104871,URN:catalog:CLO:EBIRD:OBS1222162990,Passeriformes,Pycnonotidae,Pycnonotus,Pycnonotus goiavier
2781,3509420511,URN:catalog:CLO:EBIRD:OBS1085779979,Passeriformes,Oriolidae,Oriolus,Oriolus chinensis
2782,3601361898,URN:catalog:CLO:EBIRD:OBS1099637909,Psittaciformes,Psittacidae,Loriculus,Loriculus philippensis
2783,3618623919,URN:catalog:CLO:EBIRD:OBS1111341789,Passeriformes,Rhipiduridae,Rhipidura,Rhipidura nigritorquis
2784,3622254771,URN:catalog:CLO:EBIRD:OBS1116026403,Passeriformes,Dicaeidae,Dicaeum,Dicaeum australe
2785,5681029076,URN:catalog:CLO:EBIRD:OBS2031188666,Passeriformes,Rhipiduridae,Rhipidura,Rhipidura nigritorquis
2786,3156528850,URN:catalog:CLO:EBIRD:OBS915632776,Columbiformes,Columbidae,Geopelia,Geopelia striata
2787,4695716879,URN:catalog:CLO:EBIRD:OBS1780341740,Passeriformes,Passeridae,Passer,Passer montanus
2788,3287411778,URN:catalog:CLO:EBIRD:OBS996913142,Passeriformes,Pycnonotidae,Pycnonotus,Pycnonotus goiavier
2789,4661615497,URN:catalog:CLO:EBIRD:OBS1901446142,Apodiformes,Apodidae,Collocalia,Collocalia marginata
2790,3608419227,URN:catalog:CLO:EBIRD:OBS1119129887,Piciformes,Megalaimidae,Psilopogon,Psilopogon haemacephalus
2791,4668038121,URN:catalog:CLO:EBIRD:OBS1726709398,Passeriformes,Rhipiduridae,Rhipidura,Rhipidura nigritorquis
2792,4207399353,URN:catalog:CLO:EBIRD:OBS1344442085,Psittaciformes,Psittacidae,Loriculus,Loriculus philippensis
2793,3670398123,URN:catalog:CLO:EBIRD:OBS1111246200,Passeriformes,Passeridae,Passer,Passer montanus
2794,4210862818,URN:catalog:CLO:EBIRD:OBS1339270381,Passeriformes,Rhipiduridae,Rhipidura,Rhipidura nigritorquis
2795,4842056896,URN:catalog:CLO:EBIRD:OBS1853824762,Apodiformes,Apodidae,Collocalia,Collocalia marginata
2796,3608585308,URN:catalog:CLO:EBIRD:OBS1111255403,Coraciiformes,Alcedinidae,Alcedo,Alcedo atthis
2797,3573317208,URN:catalog:CLO:EBIRD:OBS1215786347,Columbiformes,Columbidae,Geopelia,Geopelia striata
2798,4316365321,URN:catalog:CLO:EBIRD:OBS1430310175,Passeriformes,Artamidae,Artamus,Artamus leucorhynchos
2799,3669358373,URN:catalog:CLO:EBIRD:OBS1098562100,Passeriformes,Rhipiduridae,Rhipidura,Rhipidura nigritorquis
2800,3643519075,URN:catalog:CLO:EBIRD:OBS1165842388,Psittaciformes,Psittacidae,Loriculus,Loriculus philippensis
2801,3673222495,URN:catalog:CLO:EBIRD:OBS1114407116,Passeriformes,Zosteropidae,Zosterops,Zosterops meyeni
2802,3682007879,URN:catalog:CLO:EBIRD:OBS1117992348,Passeriformes,Corvidae,Corvus,
2803,3681175853,URN:catalog:CLO:EBIRD:OBS1117992363,Passeriformes,Acanthizidae,Gerygone,Gerygone sulphurea
2804,3619874403,URN:catalog:CLO:EBIRD:OBS1251706965,Passeriformes,Muscicapidae,Monticola,Monticola solitarius
2805,3176292837,URN:catalog:CLO:EBIRD:OBS976509746,Passeriformes,Pycnonotidae,Pycnonotus,Pycnonotus goiavier
2806,5573852598,URN:catalog:CLO:EBIRD:OBS1951483891,Passeriformes,Nectariniidae,Cinnyris,Cinnyris jugularis
2807,5543880418,URN:catalog:CLO:EBIRD:OBS2724805829,Passeriformes,Oriolidae,Oriolus,Oriolus chinensis
2808,4773013048,URN:catalog:CLO:EBIRD:OBS1835246920,Passeriformes,Zosteropidae,Zosterops,Zosterops meyeni
2809,4664159106,URN:catalog:CLO:EBIRD:OBS1721897323,Passeriformes,Zosteropidae,Zosterops,Zosterops meyeni
2810,4819720247,URN:catalog:CLO:EBIRD:OBS1907598494,Piciformes,Megalaimidae,Psilopogon,Psilopogon haemacephalus
2812,3514578352,URN:catalog:CLO:EBIRD:OBS1117989320,Passeriformes,Oriolidae,Oriolus,Oriolus chinensis
2813,4252107305,URN:catalog:CLO:EBIRD:OBS1471809736,Apodiformes,Apodidae,Collocalia,Collocalia marginata
2814,3649922641,URN:catalog:CLO:EBIRD:OBS1267078241,Passeriformes,Motacillidae,Motacilla,Motacilla cinerea
2815,4821409694,URN:catalog:CLO:EBIRD:OBS1721893882,Apodiformes,Apodidae,Collocalia,Collocalia marginata
2817,3666818613,URN:catalog:CLO:EBIRD:OBS1082880921,Coraciiformes,Alcedinidae,Todiramphus,Todiramphus chloris
2818,3599167056,URN:catalog:CLO:EBIRD:OBS1233303394,Piciformes,Picidae,Yungipicus,Yungipicus maculatus
2819,4196972742,URN:catalog:CLO:EBIRD:OBS1323152443,Pelecaniformes,Ardeidae,Butorides,Butorides striata
2820,3189641049,URN:catalog:CLO:EBIRD:OBS978139291,Passeriformes,Passeridae,Passer,Passer montanus
2821,3162246576,URN:catalog:CLO:EBIRD:OBS917191079,Passeriformes,Oriolidae,Oriolus,Oriolus chinensis
2822,3624585293,URN:catalog:CLO:EBIRD:OBS1260328584,Gruiformes,Rallidae,Amaurornis,Amaurornis phoenicurus
2823,3596630581,URN:catalog:CLO:EBIRD:OBS1116028573,Passeriformes,Pycnonotidae,Pycnonotus,Pycnonotus goiavier
2824,4257106695,URN:catalog:CLO:EBIRD:OBS1385753894,Passeriformes,Sturnidae,Aplonis,Aplonis panayensis
2825,4663821174,URN:catalog:CLO:EBIRD:OBS1639025156,Passeriformes,Campephagidae,Lalage,Lalage nigra
2826,4196429099,URN:catalog:CLO:EBIRD:OBS1344447031,Passeriformes,Passeridae,Passer,Passer montanus
2827,4185048111,URN:catalog:CLO:EBIRD:OBS1315916224,Piciformes,Megalaimidae,Psilopogon,Psilopogon haemacephalus
2829,3525615517,URN:catalog:CLO:EBIRD:OBS1117989325,Pelecaniformes,Ardeidae,Egretta,Egretta garzetta
2830,4225771004,URN:catalog:CLO:EBIRD:OBS1361349426,Passeriformes,Pycnonotidae,Pycnonotus,Pycnonotus goiavier
2832,3628461971,URN:catalog:CLO:EBIRD:OBS1080169321,Passeriformes,Passeridae,Passer,Passer montanus
2833,4844342773,URN:catalog:CLO:EBIRD:OBS1726714918,Passeriformes,Rhipiduridae,Rhipidura,Rhipidura nigritorquis
2834,4363372859,URN:catalog:CLO:EBIRD:OBS1475196191,Passeriformes,Acanthizidae,Gerygone,Gerygone sulphurea
2835,3653649156,URN:catalog:CLO:EBIRD:OBS1220882744,Columbiformes,Columbidae,Geopelia,Geopelia striata
2836,3677793041,URN:catalog:CLO:EBIRD:OBS1117992336,Columbiformes,Columbidae,Geopelia,Geopelia striata
2837,3578462600,URN:catalog:CLO:EBIRD:OBS1215786349,Piciformes,Picidae,Yungipicus,Yungipicus maculatus
2838,3573033948,URN:catalog:CLO:EBIRD:OBS1241356546,Columbiformes,Columbidae,Geopelia,Geopelia striata
2840,4754073617,URN:catalog:CLO:EBIRD:OBS1901446141,Columbiformes,Columbidae,Geopelia,Geopelia striata
2841,4318799317,URN:catalog:CLO:EBIRD:OBS1518639852,Passeriformes,Passeridae,Passer,Passer montanus
2842,5582258589,URN:catalog:CLO:EBIRD:OBS1956750318,Coraciiformes,Alcedinidae,Todiramphus,Todiramphus chloris
2843,3298973782,URN:catalog:CLO:EBIRD:OBS1027283644,Passeriformes,Acanthizidae,Gerygone,Gerygone sulphurea
2846,5553153275,URN:catalog:CLO:EBIRD:OBS1949799958,Passeriformes,Passeridae,Passer,Passer montanus
2847,4614869543,URN:catalog:CLO:EBIRD:OBS1726712718,Passeriformes,Dicaeidae,Dicaeum,Dicaeum australe
2848,4198519962,URN:catalog:CLO:EBIRD:OBS1429757710,Passeriformes,Corvidae,Corvus,
2849,4374243403,URN:catalog:CLO:EBIRD:OBS1471137824,Apodiformes,Apodidae,Collocalia,Collocalia marginata
2850,4281045517,URN:catalog:CLO:EBIRD:OBS1361349425,Coraciiformes,Alcedinidae,Alcedo,Alcedo atthis
2851,3238103948,URN:catalog:CLO:EBIRD:OBS922352520,Columbiformes,Columbidae,Geopelia,Geopelia striata
2852,3591822539,URN:catalog:CLO:EBIRD:OBS1084314131,Columbiformes,Columbidae,Spilopelia,Spilopelia chinensis
2853,3624086963,URN:catalog:CLO:EBIRD:OBS1224433763,Passeriformes,Pycnonotidae,Pycnonotus,Pycnonotus goiavier
2854,3672502304,URN:catalog:CLO:EBIRD:OBS1121876299,Passeriformes,Passeridae,Passer,Passer montanus
2855,3561647917,URN:catalog:CLO:EBIRD:OBS1129095551,Passeriformes,Nectariniidae,Cinnyris,Cinnyris jugularis
2856,5332654056,URN:catalog:CLO:EBIRD:OBS2414893828,Passeriformes,Pycnonotidae,Pycnonotus,Pycnonotus goiavier
2857,4748312169,URN:catalog:CLO:EBIRD:OBS1721892646,Psittaciformes,Psittacidae,Loriculus,Loriculus philippensis
2858,3290333089,URN:catalog:CLO:EBIRD:OBS1004885096,Passeriformes,Acanthizidae,Gerygone,Gerygone sulphurea
2859,3566963185,URN:catalog:CLO:EBIRD:OBS1246521929,Passeriformes,Pycnonotidae,Pycnonotus,Pycnonotus goiavier
2860,3634373930,URN:catalog:CLO:EBIRD:OBS1224433766,Passeriformes,Zosteropidae,Zosterops,Zosterops meyeni
2861,3560672957,URN:catalog:CLO:EBIRD:OBS1129473870,Columbiformes,Columbidae,Geopelia,Geopelia striata
2862,4336169600,URN:catalog:CLO:EBIRD:OBS1361349427,Piciformes,Megalaimidae,Psilopogon,Psilopogon haemacephalus
2863,3691882936,URN:catalog:CLO:EBIRD:OBS1117823916,Coraciiformes,Meropidae,Merops,Merops philippinus
2864,3653081113,URN:catalog:CLO:EBIRD:OBS1216850776,Passeriformes,Passeridae,Passer,Passer montanus
2865,4183797025,URN:catalog:CLO:EBIRD:OBS1315916221,Piciformes,Picidae,Yungipicus,Yungipicus maculatus
2867,4778991049,URN:catalog:CLO:EBIRD:OBS1629818774,Passeriformes,Zosteropidae,Zosterops,Zosterops meyeni
2868,5326420520,URN:catalog:CLO:EBIRD:OBS1980589275,Passeriformes,Campephagidae,Lalage,Lalage nigra
2869,3565294537,URN:catalog:CLO:EBIRD:OBS1129473860,Passeriformes,Pycnonotidae,Pycnonotus,Pycnonotus goiavier
2870,3143728942,URN:catalog:CLO:EBIRD:OBS872472909,Passeriformes,Corvidae,Corvus,
2872,4830459343,URN:catalog:CLO:EBIRD:OBS1726712710,Piciformes,Megalaimidae,Psilopogon,Psilopogon haemacephalus
2873,4657382457,URN:catalog:CLO:EBIRD:OBS1597543435,Psittaciformes,Psittacidae,Loriculus,Loriculus philippensis
2874,3509621849,URN:catalog:CLO:EBIRD:OBS1093523357,Columbiformes,Columbidae,Spilopelia,Spilopelia chinensis
2875,3611104165,URN:catalog:CLO:EBIRD:OBS1116026412,Passeriformes,Sturnidae,Aplonis,Aplonis panayensis
2876,4269636925,URN:catalog:CLO:EBIRD:OBS1429757707,Passeriformes,Oriolidae,Oriolus,Oriolus chinensis
2877,3692242630,URN:catalog:CLO:EBIRD:OBS1267079735,Passeriformes,Rhipiduridae,Rhipidura,Rhipidura nigritorquis
2878,4343192343,URN:catalog:CLO:EBIRD:OBS1591407545,Pelecaniformes,Ardeidae,Egretta,Egretta garzetta
2879,3513726580,URN:catalog:CLO:EBIRD:OBS1098562093,Passeriformes,Corvidae,Corvus,
2880,4616196007,URN:catalog:CLO:EBIRD:OBS1726725215,Passeriformes,Rhipiduridae,Rhipidura,Rhipidura nigritorquis
2882,3521513315,URN:catalog:CLO:EBIRD:OBS1122476002,Passeriformes,Passeridae,Passer,Passer montanus
2883,5381692309,URN:catalog:CLO:EBIRD:OBS1952214167,Piciformes,Picidae,Yungipicus,Yungipicus maculatus
2884,3535154930,URN:catalog:CLO:EBIRD:OBS1251709967,Passeriformes,Nectariniidae,Cinnyris,Cinnyris jugularis
2885,4187298860,URN:catalog:CLO:EBIRD:OBS1313293442,Coraciiformes,Alcedinidae,Alcedo,Alcedo atthis
2886,4815538146,URN:catalog:CLO:EBIRD:OBS1639025155,Piciformes,Picidae,Yungipicus,Yungipicus maculatus
2887,3602156258,URN:catalog:CLO:EBIRD:OBS1099635232,Passeriformes,Passeridae,Passer,Passer montanus
2888,4615236057,URN:catalog:CLO:EBIRD:OBS1956762791,Columbiformes,Columbidae,Geopelia,Geopelia striata
2889,3618623838,URN:catalog:CLO:EBIRD:OBS1111255406,Columbiformes,Columbidae,Geopelia,Geopelia striata
2890,3519091230,URN:catalog:CLO:EBIRD:OBS1121865325,Columbiformes,Columbidae,Columba,Columba livia
2891,3690650567,URN:catalog:CLO:EBIRD:OBS1116027947,Passeriformes,Acanthizidae,Gerygone,Gerygone sulphurea
2892,3149665911,URN:catalog:CLO:EBIRD:OBS870451552,Passeriformes,Rhipiduridae,Rhipidura,Rhipidura nigritorquis
2893,3159446537,URN:catalog:CLO:EBIRD:OBS915653652,Passeriformes,Oriolidae,Oriolus,Oriolus chinensis
2894,3636761391,URN:catalog:CLO:EBIRD:OBS1224433768,Psittaciformes,Psittacidae,Loriculus,Loriculus philippensis
2895,4774517103,URN:catalog:CLO:EBIRD:OBS1800847861,Passeriformes,Campephagidae,Lalage,Lalage nigra
2897,5590575624,URN:catalog:CLO:EBIRD:OBS2560204078,Passeriformes,Sturnidae,Aplonis,Aplonis panayensis
2898,3505822123,URN:catalog:CLO:EBIRD:OBS1049205650,Passeriformes,Nectariniidae,Cinnyris,Cinnyris jugularis
2899,3518526683,URN:catalog:CLO:EBIRD:OBS1085779980,Piciformes,Megalaimidae,Psilopogon,Psilopogon haemacephalus
2900,3529002558,URN:catalog:CLO:EBIRD:OBS1112488567,Pelecaniformes,Ardeidae,Egretta,Egretta garzetta
2902,4842036306,URN:catalog:CLO:EBIRD:OBS1956762782,Pelecaniformes,Ardeidae,Egretta,Egretta garzetta
2903,4197678967,URN:catalog:CLO:EBIRD:OBS1324153265,Passeriformes,Oriolidae,Oriolus,Oriolus chinensis
2904,3278172234,URN:catalog:CLO:EBIRD:OBS1002671443,Columbiformes,Columbidae,Geopelia,Geopelia striata
2905,4792648630,URN:catalog:CLO:EBIRD:OBS1629820298,Columbiformes,Columbidae,Geopelia,Geopelia striata
2906,4660383846,URN:catalog:CLO:EBIRD:OBS1633569815,Passeriformes,Nectariniidae,Cinnyris,Cinnyris jugularis
2907,4818636705,URN:catalog:CLO:EBIRD:OBS1882512218,Columbiformes,Columbidae,Geopelia,Geopelia striata
2908,4840478100,URN:catalog:CLO:EBIRD:OBS1726712609,Passeriformes,Acanthizidae,Gerygone,Gerygone sulphurea
2909,4262883412,URN:catalog:CLO:EBIRD:OBS1387731654,Apodiformes,Apodidae,Collocalia,Collocalia marginata
2910,5313062463,URN:catalog:CLO:EBIRD:OBS2708448626,Apodiformes,Apodidae,Collocalia,Collocalia marginata
2911,3571441307,URN:catalog:CLO:EBIRD:OBS1233293250,Pelecaniformes,Ardeidae,Egretta,Egretta garzetta
2912,3658285699,URN:catalog:CLO:EBIRD:OBS1242468432,Columbiformes,Columbidae,Spilopelia,Spilopelia chinensis
2913,3597199240,URN:catalog:CLO:EBIRD:OBS1114410060,Pelecaniformes,Ardeidae,Egretta,Egretta garzetta
2914,5456637939,URN:catalog:CLO:EBIRD:OBS2220359435,Piciformes,Megalaimidae,Psilopogon,Psilopogon haemacephalus
2915,3587819960,URN:catalog:CLO:EBIRD:OBS1073187021,Passeriformes,Nectariniidae,Cinnyris,Cinnyris jugularis
2916,3572818618,URN:catalog:CLO:EBIRD:OBS1233293249,Passeriformes,Pycnonotidae,Pycnonotus,Pycnonotus goiavier
2917,4343951537,URN:catalog:CLO:EBIRD:OBS1357342904,Passeriformes,Artamidae,Artamus,Artamus leucorhynchos
2918,3651386240,URN:catalog:CLO:EBIRD:OBS1117992329,Coraciiformes,Meropidae,Merops,Merops philippinus
2919,3645521854,URN:catalog:CLO:EBIRD:OBS1242468433,Pelecaniformes,Ardeidae,Nycticorax,Nycticorax caledonicus
2923,5322564755,URN:catalog:CLO:EBIRD:OBS2560204079,Passeriformes,Passeridae,Passer,Passer montanus
2924,3687608373,URN:catalog:CLO:EBIRD:OBS1116027941,Passeriformes,Rhipiduridae,Rhipidura,Rhipidura nigritorquis
2925,4189146208,URN:catalog:CLO:EBIRD:OBS1315919609,Passeriformes,Pycnonotidae,Pycnonotus,Pycnonotus goiavier
2926,3647541024,URN:catalog:CLO:EBIRD:OBS1216853899,Piciformes,Megalaimidae,Psilopogon,Psilopogon haemacephalus
2927,3285127847,URN:catalog:CLO:EBIRD:OBS996913146,Passeriformes,Passeridae,Passer,Passer montanus
2928,4763568319,URN:catalog:CLO:EBIRD:OBS1956762792,Coraciiformes,Alcedinidae,Todiramphus,Todiramphus chloris
2930,4318722674,URN:catalog:CLO:EBIRD:OBS1591407544,Passeriformes,Motacillidae,Motacilla,Motacilla cinerea
2931,4645446663,URN:catalog:CLO:EBIRD:OBS1726709403,Passeriformes,Acanthizidae,Gerygone,Gerygone sulphurea
2932,4268339263,URN:catalog:CLO:EBIRD:OBS1591411420,Gruiformes,Rallidae,Amaurornis,Amaurornis phoenicurus
2934,5572003504,URN:catalog:CLO:EBIRD:OBS2566707210,Columbiformes,Columbidae,Ducula,Ducula carola
2935,4286988112,URN:catalog:CLO:EBIRD:OBS1429757711,Passeriformes,Acanthizidae,Gerygone,Gerygone sulphurea
2936,3508002083,URN:catalog:CLO:EBIRD:OBS1081460640,Piciformes,Picidae,Yungipicus,Yungipicus maculatus
2937,3166767580,URN:catalog:CLO:EBIRD:OBS915653658,Passeriformes,Pycnonotidae,Pycnonotus,Pycnonotus goiavier
2938,5512289780,URN:catalog:CLO:EBIRD:OBS2566782840,Passeriformes,Sturnidae,Aplonis,Aplonis panayensis
2939,4793360506,URN:catalog:CLO:EBIRD:OBS1800847858,Piciformes,Megalaimidae,Psilopogon,Psilopogon haemacephalus
2940,4768477449,URN:catalog:CLO:EBIRD:OBS1630537594,Passeriformes,Nectariniidae,Cinnyris,Cinnyris jugularis
2941,3666615329,URN:catalog:CLO:EBIRD:OBS1073188621,Piciformes,Picidae,Yungipicus,Yungipicus maculatus
2942,3282021301,URN:catalog:CLO:EBIRD:OBS1007299902,Passeriformes,Pycnonotidae,Pycnonotus,Pycnonotus goiavier
2943,3647178931,URN:catalog:CLO:EBIRD:OBS1212607154,Columbiformes,Columbidae,Spilopelia,Spilopelia chinensis
2946,3272786315,URN:catalog:CLO:EBIRD:OBS998236724,Passeriformes,Zosteropidae,Zosterops,Zosterops meyeni
2947,4745714568,URN:catalog:CLO:EBIRD:OBS1721892644,Columbiformes,Columbidae,Columba,Columba livia
2948,4345482021,URN:catalog:CLO:EBIRD:OBS1339265333,Piciformes,Megalaimidae,Psilopogon,Psilopogon haemacephalus
2949,3550204429,URN:catalog:CLO:EBIRD:OBS1086353726,Passeriformes,Passeridae,Passer,Passer montanus
2952,3674191551,URN:catalog:CLO:EBIRD:OBS1111246201,Passeriformes,Pycnonotidae,Pycnonotus,Pycnonotus goiavier
2953,3266094954,URN:catalog:CLO:EBIRD:OBS1011600295,Passeriformes,Sturnidae,Aplonis,Aplonis panayensis
2954,5435537260,URN:catalog:CLO:EBIRD:OBS2540234726,Passeriformes,Passeridae,Passer,Passer montanus
2956,3297686964,URN:catalog:CLO:EBIRD:OBS962390842,Passeriformes,Passeridae,Passer,Passer montanus
2958,5478937443,URN:catalog:CLO:EBIRD:OBS2335831376,Columbiformes,Columbidae,Geopelia,Geopelia striata
2959,4758202423,URN:catalog:CLO:EBIRD:OBS1597543437,Passeriformes,Pycnonotidae,Pycnonotus,Pycnonotus goiavier
2960,3555498357,URN:catalog:CLO:EBIRD:OBS1251715626,Passeriformes,Oriolidae,Oriolus,Oriolus chinensis
2961,3542314709,URN:catalog:CLO:EBIRD:OBS1119942873,Columbiformes,Columbidae,Geopelia,Geopelia striata
2962,3622644308,URN:catalog:CLO:EBIRD:OBS1086340985,Passeriformes,Oriolidae,Oriolus,Oriolus chinensis
2963,3582538412,URN:catalog:CLO:EBIRD:OBS1259552854,Passeriformes,Sturnidae,Aplonis,Aplonis panayensis
2964,5555146855,URN:catalog:CLO:EBIRD:OBS2540247931,Piciformes,Megalaimidae,Psilopogon,Psilopogon haemacephalus
2965,3679260863,URN:catalog:CLO:EBIRD:OBS1193403843,Passeriformes,Sturnidae,Aplonis,Aplonis panayensis
2966,5683786369,URN:catalog:CLO:EBIRD:OBS1952214164,Passeriformes,Zosteropidae,Zosterops,Zosterops meyeni
2967,4820236834,URN:catalog:CLO:EBIRD:OBS1726712614,Pelecaniformes,Ardeidae,Egretta,Egretta garzetta
2968,4672282435,URN:catalog:CLO:EBIRD:OBS1639025771,Piciformes,Megalaimidae,Psilopogon,Psilopogon haemacephalus
2969,4348370062,URN:catalog:CLO:EBIRD:OBS1357358306,Passeriformes,Hirundinidae,Hirundo,Hirundo javanica
2970,4369674153,URN:catalog:CLO:EBIRD:OBS1357358304,Pelecaniformes,Ardeidae,Ardea,Ardea cinerea
2971,4196850079,URN:catalog:CLO:EBIRD:OBS1357342916,Coraciiformes,Meropidae,Merops,Merops philippinus
2972,4322046196,URN:catalog:CLO:EBIRD:OBS1518639850,Pelecaniformes,Ardeidae,Egretta,Egretta garzetta
2973,3280493753,URN:catalog:CLO:EBIRD:OBS1011600866,Passeriformes,Dicaeidae,Dicaeum,Dicaeum australe
2974,3514940430,URN:catalog:CLO:EBIRD:OBS1085779981,Passeriformes,Passeridae,Passer,Passer montanus
2975,3638582482,URN:catalog:CLO:EBIRD:OBS1116026413,Columbiformes,Columbidae,Geopelia,Geopelia striata
2976,4764579432,URN:catalog:CLO:EBIRD:OBS1795395649,Pelecaniformes,Ardeidae,Egretta,Egretta garzetta
2977,5532594891,URN:catalog:CLO:EBIRD:OBS1951485399,Piciformes,Megalaimidae,Psilopogon,Psilopogon haemacephalus
2980,4280629307,URN:catalog:CLO:EBIRD:OBS1329314371,Passeriformes,Rhipiduridae,Rhipidura,Rhipidura nigritorquis
2981,3139796436,URN:catalog:CLO:EBIRD:OBS852253263,Apodiformes,Apodidae,Collocalia,Collocalia marginata
2982,3637941082,URN:catalog:CLO:EBIRD:OBS1220882742,Passeriformes,Pycnonotidae,Pycnonotus,Pycnonotus goiavier
2983,4633114517,URN:catalog:CLO:EBIRD:OBS1882362487,Pelecaniformes,Ardeidae,Egretta,Egretta garzetta
2984,5295650305,URN:catalog:CLO:EBIRD:OBS2287226729,Passeriformes,Passeridae,Passer,Passer montanus
2985,3510495379,URN:catalog:CLO:EBIRD:OBS1094481660,Passeriformes,Passeridae,Passer,Passer montanus
2986,4809319009,URN:catalog:CLO:EBIRD:OBS1837039403,Passeriformes,Pycnonotidae,Pycnonotus,Pycnonotus goiavier
2987,4641373285,URN:catalog:CLO:EBIRD:OBS1902983497,Passeriformes,Pycnonotidae,Pycnonotus,Pycnonotus goiavier
2988,4327892131,URN:catalog:CLO:EBIRD:OBS1591415767,Passeriformes,Oriolidae,Oriolus,Oriolus chinensis
2989,3285076969,URN:catalog:CLO:EBIRD:OBS1000064003,Columbiformes,Columbidae,Spilopelia,Spilopelia chinensis
2991,4817158165,URN:catalog:CLO:EBIRD:OBS1882512221,Passeriformes,Pycnonotidae,Pycnonotus,Pycnonotus goiavier
2992,3610780551,URN:catalog:CLO:EBIRD:OBS1219890997,Galliformes,Phasianidae,Pavo,Pavo cristatus
2993,3592667375,URN:catalog:CLO:EBIRD:OBS1119129890,Columbiformes,Columbidae,Geopelia,Geopelia striata
2994,3552257042,URN:catalog:CLO:EBIRD:OBS1251715616,Passeriformes,Laniidae,Lanius,Lanius cristatus
2995,3568916599,URN:catalog:CLO:EBIRD:OBS1117823917,Passeriformes,Rhipiduridae,Rhipidura,Rhipidura nigritorquis
2996,4371439433,URN:catalog:CLO:EBIRD:OBS1518646416,Passeriformes,Rhipiduridae,Rhipidura,Rhipidura nigritorquis
2997,4335507439,URN:catalog:CLO:EBIRD:OBS1509740661,Passeriformes,Pycnonotidae,Pycnonotus,Pycnonotus goiavier
2998,3283800507,URN:catalog:CLO:EBIRD:OBS1027283647,Columbiformes,Columbidae,Columba,Columba livia
2999,3684396359,URN:catalog:CLO:EBIRD:OBS1111246207,Psittaciformes,Psittacidae,Loriculus,Loriculus philippensis
3000,3687274310,URN:catalog:CLO:EBIRD:OBS1116027942,Piciformes,Megalaimidae,Psilopogon,Psilopogon haemacephalus
3001,3659089123,URN:catalog:CLO:EBIRD:OBS1218004474,Coraciiformes,Alcedinidae,Todiramphus,Todiramphus chloris
3003,3632610301,URN:catalog:CLO:EBIRD:OBS1192843901,Passeriformes,Rhipiduridae,Rhipidura,Rhipidura nigritorquis
3004,3663130847,URN:catalog:CLO:EBIRD:OBS1210199813,Passeriformes,Passeridae,Passer,Passer montanus
3005,4325773124,URN:catalog:CLO:EBIRD:OBS1518646420,Coraciiformes,Alcedinidae,Todiramphus,Todiramphus chloris
3006,4807014239,URN:catalog:CLO:EBIRD:OBS1895417512,Passeriformes,Zosteropidae,Zosterops,Zosterops meyeni
3007,4826333756,URN:catalog:CLO:EBIRD:OBS1721897322,Passeriformes,Passeridae,Passer,Passer montanus
3008,3211075399,URN:catalog:CLO:EBIRD:OBS1008206965,Passeriformes,Passeridae,Passer,Passer montanus
3009,3535045876,URN:catalog:CLO:EBIRD:OBS1093614188,Passeriformes,Passeridae,Passer,Passer montanus
3010,4821536228,URN:catalog:CLO:EBIRD:OBS1721892645,Galliformes,Phasianidae,Pavo,Pavo cristatus
3011,4219675804,URN:catalog:CLO:EBIRD:OBS1357978795,Passeriformes,Zosteropidae,Zosterops,Zosterops meyeni
3012,4797246686,URN:catalog:CLO:EBIRD:OBS1833420642,Coraciiformes,Alcedinidae,Todiramphus,Todiramphus chloris
