{
"type": "FeatureCollection",
"name": "bird",
"crs": { "type": "name", "properties": { "name": "urn:ogc:def:crs:OGC:1.3:CRS84" } },
"features": [
{ "type": "Feature", "properties": { "fid": 1, "gbifID": 3649993938, "occurrenceID": "URN:catalog:CLO:EBIRD:OBS1082880916", "order": "Passeriformes", "family": "Laniidae", "genus": "Lanius", "species": "Lanius cristatus" }, "geometry": { "type": "Point", "coordinates": [ 121.04677, 14.59694 ] } },
{ "type": "Feature", "properties": { "fid": 2, "gbifID": 3590192308, "occurrenceID": "URN:catalog:CLO:EBIRD:OBS1099637902", "order": "Passeriformes", "family": "Sturnidae", "genus": "Aplonis", "species": "Aplonis panayensis" }, "geometry": { "type": "Point", "coordinates": [ 121.04109, 14.60195 ] } },
{ "type": "Feature", "properties": { "fid": 3, "gbifID": 3679977656, "occurrenceID": "URN:catalog:CLO:EBIRD:OBS1111246205", "order": "Passeriformes", "family": "Oriolidae", "genus": "Oriolus", "species": "Oriolus chinensis" }, "geometry": { "type": "Point", "coordinates": [ 121.04109, 14.60195 ] } },
{ "type": "Feature", "properties": { "fid": 4, "gbifID": 4245628144, "occurrenceID": "URN:catalog:CLO:EBIRD:OBS1385753892", "order": "Passeriformes", "family": "Nectariniidae", "genus": "Cinnyris", "species": "Cinnyris jugularis" }, "geometry": { "type": "Point", "coordinates": [ 121.04728, 14.598908 ] } },
{ "type": "Feature", "properties": { "fid": 6, "gbifID": 3623865587, "occurrenceID": "URN:catalog:CLO:EBIRD:OBS1116014374", "order": "Passeriformes", "family": "Passeridae", "genus": "Passer", "species": "Passer montanus" }, "geometry": { "type": "Point", "coordinates": [ 121.04109, 14.60195 ] } },
{ "type": "Feature", "properties": { "fid": 7, "gbifID": 3625850782, "occurrenceID": "URN:catalog:CLO:EBIRD:OBS1116026406", "order": "Pelecaniformes", "family": "Ardeidae", "genus": "Egretta", "species": "Egretta garzetta" }, "geometry": { "type": "Point", "coordinates": [ 121.038605, 14.603709 ] } },
{ "type": "Feature", "properties": { "fid": 8, "gbifID": 3529815882, "occurrenceID": "URN:catalog:CLO:EBIRD:OBS1121887083", "order": "Passeriformes", "family": "Motacillidae", "genus": "Motacilla", "species": "Motacilla tschutschensis" }, "geometry": { "type": "Point", "coordinates": [ 121.02639, 14.606391 ] } },
{ "type": "Feature", "properties": { "fid": 9, "gbifID": 3568045343, "occurrenceID": "URN:catalog:CLO:EBIRD:OBS1129473871", "order": "Passeriformes", "family": "Nectariniidae", "genus": "Cinnyris", "species": "Cinnyris jugularis" }, "geometry": { "type": "Point", "coordinates": [ 121.038605, 14.603709 ] } },
{ "type": "Feature", "properties": { "fid": 10, "gbifID": 4670950711, "occurrenceID": "URN:catalog:CLO:EBIRD:OBS1737370489", "order": "Columbiformes", "family": "Columbidae", "genus": "Columba", "species": "Columba livia" }, "geometry": { "type": "Point", "coordinates": [ 121.04898, 14.589453 ] } },
{ "type": "Feature", "properties": { "fid": 11, "gbifID": 3622039550, "occurrenceID": "URN:catalog:CLO:EBIRD:OBS1086340977", "order": "Passeriformes", "family": "Corvidae", "genus": "Corvus", "species": null }, "geometry": { "type": "Point", "coordinates": [ 121.04677, 14.59694 ] } },
{ "type": "Feature", "properties": { "fid": 12, "gbifID": 5311394746, "occurrenceID": "URN:catalog:CLO:EBIRD:OBS1980598424", "order": "Passeriformes", "family": "Pycnonotidae", "genus": "Pycnonotus", "species": "Pycnonotus goiavier" }, "geometry": { "type": "Point", "coordinates": [ 121.04055, 14.605313 ] } },
{ "type": "Feature", "properties": { "fid": 13, "gbifID": 3517785173, "occurrenceID": "URN:catalog:CLO:EBIRD:OBS1122476003", "order": "Passeriformes", "family": "Laniidae", "genus": "Lanius", "species": "Lanius cristatus" }, "geometry": { "type": "Point", "coordinates": [ 121.038605, 14.603709 ] } },
{ "type": "Feature", "properties": { "fid": 14, "gbifID": 3518288984, "occurrenceID": "URN:catalog:CLO:EBIRD:OBS1054332205", "order": "Passeriformes", "family": "Motacillidae", "genus": "Motacilla", "species": "Motacilla cinerea" }, "geometry": { "type": "Point", "coordinates": [ 121.03753, 14.602924 ] } },
{ "type": "Feature", "properties": { "fid": 16, "gbifID": 4212913016, "occurrenceID": "URN:catalog:CLO:EBIRD:OBS1384406480", "order": "Apodiformes", "family": "Apodidae", "genus": "Collocalia", "species": "Collocalia marginata" }, "geometry": { "type": "Point", "coordinates": [ 121.05715, 14.580761 ] } },
{ "type": "Feature", "properties": { "fid": 17, "gbifID": 4246655713, "occurrenceID": "URN:catalog:CLO:EBIRD:OBS1518646403", "order": "Passeriformes", "family": "Laniidae", "genus": "Lanius", "species": "Lanius cristatus" }, "geometry": { "type": "Point", "coordinates": [ 121.04677, 14.59694 ] } },
{ "type": "Feature", "properties": { "fid": 18, "gbifID": 4699835835, "occurrenceID": "URN:catalog:CLO:EBIRD:OBS1609959563", "order": "Piciformes", "family": "Picidae", "genus": "Yungipicus", "species": "Yungipicus maculatus" }, "geometry": { "type": "Point", "coordinates": [ 121.04109, 14.60195 ] } },
{ "type": "Feature", "properties": { "fid": 19, "gbifID": 3654731987, "occurrenceID": "URN:catalog:CLO:EBIRD:OBS1278134615", "order": "Pelecaniformes", "family": "Ardeidae", "genus": "Butorides", "species": "Butorides striata" }, "geometry": { "type": "Point", "coordinates": [ 121.04109, 14.60195 ] } },
{ "type": "Feature", "properties": { "fid": 20, "gbifID": 3558024807, "occurrenceID": "URN:catalog:CLO:EBIRD:OBS1073190942", "order": "Passeriformes", "family": "Zosteropidae", "genus": "Zosterops", "species": "Zosterops meyeni" }, "geometry": { "type": "Point", "coordinates": [ 121.04677, 14.59694 ] } },
{ "type": "Feature", "properties": { "fid": 21, "gbifID": 3673891003, "occurrenceID": "URN:catalog:CLO:EBIRD:OBS1117992340", "order": "Passeriformes", "family": "Pycnonotidae", "genus": "Pycnonotus", "species": "Pycnonotus goiavier" }, "geometry": { "type": "Point", "coordinates": [ 121.038605, 14.603709 ] } },
{ "type": "Feature", "properties": { "fid": 22, "gbifID": 4307876255, "occurrenceID": "URN:catalog:CLO:EBIRD:OBS1315916223", "order": "Psittaciformes", "family": "Psittacidae", "genus": "Loriculus", "species": "Loriculus philippensis" }, "geometry": { "type": "Point", "coordinates": [ 121.03753, 14.602924 ] } },
{ "type": "Feature", "properties": { "fid": 23, "gbifID": 3276660202, "occurrenceID": "URN:catalog:CLO:EBIRD:OBS1002671436", "order": "Psittaciformes", "family": "Psittacidae", "genus": "Loriculus", "species": "Loriculus philippensis" }, "geometry": { "type": "Point", "coordinates": [ 121.03753, 14.602924 ] } },
{ "type": "Feature", "properties": { "fid": 24, "gbifID": 3639081354, "occurrenceID": "URN:catalog:CLO:EBIRD:OBS1219817909", "order": "Pelecaniformes", "family": "Ardeidae", "genus": "Egretta", "species": "Egretta garzetta" }, "geometry": { "type": "Point", "coordinates": [ 121.04728, 14.598908 ] } },
{ "type": "Feature", "properties": { "fid": 25, "gbifID": 3679706703, "occurrenceID": "URN:catalog:CLO:EBIRD:OBS1111246214", "order": "Columbiformes", "family": "Columbidae", "genus": "Geopelia", "species": "Geopelia striata" }, "geometry": { "type": "Point", "coordinates": [ 121.04109, 14.60195 ] } },
{ "type": "Feature", "properties": { "fid": 26, "gbifID": 4332278115, "occurrenceID": "URN:catalog:CLO:EBIRD:OBS1357358307", "order": "Columbiformes", "family": "Columbidae", "genus": "Geopelia", "species": "Geopelia striata" }, "geometry": { "type": "Point", "coordinates": [ 121.04898, 14.589453 ] } },
{ "type": "Feature", "properties": { "fid": 27, "gbifID": 3511172488, "occurrenceID": "URN:catalog:CLO:EBIRD:OBS1111248993", "order": "Passeriformes", "family": "Motacillidae", "genus": "Motacilla", "species": "Motacilla cinerea" }, "geometry": { "type": "Point", "coordinates": [ 121.04109, 14.60195 ] } },
{ "type": "Feature", "properties": { "fid": 28, "gbifID": 3518284518, "occurrenceID": "URN:catalog:CLO:EBIRD:OBS1117989322", "order": "Passeriformes", "family": "Passeridae", "genus": "Passer", "species": "Passer montanus" }, "geometry": { "type": "Point", "coordinates": [ 121.03771, 14.606191 ] } },
{ "type": "Feature", "properties": { "fid": 29, "gbifID": 3224383562, "occurrenceID": "URN:catalog:CLO:EBIRD:OBS915646125", "order": "Psittaciformes", "family": "Psittacidae", "genus": "Loriculus", "species": "Loriculus philippensis" }, "geometry": { "type": "Point", "coordinates": [ 121.03753, 14.602924 ] } },
{ "type": "Feature", "properties": { "fid": 30, "gbifID": 5364257996, "occurrenceID": "URN:catalog:CLO:EBIRD:OBS2218373312", "order": "Passeriformes", "family": "Pycnonotidae", "genus": "Pycnonotus", "species": "Pycnonotus goiavier" }, "geometry": { "type": "Point", "coordinates": [ 121.059555, 14.588209 ] } },
{ "type": "Feature", "properties": { "fid": 31, "gbifID": 4264366576, "occurrenceID": "URN:catalog:CLO:EBIRD:OBS1466546094", "order": "Passeriformes", "family": "Passeridae", "genus": "Passer", "species": "Passer montanus" }, "geometry": { "type": "Point", "coordinates": [ 121.03708, 14.59188 ] } },
{ "type": "Feature", "properties": { "fid": 32, "gbifID": 4296841171, "occurrenceID": "URN:catalog:CLO:EBIRD:OBS1477838895", "order": "Apodiformes", "family": "Apodidae", "genus": "Collocalia", "species": "Collocalia marginata" }, "geometry": { "type": "Point", "coordinates": [ 121.03708, 14.59188 ] } },
{ "type": "Feature", "properties": { "fid": 33, "gbifID": 5482900851, "occurrenceID": "URN:catalog:CLO:EBIRD:OBS2552281878", "order": "Passeriformes", "family": "Artamidae", "genus": "Artamus", "species": "Artamus leucorhynchos" }, "geometry": { "type": "Point", "coordinates": [ 121.04906, 14.589362 ] } },
{ "type": "Feature", "properties": { "fid": 34, "gbifID": 3598055333, "occurrenceID": "URN:catalog:CLO:EBIRD:OBS1092826698", "order": "Passeriformes", "family": "Sturnidae", "genus": "Aplonis", "species": "Aplonis panayensis" }, "geometry": { "type": "Point", "coordinates": [ 121.03964, 14.576538 ] } },
{ "type": "Feature", "properties": { "fid": 35, "gbifID": 4631149343, "occurrenceID": "URN:catalog:CLO:EBIRD:OBS1630537587", "order": "Piciformes", "family": "Megalaimidae", "genus": "Psilopogon", "species": "Psilopogon haemacephalus" }, "geometry": { "type": "Point", "coordinates": [ 121.04677, 14.59694 ] } },
{ "type": "Feature", "properties": { "fid": 36, "gbifID": 4692878131, "occurrenceID": "URN:catalog:CLO:EBIRD:OBS1632748399", "order": "Passeriformes", "family": "Laniidae", "genus": "Lanius", "species": "Lanius cristatus" }, "geometry": { "type": "Point", "coordinates": [ 121.05197, 14.573226 ] } },
{ "type": "Feature", "properties": { "fid": 37, "gbifID": 3548239784, "occurrenceID": "URN:catalog:CLO:EBIRD:OBS1069482036", "order": "Piciformes", "family": "Megalaimidae", "genus": "Psilopogon", "species": "Psilopogon haemacephalus" }, "geometry": { "type": "Point", "coordinates": [ 121.04677, 14.59694 ] } },
{ "type": "Feature", "properties": { "fid": 38, "gbifID": 3551331461, "occurrenceID": "URN:catalog:CLO:EBIRD:OBS1129473874", "order": "Pelecaniformes", "family": "Ardeidae", "genus": "Egretta", "species": "Egretta garzetta" }, "geometry": { "type": "Point", "coordinates": [ 121.038605, 14.603709 ] } },
{ "type": "Feature", "properties": { "fid": 39, "gbifID": 4259042077, "occurrenceID": "URN:catalog:CLO:EBIRD:OBS1380470426", "order": "Passeriformes", "family": "Passeridae", "genus": "Passer", "species": "Passer montanus" }, "geometry": { "type": "Point", "coordinates": [ 121.05715, 14.580761 ] } },
{ "type": "Feature", "properties": { "fid": 40, "gbifID": 4313551814, "occurrenceID": "URN:catalog:CLO:EBIRD:OBS1430310169", "order": "Columbiformes", "family": "Columbidae", "genus": "Geopelia", "species": "Geopelia striata" }, "geometry": { "type": "Point", "coordinates": [ 121.04898, 14.589453 ] } },
{ "type": "Feature", "properties": { "fid": 41, "gbifID": 3168302515, "occurrenceID": "URN:catalog:CLO:EBIRD:OBS915645734", "order": "Passeriformes", "family": "Nectariniidae", "genus": "Cinnyris", "species": "Cinnyris jugularis" }, "geometry": { "type": "Point", "coordinates": [ 121.03753, 14.602924 ] } },
{ "type": "Feature", "properties": { "fid": 43, "gbifID": 5479194766, "occurrenceID": "URN:catalog:CLO:EBIRD:OBS2560204076", "order": "Passeriformes", "family": "Sturnidae", "genus": "Sarcops", "species": "Sarcops calvus" }, "geometry": { "type": "Point", "coordinates": [ 121.03067, 14.611192 ] } },
{ "type": "Feature", "properties": { "fid": 44, "gbifID": 3233230860, "occurrenceID": "URN:catalog:CLO:EBIRD:OBS845949802", "order": "Passeriformes", "family": "Rhipiduridae", "genus": "Rhipidura", "species": "Rhipidura nigritorquis" }, "geometry": { "type": "Point", "coordinates": [ 121.03753, 14.602924 ] } },
{ "type": "Feature", "properties": { "fid": 45, "gbifID": 3228816617, "occurrenceID": "URN:catalog:CLO:EBIRD:OBS864316670", "order": "Charadriiformes", "family": "Laridae", "genus": "Chlidonias", "species": "Chlidonias hybrida" }, "geometry": { "type": "Point", "coordinates": [ 121.03368, 14.568226 ] } },
{ "type": "Feature", "properties": { "fid": 46, "gbifID": 3231810876, "occurrenceID": "URN:catalog:CLO:EBIRD:OBS917425577", "order": "Coraciiformes", "family": "Alcedinidae", "genus": "Todiramphus", "species": "Todiramphus chloris" }, "geometry": { "type": "Point", "coordinates": [ 121.0311, 14.586659 ] } },
{ "type": "Feature", "properties": { "fid": 47, "gbifID": 3607390356, "occurrenceID": "URN:catalog:CLO:EBIRD:OBS1194029599", "order": "Passeriformes", "family": "Sturnidae", "genus": "Aplonis", "species": "Aplonis panayensis" }, "geometry": { "type": "Point", "coordinates": [ 121.03964, 14.576538 ] } },
{ "type": "Feature", "properties": { "fid": 48, "gbifID": 4260115634, "occurrenceID": "URN:catalog:CLO:EBIRD:OBS1378237442", "order": "Passeriformes", "family": "Passeridae", "genus": "Passer", "species": "Passer montanus" }, "geometry": { "type": "Point", "coordinates": [ 121.05693, 14.582642 ] } },
{ "type": "Feature", "properties": { "fid": 49, "gbifID": 3511784227, "occurrenceID": "URN:catalog:CLO:EBIRD:OBS1081460632", "order": "Coraciiformes", "family": "Alcedinidae", "genus": "Todiramphus", "species": "Todiramphus chloris" }, "geometry": { "type": "Point", "coordinates": [ 121.04904, 14.589351 ] } },
{ "type": "Feature", "properties": { "fid": 50, "gbifID": 3665109486, "occurrenceID": "URN:catalog:CLO:EBIRD:OBS1234561857", "order": "Passeriformes", "family": "Corvidae", "genus": "Corvus", "species": null }, "geometry": { "type": "Point", "coordinates": [ 121.03771, 14.606191 ] } },
{ "type": "Feature", "properties": { "fid": 51, "gbifID": 4207550867, "occurrenceID": "URN:catalog:CLO:EBIRD:OBS1339270383", "order": "Passeriformes", "family": "Motacillidae", "genus": "Motacilla", "species": "Motacilla cinerea" }, "geometry": { "type": "Point", "coordinates": [ 121.04109, 14.60195 ] } },
{ "type": "Feature", "properties": { "fid": 52, "gbifID": 4648016174, "occurrenceID": "URN:catalog:CLO:EBIRD:OBS1639025167", "order": "Passeriformes", "family": "Acanthizidae", "genus": "Gerygone", "species": "Gerygone sulphurea" }, "geometry": { "type": "Point", "coordinates": [ 121.04109, 14.60195 ] } },
{ "type": "Feature", "properties": { "fid": 53, "gbifID": 4191310208, "occurrenceID": "URN:catalog:CLO:EBIRD:OBS1350507686", "order": "Passeriformes", "family": "Pycnonotidae", "genus": "Pycnonotus", "species": "Pycnonotus goiavier" }, "geometry": { "type": "Point", "coordinates": [ 121.042046, 14.594734 ] } },
{ "type": "Feature", "properties": { "fid": 54, "gbifID": 5345299544, "occurrenceID": "URN:catalog:CLO:EBIRD:OBS2287226726", "order": "Coraciiformes", "family": "Alcedinidae", "genus": "Todiramphus", "species": "Todiramphus chloris" }, "geometry": { "type": "Point", "coordinates": [ 121.04055, 14.605313 ] } },
{ "type": "Feature", "properties": { "fid": 55, "gbifID": 4688493444, "occurrenceID": "URN:catalog:CLO:EBIRD:OBS1597543446", "order": "Passeriformes", "family": "Acanthizidae", "genus": "Gerygone", "species": "Gerygone sulphurea" }, "geometry": { "type": "Point", "coordinates": [ 121.039185, 14.601851 ] } },
{ "type": "Feature", "properties": { "fid": 56, "gbifID": 3520203292, "occurrenceID": "URN:catalog:CLO:EBIRD:OBS1117989323", "order": "Passeriformes", "family": "Motacillidae", "genus": "Motacilla", "species": "Motacilla cinerea" }, "geometry": { "type": "Point", "coordinates": [ 121.03771, 14.606191 ] } },
{ "type": "Feature", "properties": { "fid": 57, "gbifID": 3663026648, "occurrenceID": "URN:catalog:CLO:EBIRD:OBS1073188620", "order": "Columbiformes", "family": "Columbidae", "genus": "Geopelia", "species": "Geopelia striata" }, "geometry": { "type": "Point", "coordinates": [ 121.04677, 14.59694 ] } },
{ "type": "Feature", "properties": { "fid": 58, "gbifID": 3581355879, "occurrenceID": "URN:catalog:CLO:EBIRD:OBS1256276499", "order": "Passeriformes", "family": "Sturnidae", "genus": "Aplonis", "species": "Aplonis panayensis" }, "geometry": { "type": "Point", "coordinates": [ 121.05942, 14.596272 ] } },
{ "type": "Feature", "properties": { "fid": 59, "gbifID": 4271617694, "occurrenceID": "URN:catalog:CLO:EBIRD:OBS1479578038", "order": "Piciformes", "family": "Picidae", "genus": "Yungipicus", "species": "Yungipicus maculatus" }, "geometry": { "type": "Point", "coordinates": [ 121.05737, 14.588144 ] } },
{ "type": "Feature", "properties": { "fid": 60, "gbifID": 3685268617, "occurrenceID": "URN:catalog:CLO:EBIRD:OBS1251721842", "order": "Pelecaniformes", "family": "Ardeidae", "genus": "Nycticorax", "species": "Nycticorax nycticorax" }, "geometry": { "type": "Point", "coordinates": [ 121.04109, 14.60195 ] } },
{ "type": "Feature", "properties": { "fid": 61, "gbifID": 3653860750, "occurrenceID": "URN:catalog:CLO:EBIRD:OBS1219817905", "order": "Passeriformes", "family": "Oriolidae", "genus": "Oriolus", "species": "Oriolus chinensis" }, "geometry": { "type": "Point", "coordinates": [ 121.04728, 14.598908 ] } },
{ "type": "Feature", "properties": { "fid": 62, "gbifID": 3570016974, "occurrenceID": "URN:catalog:CLO:EBIRD:OBS1237382195", "order": "Passeriformes", "family": "Passeridae", "genus": "Passer", "species": "Passer montanus" }, "geometry": { "type": "Point", "coordinates": [ 121.04307, 14.595008 ] } },
{ "type": "Feature", "properties": { "fid": 63, "gbifID": 4302850300, "occurrenceID": "URN:catalog:CLO:EBIRD:OBS1329314365", "order": "Columbiformes", "family": "Columbidae", "genus": "Treron", "species": "Treron vernans" }, "geometry": { "type": "Point", "coordinates": [ 121.04553, 14.597787 ] } },
{ "type": "Feature", "properties": { "fid": 64, "gbifID": 3541154973, "occurrenceID": "URN:catalog:CLO:EBIRD:OBS1073190945", "order": "Passeriformes", "family": "Pycnonotidae", "genus": "Pycnonotus", "species": "Pycnonotus goiavier" }, "geometry": { "type": "Point", "coordinates": [ 121.04677, 14.59694 ] } },
{ "type": "Feature", "properties": { "fid": 65, "gbifID": 3618007845, "occurrenceID": "URN:catalog:CLO:EBIRD:OBS1098581587", "order": "Passeriformes", "family": "Oriolidae", "genus": "Oriolus", "species": "Oriolus chinensis" }, "geometry": { "type": "Point", "coordinates": [ 121.03753, 14.602924 ] } },
{ "type": "Feature", "properties": { "fid": 66, "gbifID": 3638453221, "occurrenceID": "URN:catalog:CLO:EBIRD:OBS1222162981", "order": "Passeriformes", "family": "Acanthizidae", "genus": "Gerygone", "species": "Gerygone sulphurea" }, "geometry": { "type": "Point", "coordinates": [ 121.04728, 14.598908 ] } },
{ "type": "Feature", "properties": { "fid": 67, "gbifID": 4736151612, "occurrenceID": "URN:catalog:CLO:EBIRD:OBS1639025159", "order": "Piciformes", "family": "Megalaimidae", "genus": "Psilopogon", "species": "Psilopogon haemacephalus" }, "geometry": { "type": "Point", "coordinates": [ 121.04109, 14.60195 ] } },
{ "type": "Feature", "properties": { "fid": 68, "gbifID": 3677712256, "occurrenceID": "URN:catalog:CLO:EBIRD:OBS1073182833", "order": "Passeriformes", "family": "Corvidae", "genus": "Corvus", "species": null }, "geometry": { "type": "Point", "coordinates": [ 121.04109, 14.60195 ] } },
{ "type": "Feature", "properties": { "fid": 70, "gbifID": 4284795079, "occurrenceID": "URN:catalog:CLO:EBIRD:OBS1344447032", "order": "Passeriformes", "family": "Estrildidae", "genus": "Lonchura", "species": "Lonchura atricapilla" }, "geometry": { "type": "Point", "coordinates": [ 121.04728, 14.598908 ] } },
{ "type": "Feature", "properties": { "fid": 71, "gbifID": 4299937519, "occurrenceID": "URN:catalog:CLO:EBIRD:OBS1331007111", "order": "Passeriformes", "family": "Artamidae", "genus": "Artamus", "species": "Artamus leucorhynchos" }, "geometry": { "type": "Point", "coordinates": [ 121.03753, 14.602924 ] } },
{ "type": "Feature", "properties": { "fid": 72, "gbifID": 3516870823, "occurrenceID": "URN:catalog:CLO:EBIRD:OBS1121865324", "order": "Columbiformes", "family": "Columbidae", "genus": "Spilopelia", "species": "Spilopelia chinensis" }, "geometry": { "type": "Point", "coordinates": [ 121.02639, 14.606391 ] } },
{ "type": "Feature", "properties": { "fid": 73, "gbifID": 4209935487, "occurrenceID": "URN:catalog:CLO:EBIRD:OBS1336401568", "order": "Passeriformes", "family": "Laniidae", "genus": "Lanius", "species": "Lanius cristatus" }, "geometry": { "type": "Point", "coordinates": [ 121.04904, 14.589351 ] } },
{ "type": "Feature", "properties": { "fid": 74, "gbifID": 3621949082, "occurrenceID": "URN:catalog:CLO:EBIRD:OBS1111255400", "order": "Pelecaniformes", "family": "Ardeidae", "genus": "Egretta", "species": "Egretta garzetta" }, "geometry": { "type": "Point", "coordinates": [ 121.04109, 14.60195 ] } },
{ "type": "Feature", "properties": { "fid": 75, "gbifID": 4326861149, "occurrenceID": "URN:catalog:CLO:EBIRD:OBS1344447037", "order": "Passeriformes", "family": "Campephagidae", "genus": "Lalage", "species": "Lalage nigra" }, "geometry": { "type": "Point", "coordinates": [ 121.04728, 14.598908 ] } },
{ "type": "Feature", "properties": { "fid": 76, "gbifID": 3674723987, "occurrenceID": "URN:catalog:CLO:EBIRD:OBS1114407114", "order": "Passeriformes", "family": "Rhipiduridae", "genus": "Rhipidura", "species": "Rhipidura nigritorquis" }, "geometry": { "type": "Point", "coordinates": [ 121.04109, 14.60195 ] } },
{ "type": "Feature", "properties": { "fid": 77, "gbifID": 4308155501, "occurrenceID": "URN:catalog:CLO:EBIRD:OBS1094481662", "order": "Galliformes", "family": "Phasianidae", "genus": "Gallus", "species": "Gallus gallus" }, "geometry": { "type": "Point", "coordinates": [ 121.03964, 14.576538 ] } },
{ "type": "Feature", "properties": { "fid": 78, "gbifID": 3280956744, "occurrenceID": "URN:catalog:CLO:EBIRD:OBS1027283640", "order": "Passeriformes", "family": "Dicaeidae", "genus": "Dicaeum", "species": "Dicaeum australe" }, "geometry": { "type": "Point", "coordinates": [ 121.03753, 14.602924 ] } },
{ "type": "Feature", "properties": { "fid": 79, "gbifID": 5587152983, "occurrenceID": "URN:catalog:CLO:EBIRD:OBS1956750321", "order": "Passeriformes", "family": "Dicaeidae", "genus": "Dicaeum", "species": "Dicaeum australe" }, "geometry": { "type": "Point", "coordinates": [ 121.04055, 14.605313 ] } },
{ "type": "Feature", "properties": { "fid": 80, "gbifID": 3622585988, "occurrenceID": "URN:catalog:CLO:EBIRD:OBS1260328585", "order": "Passeriformes", "family": "Motacillidae", "genus": "Motacilla", "species": "Motacilla cinerea" }, "geometry": { "type": "Point", "coordinates": [ 121.04044, 14.606056 ] } },
{ "type": "Feature", "properties": { "fid": 81, "gbifID": 4227552607, "occurrenceID": "URN:catalog:CLO:EBIRD:OBS1315919280", "order": "Passeriformes", "family": "Passeridae", "genus": "Passer", "species": "Passer montanus" }, "geometry": { "type": "Point", "coordinates": [ 121.04109, 14.60195 ] } },
{ "type": "Feature", "properties": { "fid": 82, "gbifID": 4836003829, "occurrenceID": "URN:catalog:CLO:EBIRD:OBS1956762784", "order": "Passeriformes", "family": "Passeridae", "genus": "Passer", "species": "Passer montanus" }, "geometry": { "type": "Point", "coordinates": [ 121.04055, 14.605313 ] } },
{ "type": "Feature", "properties": { "fid": 83, "gbifID": 3551463812, "occurrenceID": "URN:catalog:CLO:EBIRD:OBS1069482039", "order": "Passeriformes", "family": "Oriolidae", "genus": "Oriolus", "species": "Oriolus chinensis" }, "geometry": { "type": "Point", "coordinates": [ 121.04677, 14.59694 ] } },
{ "type": "Feature", "properties": { "fid": 84, "gbifID": 3511656430, "occurrenceID": "URN:catalog:CLO:EBIRD:OBS1080186944", "order": "Passeriformes", "family": "Passeridae", "genus": "Passer", "species": "Passer montanus" }, "geometry": { "type": "Point", "coordinates": [ 121.03964, 14.576538 ] } },
{ "type": "Feature", "properties": { "fid": 85, "gbifID": 3652137736, "occurrenceID": "URN:catalog:CLO:EBIRD:OBS1242471483", "order": "Passeriformes", "family": "Rhipiduridae", "genus": "Rhipidura", "species": "Rhipidura nigritorquis" }, "geometry": { "type": "Point", "coordinates": [ 121.041954, 14.602813 ] } },
{ "type": "Feature", "properties": { "fid": 86, "gbifID": 3281952793, "occurrenceID": "URN:catalog:CLO:EBIRD:OBS1027283643", "order": "Passeriformes", "family": "Laniidae", "genus": "Lanius", "species": "Lanius cristatus" }, "geometry": { "type": "Point", "coordinates": [ 121.03753, 14.602924 ] } },
{ "type": "Feature", "properties": { "fid": 87, "gbifID": 3530852613, "occurrenceID": "URN:catalog:CLO:EBIRD:OBS1054332208", "order": "Passeriformes", "family": "Pycnonotidae", "genus": "Pycnonotus", "species": "Pycnonotus goiavier" }, "geometry": { "type": "Point", "coordinates": [ 121.03753, 14.602924 ] } },
{ "type": "Feature", "properties": { "fid": 88, "gbifID": 3280284913, "occurrenceID": "URN:catalog:CLO:EBIRD:OBS1027283635", "order": "Passeriformes", "family": "Passeridae", "genus": "Passer", "species": "Passer montanus" }, "geometry": { "type": "Point", "coordinates": [ 121.03753, 14.602924 ] } },
{ "type": "Feature", "properties": { "fid": 89, "gbifID": 3592581570, "occurrenceID": "URN:catalog:CLO:EBIRD:OBS1091761607", "order": "Psittaciformes", "family": "Psittacidae", "genus": "Loriculus", "species": "Loriculus philippensis" }, "geometry": { "type": "Point", "coordinates": [ 121.04677, 14.59694 ] } },
{ "type": "Feature", "properties": { "fid": 91, "gbifID": 3153547599, "occurrenceID": "URN:catalog:CLO:EBIRD:OBS917191086", "order": "Passeriformes", "family": "Passeridae", "genus": "Passer", "species": "Passer montanus" }, "geometry": { "type": "Point", "coordinates": [ 121.03753, 14.602924 ] } },
{ "type": "Feature", "properties": { "fid": 92, "gbifID": 3156744374, "occurrenceID": "URN:catalog:CLO:EBIRD:OBS917191088", "order": "Passeriformes", "family": "Hirundinidae", "genus": "Hirundo", "species": "Hirundo javanica" }, "geometry": { "type": "Point", "coordinates": [ 121.03753, 14.602924 ] } },
{ "type": "Feature", "properties": { "fid": 93, "gbifID": 4673523137, "occurrenceID": "URN:catalog:CLO:EBIRD:OBS1722013745", "order": "Pelecaniformes", "family": "Ardeidae", "genus": "Botaurus", "species": null }, "geometry": { "type": "Point", "coordinates": [ 121.04898, 14.589453 ] } },
{ "type": "Feature", "properties": { "fid": 94, "gbifID": 3614309431, "occurrenceID": "URN:catalog:CLO:EBIRD:OBS1145763442", "order": "Passeriformes", "family": "Passeridae", "genus": "Passer", "species": "Passer montanus" }, "geometry": { "type": "Point", "coordinates": [ 121.04109, 14.60195 ] } },
{ "type": "Feature", "properties": { "fid": 96, "gbifID": 4747118961, "occurrenceID": "URN:catalog:CLO:EBIRD:OBS1721892648", "order": "Columbiformes", "family": "Columbidae", "genus": "Geopelia", "species": "Geopelia striata" }, "geometry": { "type": "Point", "coordinates": [ 121.04898, 14.589453 ] } },
{ "type": "Feature", "properties": { "fid": 97, "gbifID": 3614865158, "occurrenceID": "URN:catalog:CLO:EBIRD:OBS1132503817", "order": "Pelecaniformes", "family": "Ardeidae", "genus": "Nycticorax", "species": "Nycticorax nycticorax" }, "geometry": { "type": "Point", "coordinates": [ 121.040436, 14.605678 ] } },
{ "type": "Feature", "properties": { "fid": 99, "gbifID": 4232027150, "occurrenceID": "URN:catalog:CLO:EBIRD:OBS1517404746", "order": "Passeriformes", "family": "Muscicapidae", "genus": "Monticola", "species": "Monticola solitarius" }, "geometry": { "type": "Point", "coordinates": [ 121.0479, 14.578943 ] } },
{ "type": "Feature", "properties": { "fid": 100, "gbifID": 4751619429, "occurrenceID": "URN:catalog:CLO:EBIRD:OBS1597543439", "order": "Piciformes", "family": "Megalaimidae", "genus": "Psilopogon", "species": "Psilopogon haemacephalus" }, "geometry": { "type": "Point", "coordinates": [ 121.039185, 14.601851 ] } },
{ "type": "Feature", "properties": { "fid": 101, "gbifID": 4239657597, "occurrenceID": "URN:catalog:CLO:EBIRD:OBS1474633455", "order": "Apodiformes", "family": "Apodidae", "genus": "Collocalia", "species": "Collocalia marginata" }, "geometry": { "type": "Point", "coordinates": [ 121.03708, 14.59188 ] } },
{ "type": "Feature", "properties": { "fid": 102, "gbifID": 3675083504, "occurrenceID": "URN:catalog:CLO:EBIRD:OBS1114407111", "order": "Coraciiformes", "family": "Alcedinidae", "genus": "Alcedo", "species": "Alcedo atthis" }, "geometry": { "type": "Point", "coordinates": [ 121.04109, 14.60195 ] } },
{ "type": "Feature", "properties": { "fid": 103, "gbifID": 3584336266, "occurrenceID": "URN:catalog:CLO:EBIRD:OBS1259552855", "order": "Passeriformes", "family": "Passeridae", "genus": "Passer", "species": "Passer montanus" }, "geometry": { "type": "Point", "coordinates": [ 121.03964, 14.576538 ] } },
{ "type": "Feature", "properties": { "fid": 104, "gbifID": 3667962384, "occurrenceID": "URN:catalog:CLO:EBIRD:OBS1241360933", "order": "Psittaciformes", "family": "Psittacidae", "genus": "Loriculus", "species": "Loriculus philippensis" }, "geometry": { "type": "Point", "coordinates": [ 121.041954, 14.602813 ] } },
{ "type": "Feature", "properties": { "fid": 105, "gbifID": 3301265198, "occurrenceID": "URN:catalog:CLO:EBIRD:OBS1027283637", "order": "Passeriformes", "family": "Nectariniidae", "genus": "Cinnyris", "species": "Cinnyris jugularis" }, "geometry": { "type": "Point", "coordinates": [ 121.03753, 14.602924 ] } },
{ "type": "Feature", "properties": { "fid": 106, "gbifID": 3597689033, "occurrenceID": "URN:catalog:CLO:EBIRD:OBS1082135747", "order": "Passeriformes", "family": "Hirundinidae", "genus": "Hirundo", "species": "Hirundo rustica" }, "geometry": { "type": "Point", "coordinates": [ 121.03964, 14.576538 ] } },
{ "type": "Feature", "properties": { "fid": 107, "gbifID": 3638183803, "occurrenceID": "URN:catalog:CLO:EBIRD:OBS1222162980", "order": "Passeriformes", "family": "Passeridae", "genus": "Passer", "species": "Passer montanus" }, "geometry": { "type": "Point", "coordinates": [ 121.04728, 14.598908 ] } },
{ "type": "Feature", "properties": { "fid": 108, "gbifID": 3558974843, "occurrenceID": "URN:catalog:CLO:EBIRD:OBS1266508548", "order": "Columbiformes", "family": "Columbidae", "genus": "Columba", "species": "Columba livia" }, "geometry": { "type": "Point", "coordinates": [ 121.04677, 14.59694 ] } },
{ "type": "Feature", "properties": { "fid": 109, "gbifID": 4780040369, "occurrenceID": "URN:catalog:CLO:EBIRD:OBS1630537585", "order": "Passeriformes", "family": "Corvidae", "genus": "Corvus", "species": null }, "geometry": { "type": "Point", "coordinates": [ 121.04677, 14.59694 ] } },
{ "type": "Feature", "properties": { "fid": 110, "gbifID": 3508098649, "occurrenceID": "URN:catalog:CLO:EBIRD:OBS1084314129", "order": "Passeriformes", "family": "Pycnonotidae", "genus": "Pycnonotus", "species": "Pycnonotus goiavier" }, "geometry": { "type": "Point", "coordinates": [ 121.04677, 14.59694 ] } },
{ "type": "Feature", "properties": { "fid": 111, "gbifID": 4213459310, "occurrenceID": "URN:catalog:CLO:EBIRD:OBS1339270380", "order": "Gruiformes", "family": "Rallidae", "genus": "Amaurornis", "species": "Amaurornis phoenicurus" }, "geometry": { "type": "Point", "coordinates": [ 121.04109, 14.60195 ] } },
{ "type": "Feature", "properties": { "fid": 112, "gbifID": 3238555145, "occurrenceID": "URN:catalog:CLO:EBIRD:OBS922352518", "order": "Passeriformes", "family": "Rhipiduridae", "genus": "Rhipidura", "species": "Rhipidura nigritorquis" }, "geometry": { "type": "Point", "coordinates": [ 121.03753, 14.602924 ] } },
{ "type": "Feature", "properties": { "fid": 113, "gbifID": 5417873222, "occurrenceID": "URN:catalog:CLO:EBIRD:OBS2414893834", "order": "Passeriformes", "family": "Passeridae", "genus": "Passer", "species": "Passer montanus" }, "geometry": { "type": "Point", "coordinates": [ 121.05601, 14.603744 ] } },
{ "type": "Feature", "properties": { "fid": 114, "gbifID": 3553548395, "occurrenceID": "URN:catalog:CLO:EBIRD:OBS1117989307", "order": "Passeriformes", "family": "Passeridae", "genus": "Passer", "species": "Passer montanus" }, "geometry": { "type": "Point", "coordinates": [ 121.04109, 14.60195 ] } },
{ "type": "Feature", "properties": { "fid": 115, "gbifID": 3258131367, "occurrenceID": "URN:catalog:CLO:EBIRD:OBS998236722", "order": "Passeriformes", "family": "Laniidae", "genus": "Lanius", "species": "Lanius cristatus" }, "geometry": { "type": "Point", "coordinates": [ 121.03753, 14.602924 ] } },
{ "type": "Feature", "properties": { "fid": 116, "gbifID": 3195295593, "occurrenceID": "URN:catalog:CLO:EBIRD:OBS1008206967", "order": "Passeriformes", "family": "Corvidae", "genus": "Corvus", "species": null }, "geometry": { "type": "Point", "coordinates": [ 121.04898, 14.589453 ] } },
{ "type": "Feature", "properties": { "fid": 117, "gbifID": 3552829694, "occurrenceID": "URN:catalog:CLO:EBIRD:OBS1246521780", "order": "Passeriformes", "family": "Oriolidae", "genus": "Oriolus", "species": "Oriolus chinensis" }, "geometry": { "type": "Point", "coordinates": [ 121.04728, 14.598908 ] } },
{ "type": "Feature", "properties": { "fid": 118, "gbifID": 3671060036, "occurrenceID": "URN:catalog:CLO:EBIRD:OBS1077834926", "order": "Pelecaniformes", "family": "Ardeidae", "genus": "Egretta", "species": "Egretta garzetta" }, "geometry": { "type": "Point", "coordinates": [ 121.03964, 14.576538 ] } },
{ "type": "Feature", "properties": { "fid": 119, "gbifID": 4319601182, "occurrenceID": "URN:catalog:CLO:EBIRD:OBS1478274995", "order": "Pelecaniformes", "family": "Ardeidae", "genus": "Egretta", "species": "Egretta garzetta" }, "geometry": { "type": "Point", "coordinates": [ 121.031075, 14.570544 ] } },
{ "type": "Feature", "properties": { "fid": 120, "gbifID": 4294439291, "occurrenceID": "URN:catalog:CLO:EBIRD:OBS1315916219", "order": "Passeriformes", "family": "Laniidae", "genus": "Lanius", "species": "Lanius cristatus" }, "geometry": { "type": "Point", "coordinates": [ 121.03753, 14.602924 ] } },
{ "type": "Feature", "properties": { "fid": 121, "gbifID": 3684318266, "occurrenceID": "URN:catalog:CLO:EBIRD:OBS1116027944", "order": "Passeriformes", "family": "Dicaeidae", "genus": "Dicaeum", "species": "Dicaeum australe" }, "geometry": { "type": "Point", "coordinates": [ 121.04109, 14.60195 ] } },
{ "type": "Feature", "properties": { "fid": 122, "gbifID": 3523027147, "occurrenceID": "URN:catalog:CLO:EBIRD:OBS1129093316", "order": "Piciformes", "family": "Megalaimidae", "genus": "Psilopogon", "species": "Psilopogon haemacephalus" }, "geometry": { "type": "Point", "coordinates": [ 121.04109, 14.60195 ] } },
{ "type": "Feature", "properties": { "fid": 123, "gbifID": 3623774845, "occurrenceID": "URN:catalog:CLO:EBIRD:OBS1251706967", "order": "Piciformes", "family": "Picidae", "genus": "Yungipicus", "species": "Yungipicus maculatus" }, "geometry": { "type": "Point", "coordinates": [ 121.041954, 14.602813 ] } },
{ "type": "Feature", "properties": { "fid": 124, "gbifID": 4197431397, "occurrenceID": "URN:catalog:CLO:EBIRD:OBS1588575178", "order": "Passeriformes", "family": "Acanthizidae", "genus": "Gerygone", "species": "Gerygone sulphurea" }, "geometry": { "type": "Point", "coordinates": [ 121.05332, 14.604934 ] } },
{ "type": "Feature", "properties": { "fid": 125, "gbifID": 3632977611, "occurrenceID": "URN:catalog:CLO:EBIRD:OBS1260328583", "order": "Apodiformes", "family": "Apodidae", "genus": "Collocalia", "species": "Collocalia marginata" }, "geometry": { "type": "Point", "coordinates": [ 121.04044, 14.606056 ] } },
{ "type": "Feature", "properties": { "fid": 127, "gbifID": 3588721158, "occurrenceID": "URN:catalog:CLO:EBIRD:OBS1084314137", "order": "Passeriformes", "family": "Oriolidae", "genus": "Oriolus", "species": "Oriolus chinensis" }, "geometry": { "type": "Point", "coordinates": [ 121.04677, 14.59694 ] } },
{ "type": "Feature", "properties": { "fid": 128, "gbifID": 3187251481, "occurrenceID": "URN:catalog:CLO:EBIRD:OBS998238270", "order": "Passeriformes", "family": "Rhipiduridae", "genus": "Rhipidura", "species": "Rhipidura nigritorquis" }, "geometry": { "type": "Point", "coordinates": [ 121.03753, 14.602924 ] } },
{ "type": "Feature", "properties": { "fid": 129, "gbifID": 3649843030, "occurrenceID": "URN:catalog:CLO:EBIRD:OBS1218004473", "order": "Passeriformes", "family": "Estrildidae", "genus": "Lonchura", "species": "Lonchura atricapilla" }, "geometry": { "type": "Point", "coordinates": [ 121.04898, 14.589453 ] } },
{ "type": "Feature", "properties": { "fid": 130, "gbifID": 4186379825, "occurrenceID": "URN:catalog:CLO:EBIRD:OBS1331009394", "order": "Passeriformes", "family": "Pycnonotidae", "genus": "Pycnonotus", "species": "Pycnonotus goiavier" }, "geometry": { "type": "Point", "coordinates": [ 121.03753, 14.602924 ] } },
{ "type": "Feature", "properties": { "fid": 131, "gbifID": 3619827542, "occurrenceID": "URN:catalog:CLO:EBIRD:OBS1165842382", "order": "Passeriformes", "family": "Pycnonotidae", "genus": "Pycnonotus", "species": "Pycnonotus goiavier" }, "geometry": { "type": "Point", "coordinates": [ 121.04109, 14.60195 ] } },
{ "type": "Feature", "properties": { "fid": 132, "gbifID": 3656233382, "occurrenceID": "URN:catalog:CLO:EBIRD:OBS1212607150", "order": "Passeriformes", "family": "Sturnidae", "genus": "Aplonis", "species": "Aplonis panayensis" }, "geometry": { "type": "Point", "coordinates": [ 121.04044, 14.606056 ] } },
{ "type": "Feature", "properties": { "fid": 133, "gbifID": 4305879666, "occurrenceID": "URN:catalog:CLO:EBIRD:OBS1329314362", "order": "Passeriformes", "family": "Pycnonotidae", "genus": "Pycnonotus", "species": "Pycnonotus goiavier" }, "geometry": { "type": "Point", "coordinates": [ 121.04553, 14.597787 ] } },
{ "type": "Feature", "properties": { "fid": 134, "gbifID": 4663347053, "occurrenceID": "URN:catalog:CLO:EBIRD:OBS1794104828", "order": "Passeriformes", "family": "Nectariniidae", "genus": "Cinnyris", "species": "Cinnyris jugularis" }, "geometry": { "type": "Point", "coordinates": [ 121.03753, 14.602924 ] } },
{ "type": "Feature", "properties": { "fid": 135, "gbifID": 3671988370, "occurrenceID": "URN:catalog:CLO:EBIRD:OBS1092826699", "order": "Passeriformes", "family": "Passeridae", "genus": "Passer", "species": "Passer montanus" }, "geometry": { "type": "Point", "coordinates": [ 121.03964, 14.576538 ] } },
{ "type": "Feature", "properties": { "fid": 137, "gbifID": 3563376652, "occurrenceID": "URN:catalog:CLO:EBIRD:OBS1215786346", "order": "Coraciiformes", "family": "Alcedinidae", "genus": "Todiramphus", "species": "Todiramphus chloris" }, "geometry": { "type": "Point", "coordinates": [ 121.04307, 14.595008 ] } },
{ "type": "Feature", "properties": { "fid": 138, "gbifID": 4286462734, "occurrenceID": "URN:catalog:CLO:EBIRD:OBS1385753878", "order": "Psittaciformes", "family": "Psittacidae", "genus": "Loriculus", "species": "Loriculus philippensis" }, "geometry": { "type": "Point", "coordinates": [ 121.04728, 14.598908 ] } },
{ "type": "Feature", "properties": { "fid": 140, "gbifID": 3589656809, "occurrenceID": "URN:catalog:CLO:EBIRD:OBS1080182077", "order": "Passeriformes", "family": "Hirundinidae", "genus": "Hirundo", "species": "Hirundo javanica" }, "geometry": { "type": "Point", "coordinates": [ 121.03964, 14.576538 ] } },
{ "type": "Feature", "properties": { "fid": 141, "gbifID": 3541164676, "occurrenceID": "URN:catalog:CLO:EBIRD:OBS1266508554", "order": "Columbiformes", "family": "Columbidae", "genus": "Spilopelia", "species": "Spilopelia chinensis" }, "geometry": { "type": "Point", "coordinates": [ 121.04677, 14.59694 ] } },
{ "type": "Feature", "properties": { "fid": 142, "gbifID": 4675082546, "occurrenceID": "URN:catalog:CLO:EBIRD:OBS1895420878", "order": "Coraciiformes", "family": "Alcedinidae", "genus": "Todiramphus", "species": "Todiramphus chloris" }, "geometry": { "type": "Point", "coordinates": [ 121.041985, 14.595222 ] } },
{ "type": "Feature", "properties": { "fid": 143, "gbifID": 3650575082, "occurrenceID": "URN:catalog:CLO:EBIRD:OBS1234561849", "order": "Passeriformes", "family": "Laniidae", "genus": "Lanius", "species": "Lanius cristatus" }, "geometry": { "type": "Point", "coordinates": [ 121.03771, 14.606191 ] } },
{ "type": "Feature", "properties": { "fid": 144, "gbifID": 3673196589, "occurrenceID": "URN:catalog:CLO:EBIRD:OBS1119956127", "order": "Gruiformes", "family": "Rallidae", "genus": "Amaurornis", "species": "Amaurornis phoenicurus" }, "geometry": { "type": "Point", "coordinates": [ 121.04109, 14.60195 ] } },
{ "type": "Feature", "properties": { "fid": 145, "gbifID": 4832729739, "occurrenceID": "URN:catalog:CLO:EBIRD:OBS1737370490", "order": "Galliformes", "family": "Phasianidae", "genus": "Pavo", "species": "Pavo cristatus" }, "geometry": { "type": "Point", "coordinates": [ 121.04898, 14.589453 ] } },
{ "type": "Feature", "properties": { "fid": 146, "gbifID": 4292814506, "occurrenceID": "URN:catalog:CLO:EBIRD:OBS1399595450", "order": "Passeriformes", "family": "Passeridae", "genus": "Passer", "species": "Passer montanus" }, "geometry": { "type": "Point", "coordinates": [ 121.03964, 14.576538 ] } },
{ "type": "Feature", "properties": { "fid": 147, "gbifID": 3610199096, "occurrenceID": "URN:catalog:CLO:EBIRD:OBS1103447738", "order": "Psittaciformes", "family": "Psittacidae", "genus": "Loriculus", "species": "Loriculus philippensis" }, "geometry": { "type": "Point", "coordinates": [ 121.04109, 14.60195 ] } },
{ "type": "Feature", "properties": { "fid": 148, "gbifID": 3511282036, "occurrenceID": "URN:catalog:CLO:EBIRD:OBS1111248991", "order": "Columbiformes", "family": "Columbidae", "genus": "Geopelia", "species": "Geopelia striata" }, "geometry": { "type": "Point", "coordinates": [ 121.04109, 14.60195 ] } },
{ "type": "Feature", "properties": { "fid": 150, "gbifID": 3205069556, "occurrenceID": "URN:catalog:CLO:EBIRD:OBS1008206976", "order": "Passeriformes", "family": "Nectariniidae", "genus": "Cinnyris", "species": "Cinnyris jugularis" }, "geometry": { "type": "Point", "coordinates": [ 121.04898, 14.589453 ] } },
{ "type": "Feature", "properties": { "fid": 151, "gbifID": 5416747517, "occurrenceID": "URN:catalog:CLO:EBIRD:OBS2527578497", "order": "Psittaciformes", "family": "Psittacidae", "genus": "Loriculus", "species": "Loriculus philippensis" }, "geometry": { "type": "Point", "coordinates": [ 121.05737, 14.588144 ] } },
{ "type": "Feature", "properties": { "fid": 152, "gbifID": 3201760570, "occurrenceID": "URN:catalog:CLO:EBIRD:OBS1008206971", "order": "Psittaciformes", "family": "Psittacidae", "genus": "Loriculus", "species": "Loriculus philippensis" }, "geometry": { "type": "Point", "coordinates": [ 121.04898, 14.589453 ] } },
{ "type": "Feature", "properties": { "fid": 153, "gbifID": 4294692884, "occurrenceID": "URN:catalog:CLO:EBIRD:OBS1430310162", "order": "Passeriformes", "family": "Nectariniidae", "genus": "Cinnyris", "species": "Cinnyris jugularis" }, "geometry": { "type": "Point", "coordinates": [ 121.04898, 14.589453 ] } },
{ "type": "Feature", "properties": { "fid": 154, "gbifID": 3674801129, "occurrenceID": "URN:catalog:CLO:EBIRD:OBS1121865207", "order": "Piciformes", "family": "Picidae", "genus": "Yungipicus", "species": "Yungipicus maculatus" }, "geometry": { "type": "Point", "coordinates": [ 121.02639, 14.606391 ] } },
{ "type": "Feature", "properties": { "fid": 155, "gbifID": 5376505740, "occurrenceID": "URN:catalog:CLO:EBIRD:OBS2431090530", "order": "Piciformes", "family": "Picidae", "genus": "Yungipicus", "species": "Yungipicus maculatus" }, "geometry": { "type": "Point", "coordinates": [ 121.038605, 14.603709 ] } },
{ "type": "Feature", "properties": { "fid": 156, "gbifID": 3633981751, "occurrenceID": "URN:catalog:CLO:EBIRD:OBS1117792184", "order": "Passeriformes", "family": "Dicaeidae", "genus": "Dicaeum", "species": "Dicaeum australe" }, "geometry": { "type": "Point", "coordinates": [ 121.04109, 14.60195 ] } },
{ "type": "Feature", "properties": { "fid": 157, "gbifID": 3658880754, "occurrenceID": "URN:catalog:CLO:EBIRD:OBS1140362945", "order": "Passeriformes", "family": "Rhipiduridae", "genus": "Rhipidura", "species": "Rhipidura nigritorquis" }, "geometry": { "type": "Point", "coordinates": [ 121.04044, 14.606056 ] } },
{ "type": "Feature", "properties": { "fid": 158, "gbifID": 4223895980, "occurrenceID": "URN:catalog:CLO:EBIRD:OBS1331009386", "order": "Passeriformes", "family": "Rhipiduridae", "genus": "Rhipidura", "species": "Rhipidura nigritorquis" }, "geometry": { "type": "Point", "coordinates": [ 121.03753, 14.602924 ] } },
{ "type": "Feature", "properties": { "fid": 159, "gbifID": 4291430522, "occurrenceID": "URN:catalog:CLO:EBIRD:OBS1315919607", "order": "Gruiformes", "family": "Rallidae", "genus": "Amaurornis", "species": "Amaurornis phoenicurus" }, "geometry": { "type": "Point", "coordinates": [ 121.041954, 14.602813 ] } },
{ "type": "Feature", "properties": { "fid": 160, "gbifID": 4304028825, "occurrenceID": "URN:catalog:CLO:EBIRD:OBS1320625191", "order": "Passeriformes", "family": "Passeridae", "genus": "Passer", "species": "Passer montanus" }, "geometry": { "type": "Point", "coordinates": [ 121.04109, 14.60195 ] } },
{ "type": "Feature", "properties": { "fid": 161, "gbifID": 4303873545, "occurrenceID": "URN:catalog:CLO:EBIRD:OBS1313293441", "order": "Piciformes", "family": "Picidae", "genus": "Yungipicus", "species": "Yungipicus maculatus" }, "geometry": { "type": "Point", "coordinates": [ 121.04044, 14.606056 ] } },
{ "type": "Feature", "properties": { "fid": 163, "gbifID": 4297809016, "occurrenceID": "URN:catalog:CLO:EBIRD:OBS1329314368", "order": "Passeriformes", "family": "Passeridae", "genus": "Passer", "species": "Passer montanus" }, "geometry": { "type": "Point", "coordinates": [ 121.04553, 14.597787 ] } },
{ "type": "Feature", "properties": { "fid": 165, "gbifID": 3514667324, "occurrenceID": "URN:catalog:CLO:EBIRD:OBS1122476000", "order": "Columbiformes", "family": "Columbidae", "genus": "Spilopelia", "species": "Spilopelia chinensis" }, "geometry": { "type": "Point", "coordinates": [ 121.038605, 14.603709 ] } },
{ "type": "Feature", "properties": { "fid": 166, "gbifID": 3513732725, "occurrenceID": "URN:catalog:CLO:EBIRD:OBS1082147013", "order": "Passeriformes", "family": "Hirundinidae", "genus": "Hirundo", "species": "Hirundo rustica" }, "geometry": { "type": "Point", "coordinates": [ 121.03964, 14.576538 ] } },
{ "type": "Feature", "properties": { "fid": 167, "gbifID": 3620847482, "occurrenceID": "URN:catalog:CLO:EBIRD:OBS1222162977", "order": "Passeriformes", "family": "Zosteropidae", "genus": "Zosterops", "species": "Zosterops meyeni" }, "geometry": { "type": "Point", "coordinates": [ 121.04728, 14.598908 ] } },
{ "type": "Feature", "properties": { "fid": 168, "gbifID": 4304066758, "occurrenceID": "URN:catalog:CLO:EBIRD:OBS1361349422", "order": "Psittaciformes", "family": "Psittacidae", "genus": "Loriculus", "species": "Loriculus philippensis" }, "geometry": { "type": "Point", "coordinates": [ 121.042046, 14.594734 ] } },
{ "type": "Feature", "properties": { "fid": 169, "gbifID": 3672793718, "occurrenceID": "URN:catalog:CLO:EBIRD:OBS1140362951", "order": "Passeriformes", "family": "Corvidae", "genus": "Corvus", "species": null }, "geometry": { "type": "Point", "coordinates": [ 121.04044, 14.606056 ] } },
{ "type": "Feature", "properties": { "fid": 170, "gbifID": 4183060422, "occurrenceID": "URN:catalog:CLO:EBIRD:OBS1315919483", "order": "Columbiformes", "family": "Columbidae", "genus": "Geopelia", "species": "Geopelia striata" }, "geometry": { "type": "Point", "coordinates": [ 121.04109, 14.60195 ] } },
{ "type": "Feature", "properties": { "fid": 172, "gbifID": 3677257972, "occurrenceID": "URN:catalog:CLO:EBIRD:OBS1073180555", "order": "Pelecaniformes", "family": "Ardeidae", "genus": "Egretta", "species": "Egretta garzetta" }, "geometry": { "type": "Point", "coordinates": [ 121.04109, 14.60195 ] } },
{ "type": "Feature", "properties": { "fid": 173, "gbifID": 3577808934, "occurrenceID": "URN:catalog:CLO:EBIRD:OBS1242462501", "order": "Passeriformes", "family": "Rhipiduridae", "genus": "Rhipidura", "species": "Rhipidura nigritorquis" }, "geometry": { "type": "Point", "coordinates": [ 121.04109, 14.60195 ] } },
{ "type": "Feature", "properties": { "fid": 174, "gbifID": 3200103774, "occurrenceID": "URN:catalog:CLO:EBIRD:OBS976509745", "order": "Columbiformes", "family": "Columbidae", "genus": "Columba", "species": "Columba livia" }, "geometry": { "type": "Point", "coordinates": [ 121.05856, 14.588318 ] } },
{ "type": "Feature", "properties": { "fid": 175, "gbifID": 3263641881, "occurrenceID": "URN:catalog:CLO:EBIRD:OBS1011600298", "order": "Passeriformes", "family": "Passeridae", "genus": "Passer", "species": "Passer montanus" }, "geometry": { "type": "Point", "coordinates": [ 121.03753, 14.602924 ] } },
{ "type": "Feature", "properties": { "fid": 176, "gbifID": 3619221660, "occurrenceID": "URN:catalog:CLO:EBIRD:OBS1116026408", "order": "Passeriformes", "family": "Sturnidae", "genus": "Acridotheres", "species": "Acridotheres cristatellus" }, "geometry": { "type": "Point", "coordinates": [ 121.038605, 14.603709 ] } },
{ "type": "Feature", "properties": { "fid": 177, "gbifID": 5653745846, "occurrenceID": "URN:catalog:CLO:EBIRD:OBS2733710874", "order": "Psittaciformes", "family": "Psittacidae", "genus": "Loriculus", "species": "Loriculus philippensis" }, "geometry": { "type": "Point", "coordinates": [ 121.05332, 14.604934 ] } },
{ "type": "Feature", "properties": { "fid": 178, "gbifID": 3667155072, "occurrenceID": "URN:catalog:CLO:EBIRD:OBS1241360931", "order": "Passeriformes", "family": "Passeridae", "genus": "Passer", "species": "Passer montanus" }, "geometry": { "type": "Point", "coordinates": [ 121.041954, 14.602813 ] } },
{ "type": "Feature", "properties": { "fid": 179, "gbifID": 3666695261, "occurrenceID": "URN:catalog:CLO:EBIRD:OBS1111245695", "order": "Coraciiformes", "family": "Alcedinidae", "genus": "Todiramphus", "species": "Todiramphus chloris" }, "geometry": { "type": "Point", "coordinates": [ 121.04109, 14.60195 ] } },
{ "type": "Feature", "properties": { "fid": 181, "gbifID": 4220504724, "occurrenceID": "URN:catalog:CLO:EBIRD:OBS1384406476", "order": "Passeriformes", "family": "Laniidae", "genus": "Lanius", "species": "Lanius cristatus" }, "geometry": { "type": "Point", "coordinates": [ 121.05715, 14.580761 ] } },
{ "type": "Feature", "properties": { "fid": 182, "gbifID": 4377150596, "occurrenceID": "URN:catalog:CLO:EBIRD:OBS1385753885", "order": "Passeriformes", "family": "Corvidae", "genus": "Corvus", "species": null }, "geometry": { "type": "Point", "coordinates": [ 121.04728, 14.598908 ] } },
{ "type": "Feature", "properties": { "fid": 183, "gbifID": 4794470763, "occurrenceID": "URN:catalog:CLO:EBIRD:OBS1630537581", "order": "Columbiformes", "family": "Columbidae", "genus": "Geopelia", "species": "Geopelia striata" }, "geometry": { "type": "Point", "coordinates": [ 121.04677, 14.59694 ] } },
{ "type": "Feature", "properties": { "fid": 184, "gbifID": 4197374750, "occurrenceID": "URN:catalog:CLO:EBIRD:OBS1320624418", "order": "Coraciiformes", "family": "Alcedinidae", "genus": "Alcedo", "species": "Alcedo atthis" }, "geometry": { "type": "Point", "coordinates": [ 121.04109, 14.60195 ] } },
{ "type": "Feature", "properties": { "fid": 185, "gbifID": 3231341519, "occurrenceID": "URN:catalog:CLO:EBIRD:OBS915640006", "order": "Psittaciformes", "family": "Psittacidae", "genus": "Loriculus", "species": "Loriculus philippensis" }, "geometry": { "type": "Point", "coordinates": [ 121.03753, 14.602924 ] } },
{ "type": "Feature", "properties": { "fid": 186, "gbifID": 3556899430, "occurrenceID": "URN:catalog:CLO:EBIRD:OBS1266508558", "order": "Passeriformes", "family": "Nectariniidae", "genus": "Cinnyris", "species": "Cinnyris jugularis" }, "geometry": { "type": "Point", "coordinates": [ 121.04677, 14.59694 ] } },
{ "type": "Feature", "properties": { "fid": 187, "gbifID": 4345482029, "occurrenceID": "URN:catalog:CLO:EBIRD:OBS1339270382", "order": "Pelecaniformes", "family": "Ardeidae", "genus": "Butorides", "species": "Butorides striata" }, "geometry": { "type": "Point", "coordinates": [ 121.04109, 14.60195 ] } },
{ "type": "Feature", "properties": { "fid": 188, "gbifID": 3670805906, "occurrenceID": "URN:catalog:CLO:EBIRD:OBS1073188625", "order": "Columbiformes", "family": "Columbidae", "genus": "Columba", "species": "Columba livia" }, "geometry": { "type": "Point", "coordinates": [ 121.04677, 14.59694 ] } },
{ "type": "Feature", "properties": { "fid": 189, "gbifID": 3672743863, "occurrenceID": "URN:catalog:CLO:EBIRD:OBS1114407115", "order": "Psittaciformes", "family": "Psittacidae", "genus": "Loriculus", "species": "Loriculus philippensis" }, "geometry": { "type": "Point", "coordinates": [ 121.04109, 14.60195 ] } },
{ "type": "Feature", "properties": { "fid": 190, "gbifID": 3617647956, "occurrenceID": "URN:catalog:CLO:EBIRD:OBS1119129878", "order": "Pelecaniformes", "family": "Ardeidae", "genus": "Egretta", "species": "Egretta garzetta" }, "geometry": { "type": "Point", "coordinates": [ 121.03753, 14.602924 ] } },
{ "type": "Feature", "properties": { "fid": 192, "gbifID": 4341993327, "occurrenceID": "URN:catalog:CLO:EBIRD:OBS1315916225", "order": "Columbiformes", "family": "Columbidae", "genus": "Geopelia", "species": "Geopelia striata" }, "geometry": { "type": "Point", "coordinates": [ 121.03753, 14.602924 ] } },
{ "type": "Feature", "properties": { "fid": 193, "gbifID": 3235984901, "occurrenceID": "URN:catalog:CLO:EBIRD:OBS933608507", "order": "Passeriformes", "family": "Passeridae", "genus": "Passer", "species": "Passer montanus" }, "geometry": { "type": "Point", "coordinates": [ 121.05384, 14.579544 ] } },
{ "type": "Feature", "properties": { "fid": 194, "gbifID": 4252973127, "occurrenceID": "URN:catalog:CLO:EBIRD:OBS1380470427", "order": "Passeriformes", "family": "Pycnonotidae", "genus": "Pycnonotus", "species": "Pycnonotus goiavier" }, "geometry": { "type": "Point", "coordinates": [ 121.05715, 14.580761 ] } },
{ "type": "Feature", "properties": { "fid": 195, "gbifID": 4380273448, "occurrenceID": "URN:catalog:CLO:EBIRD:OBS1385753893", "order": "Passeriformes", "family": "Pycnonotidae", "genus": "Pycnonotus", "species": "Pycnonotus goiavier" }, "geometry": { "type": "Point", "coordinates": [ 121.04728, 14.598908 ] } },
{ "type": "Feature", "properties": { "fid": 197, "gbifID": 3531449836, "occurrenceID": "URN:catalog:CLO:EBIRD:OBS1112488558", "order": "Pelecaniformes", "family": "Ardeidae", "genus": "Egretta", "species": "Egretta garzetta" }, "geometry": { "type": "Point", "coordinates": [ 121.03771, 14.606191 ] } },
{ "type": "Feature", "properties": { "fid": 198, "gbifID": 3652369598, "occurrenceID": "URN:catalog:CLO:EBIRD:OBS1140362944", "order": "Psittaciformes", "family": "Psittacidae", "genus": "Loriculus", "species": "Loriculus philippensis" }, "geometry": { "type": "Point", "coordinates": [ 121.04044, 14.606056 ] } },
{ "type": "Feature", "properties": { "fid": 199, "gbifID": 3643545430, "occurrenceID": "URN:catalog:CLO:EBIRD:OBS1145763449", "order": "Columbiformes", "family": "Columbidae", "genus": "Geopelia", "species": "Geopelia striata" }, "geometry": { "type": "Point", "coordinates": [ 121.04109, 14.60195 ] } },
{ "type": "Feature", "properties": { "fid": 200, "gbifID": 3154789717, "occurrenceID": "URN:catalog:CLO:EBIRD:OBS915645731", "order": "Piciformes", "family": "Picidae", "genus": "Yungipicus", "species": "Yungipicus maculatus" }, "geometry": { "type": "Point", "coordinates": [ 121.03753, 14.602924 ] } },
{ "type": "Feature", "properties": { "fid": 201, "gbifID": 4845359792, "occurrenceID": "URN:catalog:CLO:EBIRD:OBS1737370487", "order": "Piciformes", "family": "Megalaimidae", "genus": "Psilopogon", "species": "Psilopogon haemacephalus" }, "geometry": { "type": "Point", "coordinates": [ 121.04898, 14.589453 ] } },
{ "type": "Feature", "properties": { "fid": 202, "gbifID": 3671275241, "occurrenceID": "URN:catalog:CLO:EBIRD:OBS1098562102", "order": "Columbiformes", "family": "Columbidae", "genus": "Geopelia", "species": "Geopelia striata" }, "geometry": { "type": "Point", "coordinates": [ 121.04677, 14.59694 ] } },
{ "type": "Feature", "properties": { "fid": 203, "gbifID": 3523027151, "occurrenceID": "URN:catalog:CLO:EBIRD:OBS1129095549", "order": "Columbiformes", "family": "Columbidae", "genus": "Columba", "species": "Columba livia" }, "geometry": { "type": "Point", "coordinates": [ 121.038605, 14.603709 ] } },
{ "type": "Feature", "properties": { "fid": 204, "gbifID": 5586844881, "occurrenceID": "URN:catalog:CLO:EBIRD:OBS2540247940", "order": "Passeriformes", "family": "Laniidae", "genus": "Lanius", "species": "Lanius cristatus" }, "geometry": { "type": "Point", "coordinates": [ 121.04055, 14.605313 ] } },
{ "type": "Feature", "properties": { "fid": 205, "gbifID": 3208991883, "occurrenceID": "URN:catalog:CLO:EBIRD:OBS1000063998", "order": "Passeriformes", "family": "Sturnidae", "genus": "Aplonis", "species": "Aplonis panayensis" }, "geometry": { "type": "Point", "coordinates": [ 121.03753, 14.602924 ] } },
{ "type": "Feature", "properties": { "fid": 206, "gbifID": 3537024293, "occurrenceID": "URN:catalog:CLO:EBIRD:OBS1081460639", "order": "Apodiformes", "family": "Apodidae", "genus": "Collocalia", "species": "Collocalia marginata" }, "geometry": { "type": "Point", "coordinates": [ 121.04904, 14.589351 ] } },
{ "type": "Feature", "properties": { "fid": 207, "gbifID": 4214471412, "occurrenceID": "URN:catalog:CLO:EBIRD:OBS1361349414", "order": "Passeriformes", "family": "Nectariniidae", "genus": "Cinnyris", "species": "Cinnyris jugularis" }, "geometry": { "type": "Point", "coordinates": [ 121.042046, 14.594734 ] } },
{ "type": "Feature", "properties": { "fid": 208, "gbifID": 3686758162, "occurrenceID": "URN:catalog:CLO:EBIRD:OBS1111246209", "order": "Passeriformes", "family": "Acanthizidae", "genus": "Gerygone", "species": "Gerygone sulphurea" }, "geometry": { "type": "Point", "coordinates": [ 121.04109, 14.60195 ] } },
{ "type": "Feature", "properties": { "fid": 209, "gbifID": 3630648873, "occurrenceID": "URN:catalog:CLO:EBIRD:OBS1251706966", "order": "Columbiformes", "family": "Columbidae", "genus": "Geopelia", "species": "Geopelia striata" }, "geometry": { "type": "Point", "coordinates": [ 121.041954, 14.602813 ] } },
{ "type": "Feature", "properties": { "fid": 210, "gbifID": 3605508269, "occurrenceID": "URN:catalog:CLO:EBIRD:OBS1117836179", "order": "Passeriformes", "family": "Sturnidae", "genus": "Aplonis", "species": "Aplonis panayensis" }, "geometry": { "type": "Point", "coordinates": [ 121.038605, 14.603709 ] } },
{ "type": "Feature", "properties": { "fid": 211, "gbifID": 4610048142, "occurrenceID": "URN:catalog:CLO:EBIRD:OBS1794104824", "order": "Coraciiformes", "family": "Alcedinidae", "genus": "Todiramphus", "species": "Todiramphus chloris" }, "geometry": { "type": "Point", "coordinates": [ 121.03753, 14.602924 ] } },
{ "type": "Feature", "properties": { "fid": 212, "gbifID": 4696454557, "occurrenceID": "URN:catalog:CLO:EBIRD:OBS1726714921", "order": "Psittaciformes", "family": "Psittacidae", "genus": "Loriculus", "species": "Loriculus philippensis" }, "geometry": { "type": "Point", "coordinates": [ 121.04109, 14.60195 ] } },
{ "type": "Feature", "properties": { "fid": 213, "gbifID": 5611844102, "occurrenceID": "URN:catalog:CLO:EBIRD:OBS1953191518", "order": "Passeriformes", "family": "Hirundinidae", "genus": "Cecropis", "species": "Cecropis daurica" }, "geometry": { "type": "Point", "coordinates": [ 121.04774, 14.589665 ] } },
{ "type": "Feature", "properties": { "fid": 214, "gbifID": 4703903825, "occurrenceID": "URN:catalog:CLO:EBIRD:OBS1630537309", "order": "Columbiformes", "family": "Columbidae", "genus": "Columba", "species": "Columba livia" }, "geometry": { "type": "Point", "coordinates": [ 121.04677, 14.59694 ] } },
{ "type": "Feature", "properties": { "fid": 215, "gbifID": 5375379810, "occurrenceID": "URN:catalog:CLO:EBIRD:OBS1954981491", "order": "Passeriformes", "family": "Passeridae", "genus": "Passer", "species": "Passer montanus" }, "geometry": { "type": "Point", "coordinates": [ 121.05694, 14.590089 ] } },
{ "type": "Feature", "properties": { "fid": 216, "gbifID": 5577158333, "occurrenceID": "URN:catalog:CLO:EBIRD:OBS2431090544", "order": "Pelecaniformes", "family": "Ardeidae", "genus": "Ardea", "species": null }, "geometry": { "type": "Point", "coordinates": [ 121.038605, 14.603709 ] } },
{ "type": "Feature", "properties": { "fid": 217, "gbifID": 4337979232, "occurrenceID": "URN:catalog:CLO:EBIRD:OBS1323152438", "order": "Gruiformes", "family": "Rallidae", "genus": "Amaurornis", "species": "Amaurornis phoenicurus" }, "geometry": { "type": "Point", "coordinates": [ 121.04109, 14.60195 ] } },
{ "type": "Feature", "properties": { "fid": 218, "gbifID": 4820689569, "occurrenceID": "URN:catalog:CLO:EBIRD:OBS1722013747", "order": "Pelecaniformes", "family": "Ardeidae", "genus": "Ardea", "species": "Ardea alba" }, "geometry": { "type": "Point", "coordinates": [ 121.04898, 14.589453 ] } },
{ "type": "Feature", "properties": { "fid": 219, "gbifID": 3641635437, "occurrenceID": "URN:catalog:CLO:EBIRD:OBS1274963899", "order": "Passeriformes", "family": "Laniidae", "genus": "Lanius", "species": "Lanius cristatus" }, "geometry": { "type": "Point", "coordinates": [ 121.041954, 14.602813 ] } },
{ "type": "Feature", "properties": { "fid": 220, "gbifID": 4810975093, "occurrenceID": "URN:catalog:CLO:EBIRD:OBS1726714922", "order": "Piciformes", "family": "Megalaimidae", "genus": "Psilopogon", "species": "Psilopogon haemacephalus" }, "geometry": { "type": "Point", "coordinates": [ 121.04109, 14.60195 ] } },
{ "type": "Feature", "properties": { "fid": 221, "gbifID": 4384587809, "occurrenceID": "URN:catalog:CLO:EBIRD:OBS1467264192", "order": "Apodiformes", "family": "Apodidae", "genus": "Collocalia", "species": "Collocalia marginata" }, "geometry": { "type": "Point", "coordinates": [ 121.03708, 14.59188 ] } },
{ "type": "Feature", "properties": { "fid": 222, "gbifID": 3658105541, "occurrenceID": "URN:catalog:CLO:EBIRD:OBS1242468425", "order": "Pelecaniformes", "family": "Ardeidae", "genus": "Egretta", "species": "Egretta garzetta" }, "geometry": { "type": "Point", "coordinates": [ 121.04109, 14.60195 ] } },
{ "type": "Feature", "properties": { "fid": 223, "gbifID": 3195542862, "occurrenceID": "URN:catalog:CLO:EBIRD:OBS1014073110", "order": "Passeriformes", "family": "Passeridae", "genus": "Passer", "species": "Passer montanus" }, "geometry": { "type": "Point", "coordinates": [ 121.03964, 14.576538 ] } },
{ "type": "Feature", "properties": { "fid": 224, "gbifID": 4830821457, "occurrenceID": "URN:catalog:CLO:EBIRD:OBS1951648813", "order": "Passeriformes", "family": "Nectariniidae", "genus": "Cinnyris", "species": "Cinnyris jugularis" }, "geometry": { "type": "Point", "coordinates": [ 121.03665, 14.589744 ] } },
{ "type": "Feature", "properties": { "fid": 225, "gbifID": 4324214566, "occurrenceID": "URN:catalog:CLO:EBIRD:OBS1329314363", "order": "Apodiformes", "family": "Apodidae", "genus": "Collocalia", "species": "Collocalia marginata" }, "geometry": { "type": "Point", "coordinates": [ 121.04553, 14.597787 ] } },
{ "type": "Feature", "properties": { "fid": 226, "gbifID": 3540631691, "occurrenceID": "URN:catalog:CLO:EBIRD:OBS1093523361", "order": "Columbiformes", "family": "Columbidae", "genus": "Geopelia", "species": "Geopelia striata" }, "geometry": { "type": "Point", "coordinates": [ 121.04677, 14.59694 ] } },
{ "type": "Feature", "properties": { "fid": 227, "gbifID": 3640778722, "occurrenceID": "URN:catalog:CLO:EBIRD:OBS1212607149", "order": "Piciformes", "family": "Picidae", "genus": "Yungipicus", "species": "Yungipicus maculatus" }, "geometry": { "type": "Point", "coordinates": [ 121.04044, 14.606056 ] } },
{ "type": "Feature", "properties": { "fid": 228, "gbifID": 4228092347, "occurrenceID": "URN:catalog:CLO:EBIRD:OBS1361349416", "order": "Passeriformes", "family": "Rhipiduridae", "genus": "Rhipidura", "species": "Rhipidura nigritorquis" }, "geometry": { "type": "Point", "coordinates": [ 121.042046, 14.594734 ] } },
{ "type": "Feature", "properties": { "fid": 229, "gbifID": 3648915352, "occurrenceID": "URN:catalog:CLO:EBIRD:OBS1220882739", "order": "Coraciiformes", "family": "Alcedinidae", "genus": "Todiramphus", "species": "Todiramphus chloris" }, "geometry": { "type": "Point", "coordinates": [ 121.04728, 14.598908 ] } },
{ "type": "Feature", "properties": { "fid": 230, "gbifID": 4795497970, "occurrenceID": "URN:catalog:CLO:EBIRD:OBS1846539957", "order": "Columbiformes", "family": "Columbidae", "genus": "Geopelia", "species": "Geopelia striata" }, "geometry": { "type": "Point", "coordinates": [ 121.05878, 14.588141 ] } },
{ "type": "Feature", "properties": { "fid": 231, "gbifID": 5516576219, "occurrenceID": "URN:catalog:CLO:EBIRD:OBS1956772186", "order": "Passeriformes", "family": "Passeridae", "genus": "Passer", "species": "Passer montanus" }, "geometry": { "type": "Point", "coordinates": [ 121.03753, 14.602924 ] } },
{ "type": "Feature", "properties": { "fid": 232, "gbifID": 4299983369, "occurrenceID": "URN:catalog:CLO:EBIRD:OBS1591411421", "order": "Columbiformes", "family": "Columbidae", "genus": "Spilopelia", "species": "Spilopelia chinensis" }, "geometry": { "type": "Point", "coordinates": [ 121.04109, 14.60195 ] } },
{ "type": "Feature", "properties": { "fid": 234, "gbifID": 4754222145, "occurrenceID": "URN:catalog:CLO:EBIRD:OBS1944409720", "order": "Passeriformes", "family": "Artamidae", "genus": "Artamus", "species": "Artamus leucorhynchos" }, "geometry": { "type": "Point", "coordinates": [ 121.05932, 14.585265 ] } },
{ "type": "Feature", "properties": { "fid": 235, "gbifID": 5358843375, "occurrenceID": "URN:catalog:CLO:EBIRD:OBS1956771823", "order": "Passeriformes", "family": "Sturnidae", "genus": "Aplonis", "species": "Aplonis panayensis" }, "geometry": { "type": "Point", "coordinates": [ 121.04055, 14.605313 ] } },
{ "type": "Feature", "properties": { "fid": 236, "gbifID": 3547213067, "occurrenceID": "URN:catalog:CLO:EBIRD:OBS1251721851", "order": "Passeriformes", "family": "Pycnonotidae", "genus": "Pycnonotus", "species": "Pycnonotus goiavier" }, "geometry": { "type": "Point", "coordinates": [ 121.04109, 14.60195 ] } },
{ "type": "Feature", "properties": { "fid": 237, "gbifID": 3166966695, "occurrenceID": "URN:catalog:CLO:EBIRD:OBS915632774", "order": "Passeriformes", "family": "Corvidae", "genus": "Corvus", "species": null }, "geometry": { "type": "Point", "coordinates": [ 121.02639, 14.606391 ] } },
{ "type": "Feature", "properties": { "fid": 238, "gbifID": 3151092875, "occurrenceID": "URN:catalog:CLO:EBIRD:OBS915795111", "order": "Piciformes", "family": "Megalaimidae", "genus": "Psilopogon", "species": "Psilopogon haemacephalus" }, "geometry": { "type": "Point", "coordinates": [ 121.03753, 14.602924 ] } },
{ "type": "Feature", "properties": { "fid": 239, "gbifID": 4198458142, "occurrenceID": "URN:catalog:CLO:EBIRD:OBS1324153267", "order": "Columbiformes", "family": "Columbidae", "genus": "Geopelia", "species": "Geopelia striata" }, "geometry": { "type": "Point", "coordinates": [ 121.04307, 14.595008 ] } },
{ "type": "Feature", "properties": { "fid": 240, "gbifID": 3646320901, "occurrenceID": "URN:catalog:CLO:EBIRD:OBS1117792186", "order": "Passeriformes", "family": "Motacillidae", "genus": "Motacilla", "species": "Motacilla cinerea" }, "geometry": { "type": "Point", "coordinates": [ 121.04109, 14.60195 ] } },
{ "type": "Feature", "properties": { "fid": 242, "gbifID": 3238559897, "occurrenceID": "URN:catalog:CLO:EBIRD:OBS862792019", "order": "Columbiformes", "family": "Columbidae", "genus": "Geopelia", "species": "Geopelia striata" }, "geometry": { "type": "Point", "coordinates": [ 121.05856, 14.588318 ] } },
{ "type": "Feature", "properties": { "fid": 243, "gbifID": 3603602431, "occurrenceID": "URN:catalog:CLO:EBIRD:OBS1194029598", "order": "Passeriformes", "family": "Passeridae", "genus": "Passer", "species": "Passer montanus" }, "geometry": { "type": "Point", "coordinates": [ 121.03964, 14.576538 ] } },
{ "type": "Feature", "properties": { "fid": 244, "gbifID": 3558412658, "occurrenceID": "URN:catalog:CLO:EBIRD:OBS1266508559", "order": "Passeriformes", "family": "Passeridae", "genus": "Passer", "species": "Passer montanus" }, "geometry": { "type": "Point", "coordinates": [ 121.04677, 14.59694 ] } },
{ "type": "Feature", "properties": { "fid": 245, "gbifID": 3632223386, "occurrenceID": "URN:catalog:CLO:EBIRD:OBS1274963897", "order": "Passeriformes", "family": "Artamidae", "genus": "Artamus", "species": "Artamus leucorhynchos" }, "geometry": { "type": "Point", "coordinates": [ 121.041954, 14.602813 ] } },
{ "type": "Feature", "properties": { "fid": 246, "gbifID": 3155969810, "occurrenceID": "URN:catalog:CLO:EBIRD:OBS915679434", "order": "Piciformes", "family": "Megalaimidae", "genus": "Psilopogon", "species": "Psilopogon haemacephalus" }, "geometry": { "type": "Point", "coordinates": [ 121.02639, 14.606391 ] } },
{ "type": "Feature", "properties": { "fid": 248, "gbifID": 4761675036, "occurrenceID": "URN:catalog:CLO:EBIRD:OBS1956762787", "order": "Passeriformes", "family": "Motacillidae", "genus": "Motacilla", "species": "Motacilla cinerea" }, "geometry": { "type": "Point", "coordinates": [ 121.04055, 14.605313 ] } },
{ "type": "Feature", "properties": { "fid": 249, "gbifID": 3148919012, "occurrenceID": "URN:catalog:CLO:EBIRD:OBS915795102", "order": "Passeriformes", "family": "Passeridae", "genus": "Passer", "species": "Passer montanus" }, "geometry": { "type": "Point", "coordinates": [ 121.03753, 14.602924 ] } },
{ "type": "Feature", "properties": { "fid": 250, "gbifID": 3684550972, "occurrenceID": "URN:catalog:CLO:EBIRD:OBS1117992357", "order": "Passeriformes", "family": "Rhipiduridae", "genus": "Rhipidura", "species": "Rhipidura nigritorquis" }, "geometry": { "type": "Point", "coordinates": [ 121.04109, 14.60195 ] } },
{ "type": "Feature", "properties": { "fid": 251, "gbifID": 3609895701, "occurrenceID": "URN:catalog:CLO:EBIRD:OBS1111255404", "order": "Coraciiformes", "family": "Alcedinidae", "genus": "Todiramphus", "species": "Todiramphus chloris" }, "geometry": { "type": "Point", "coordinates": [ 121.04109, 14.60195 ] } },
{ "type": "Feature", "properties": { "fid": 252, "gbifID": 3591870330, "occurrenceID": "URN:catalog:CLO:EBIRD:OBS1111341791", "order": "Columbiformes", "family": "Columbidae", "genus": "Geopelia", "species": "Geopelia striata" }, "geometry": { "type": "Point", "coordinates": [ 121.03771, 14.606191 ] } },
{ "type": "Feature", "properties": { "fid": 253, "gbifID": 3510454556, "occurrenceID": "URN:catalog:CLO:EBIRD:OBS1077832241", "order": "Passeriformes", "family": "Sturnidae", "genus": "Aplonis", "species": "Aplonis panayensis" }, "geometry": { "type": "Point", "coordinates": [ 121.03964, 14.576538 ] } },
{ "type": "Feature", "properties": { "fid": 254, "gbifID": 3273194010, "occurrenceID": "URN:catalog:CLO:EBIRD:OBS1011600292", "order": "Piciformes", "family": "Picidae", "genus": "Yungipicus", "species": "Yungipicus maculatus" }, "geometry": { "type": "Point", "coordinates": [ 121.03753, 14.602924 ] } },
{ "type": "Feature", "properties": { "fid": 255, "gbifID": 3604350083, "occurrenceID": "URN:catalog:CLO:EBIRD:OBS1233303395", "order": "Columbiformes", "family": "Columbidae", "genus": "Geopelia", "species": "Geopelia striata" }, "geometry": { "type": "Point", "coordinates": [ 121.041954, 14.602813 ] } },
{ "type": "Feature", "properties": { "fid": 256, "gbifID": 3654177303, "occurrenceID": "URN:catalog:CLO:EBIRD:OBS1117792189", "order": "Passeriformes", "family": "Acanthizidae", "genus": "Gerygone", "species": "Gerygone sulphurea" }, "geometry": { "type": "Point", "coordinates": [ 121.04109, 14.60195 ] } },
{ "type": "Feature", "properties": { "fid": 257, "gbifID": 3556504600, "occurrenceID": "URN:catalog:CLO:EBIRD:OBS1073190935", "order": "Passeriformes", "family": "Rhipiduridae", "genus": "Rhipidura", "species": "Rhipidura nigritorquis" }, "geometry": { "type": "Point", "coordinates": [ 121.04677, 14.59694 ] } },
{ "type": "Feature", "properties": { "fid": 258, "gbifID": 3508255983, "occurrenceID": "URN:catalog:CLO:EBIRD:OBS1073368663", "order": "Passeriformes", "family": "Sturnidae", "genus": "Aplonis", "species": "Aplonis panayensis" }, "geometry": { "type": "Point", "coordinates": [ 121.04677, 14.59694 ] } },
{ "type": "Feature", "properties": { "fid": 259, "gbifID": 3167733836, "occurrenceID": "URN:catalog:CLO:EBIRD:OBS915795110", "order": "Passeriformes", "family": "Nectariniidae", "genus": "Cinnyris", "species": "Cinnyris jugularis" }, "geometry": { "type": "Point", "coordinates": [ 121.03753, 14.602924 ] } },
{ "type": "Feature", "properties": { "fid": 260, "gbifID": 4323650623, "occurrenceID": "URN:catalog:CLO:EBIRD:OBS1323152439", "order": "Pelecaniformes", "family": "Ardeidae", "genus": "Egretta", "species": "Egretta garzetta" }, "geometry": { "type": "Point", "coordinates": [ 121.04109, 14.60195 ] } },
{ "type": "Feature", "properties": { "fid": 261, "gbifID": 4275240950, "occurrenceID": "URN:catalog:CLO:EBIRD:OBS1361349428", "order": "Coraciiformes", "family": "Alcedinidae", "genus": "Todiramphus", "species": "Todiramphus chloris" }, "geometry": { "type": "Point", "coordinates": [ 121.042046, 14.594734 ] } },
{ "type": "Feature", "properties": { "fid": 263, "gbifID": 5548991754, "occurrenceID": "URN:catalog:CLO:EBIRD:OBS1954981490", "order": "Piciformes", "family": "Megalaimidae", "genus": "Psilopogon", "species": "Psilopogon haemacephalus" }, "geometry": { "type": "Point", "coordinates": [ 121.05694, 14.590089 ] } },
{ "type": "Feature", "properties": { "fid": 264, "gbifID": 3508928132, "occurrenceID": "URN:catalog:CLO:EBIRD:OBS1073368664", "order": "Passeriformes", "family": "Laniidae", "genus": "Lanius", "species": "Lanius cristatus" }, "geometry": { "type": "Point", "coordinates": [ 121.04677, 14.59694 ] } },
{ "type": "Feature", "properties": { "fid": 265, "gbifID": 3511340770, "occurrenceID": "URN:catalog:CLO:EBIRD:OBS1093523356", "order": "Coraciiformes", "family": "Alcedinidae", "genus": "Todiramphus", "species": "Todiramphus chloris" }, "geometry": { "type": "Point", "coordinates": [ 121.04677, 14.59694 ] } },
{ "type": "Feature", "properties": { "fid": 266, "gbifID": 4298932543, "occurrenceID": "URN:catalog:CLO:EBIRD:OBS1324153269", "order": "Passeriformes", "family": "Nectariniidae", "genus": "Cinnyris", "species": "Cinnyris jugularis" }, "geometry": { "type": "Point", "coordinates": [ 121.04307, 14.595008 ] } },
{ "type": "Feature", "properties": { "fid": 267, "gbifID": 3670777764, "occurrenceID": "URN:catalog:CLO:EBIRD:OBS1073188616", "order": "Piciformes", "family": "Megalaimidae", "genus": "Psilopogon", "species": "Psilopogon haemacephalus" }, "geometry": { "type": "Point", "coordinates": [ 121.04677, 14.59694 ] } },
{ "type": "Feature", "properties": { "fid": 268, "gbifID": 3660792431, "occurrenceID": "URN:catalog:CLO:EBIRD:OBS1259564738", "order": "Passeriformes", "family": "Passeridae", "genus": "Passer", "species": "Passer montanus" }, "geometry": { "type": "Point", "coordinates": [ 121.03964, 14.576538 ] } },
{ "type": "Feature", "properties": { "fid": 269, "gbifID": 4749828972, "occurrenceID": "URN:catalog:CLO:EBIRD:OBS1609959362", "order": "Passeriformes", "family": "Rhipiduridae", "genus": "Rhipidura", "species": "Rhipidura nigritorquis" }, "geometry": { "type": "Point", "coordinates": [ 121.04109, 14.60195 ] } },
{ "type": "Feature", "properties": { "fid": 270, "gbifID": 4715091618, "occurrenceID": "URN:catalog:CLO:EBIRD:OBS1674842733", "order": "Passeriformes", "family": "Pycnonotidae", "genus": "Pycnonotus", "species": "Pycnonotus goiavier" }, "geometry": { "type": "Point", "coordinates": [ 121.05878, 14.588141 ] } },
{ "type": "Feature", "properties": { "fid": 271, "gbifID": 4363598488, "occurrenceID": "URN:catalog:CLO:EBIRD:OBS1380464725", "order": "Pelecaniformes", "family": "Ardeidae", "genus": "Egretta", "species": "Egretta garzetta" }, "geometry": { "type": "Point", "coordinates": [ 121.05715, 14.580761 ] } },
{ "type": "Feature", "properties": { "fid": 272, "gbifID": 3686054737, "occurrenceID": "URN:catalog:CLO:EBIRD:OBS1073182835", "order": "Passeriformes", "family": "Pycnonotidae", "genus": "Pycnonotus", "species": "Pycnonotus goiavier" }, "geometry": { "type": "Point", "coordinates": [ 121.04109, 14.60195 ] } },
{ "type": "Feature", "properties": { "fid": 273, "gbifID": 3218001901, "occurrenceID": "URN:catalog:CLO:EBIRD:OBS848980766", "order": "Passeriformes", "family": "Passeridae", "genus": "Passer", "species": "Passer montanus" }, "geometry": { "type": "Point", "coordinates": [ 121.0563, 14.585796 ] } },
{ "type": "Feature", "properties": { "fid": 274, "gbifID": 4207703202, "occurrenceID": "URN:catalog:CLO:EBIRD:OBS1467264190", "order": "Passeriformes", "family": "Passeridae", "genus": "Passer", "species": "Passer montanus" }, "geometry": { "type": "Point", "coordinates": [ 121.03708, 14.59188 ] } },
{ "type": "Feature", "properties": { "fid": 275, "gbifID": 4807551774, "occurrenceID": "URN:catalog:CLO:EBIRD:OBS1846539958", "order": "Passeriformes", "family": "Hirundinidae", "genus": "Hirundo", "species": "Hirundo javanica" }, "geometry": { "type": "Point", "coordinates": [ 121.05878, 14.588141 ] } },
{ "type": "Feature", "properties": { "fid": 276, "gbifID": 5329315335, "occurrenceID": "URN:catalog:CLO:EBIRD:OBS1980584563", "order": "Columbiformes", "family": "Columbidae", "genus": "Geopelia", "species": "Geopelia striata" }, "geometry": { "type": "Point", "coordinates": [ 121.04055, 14.605313 ] } },
{ "type": "Feature", "properties": { "fid": 277, "gbifID": 3672615715, "occurrenceID": "URN:catalog:CLO:EBIRD:OBS1140362950", "order": "Apodiformes", "family": "Apodidae", "genus": "Collocalia", "species": "Collocalia marginata" }, "geometry": { "type": "Point", "coordinates": [ 121.04044, 14.606056 ] } },
{ "type": "Feature", "properties": { "fid": 278, "gbifID": 4193973197, "occurrenceID": "URN:catalog:CLO:EBIRD:OBS1320624417", "order": "Passeriformes", "family": "Sturnidae", "genus": "Aplonis", "species": "Aplonis panayensis" }, "geometry": { "type": "Point", "coordinates": [ 121.04109, 14.60195 ] } },
{ "type": "Feature", "properties": { "fid": 279, "gbifID": 4386804362, "occurrenceID": "URN:catalog:CLO:EBIRD:OBS1518639846", "order": "Passeriformes", "family": "Pycnonotidae", "genus": "Pycnonotus", "species": "Pycnonotus goiavier" }, "geometry": { "type": "Point", "coordinates": [ 121.04109, 14.60195 ] } },
{ "type": "Feature", "properties": { "fid": 280, "gbifID": 3510508304, "occurrenceID": "URN:catalog:CLO:EBIRD:OBS1098562098", "order": "Passeriformes", "family": "Muscicapidae", "genus": "Copsychus", "species": "Copsychus mindanensis" }, "geometry": { "type": "Point", "coordinates": [ 121.04677, 14.59694 ] } },
{ "type": "Feature", "properties": { "fid": 281, "gbifID": 3293078028, "occurrenceID": "URN:catalog:CLO:EBIRD:OBS1011598506", "order": "Columbiformes", "family": "Columbidae", "genus": "Columba", "species": "Columba livia" }, "geometry": { "type": "Point", "coordinates": [ 121.03753, 14.602924 ] } },
{ "type": "Feature", "properties": { "fid": 282, "gbifID": 4667628323, "occurrenceID": "URN:catalog:CLO:EBIRD:OBS1896485960", "order": "Passeriformes", "family": "Sturnidae", "genus": "Aplonis", "species": "Aplonis panayensis" }, "geometry": { "type": "Point", "coordinates": [ 121.05878, 14.588141 ] } },
{ "type": "Feature", "properties": { "fid": 283, "gbifID": 3556411677, "occurrenceID": "URN:catalog:CLO:EBIRD:OBS1073190931", "order": "Piciformes", "family": "Megalaimidae", "genus": "Psilopogon", "species": "Psilopogon haemacephalus" }, "geometry": { "type": "Point", "coordinates": [ 121.04677, 14.59694 ] } },
{ "type": "Feature", "properties": { "fid": 284, "gbifID": 3683529009, "occurrenceID": "URN:catalog:CLO:EBIRD:OBS1117992337", "order": "Passeriformes", "family": "Acanthizidae", "genus": "Gerygone", "species": "Gerygone sulphurea" }, "geometry": { "type": "Point", "coordinates": [ 121.04044, 14.606056 ] } },
{ "type": "Feature", "properties": { "fid": 285, "gbifID": 3607059856, "occurrenceID": "URN:catalog:CLO:EBIRD:OBS1086340981", "order": "Psittaciformes", "family": "Psittacidae", "genus": "Loriculus", "species": "Loriculus philippensis" }, "geometry": { "type": "Point", "coordinates": [ 121.04677, 14.59694 ] } },
{ "type": "Feature", "properties": { "fid": 286, "gbifID": 3619536621, "occurrenceID": "URN:catalog:CLO:EBIRD:OBS1260328586", "order": "Apodiformes", "family": "Apodidae", "genus": "Aerodramus", "species": "Aerodramus amelis" }, "geometry": { "type": "Point", "coordinates": [ 121.04044, 14.606056 ] } },
{ "type": "Feature", "properties": { "fid": 288, "gbifID": 3620366545, "occurrenceID": "URN:catalog:CLO:EBIRD:OBS1260328587", "order": "Coraciiformes", "family": "Alcedinidae", "genus": "Alcedo", "species": "Alcedo atthis" }, "geometry": { "type": "Point", "coordinates": [ 121.04044, 14.606056 ] } },
{ "type": "Feature", "properties": { "fid": 290, "gbifID": 4655111989, "occurrenceID": "URN:catalog:CLO:EBIRD:OBS1726725205", "order": "Passeriformes", "family": "Zosteropidae", "genus": "Zosterops", "species": "Zosterops meyeni" }, "geometry": { "type": "Point", "coordinates": [ 121.04109, 14.60195 ] } },
{ "type": "Feature", "properties": { "fid": 291, "gbifID": 3690218622, "occurrenceID": "URN:catalog:CLO:EBIRD:OBS1267079746", "order": "Columbiformes", "family": "Columbidae", "genus": "Columba", "species": "Columba livia" }, "geometry": { "type": "Point", "coordinates": [ 121.041954, 14.602813 ] } },
{ "type": "Feature", "properties": { "fid": 292, "gbifID": 4287467673, "occurrenceID": "URN:catalog:CLO:EBIRD:OBS1336401561", "order": "Coraciiformes", "family": "Alcedinidae", "genus": "Todiramphus", "species": "Todiramphus chloris" }, "geometry": { "type": "Point", "coordinates": [ 121.04904, 14.589351 ] } },
{ "type": "Feature", "properties": { "fid": 293, "gbifID": 5332870677, "occurrenceID": "URN:catalog:CLO:EBIRD:OBS2220359427", "order": "Passeriformes", "family": "Laniidae", "genus": "Lanius", "species": "Lanius cristatus" }, "geometry": { "type": "Point", "coordinates": [ 121.0307, 14.605167 ] } },
{ "type": "Feature", "properties": { "fid": 294, "gbifID": 3673891799, "occurrenceID": "URN:catalog:CLO:EBIRD:OBS1111246203", "order": "Passeriformes", "family": "Zosteropidae", "genus": "Zosterops", "species": "Zosterops meyeni" }, "geometry": { "type": "Point", "coordinates": [ 121.04109, 14.60195 ] } },
{ "type": "Feature", "properties": { "fid": 295, "gbifID": 3616225049, "occurrenceID": "URN:catalog:CLO:EBIRD:OBS1103447749", "order": "Coraciiformes", "family": "Alcedinidae", "genus": "Todiramphus", "species": "Todiramphus chloris" }, "geometry": { "type": "Point", "coordinates": [ 121.04109, 14.60195 ] } },
{ "type": "Feature", "properties": { "fid": 296, "gbifID": 5581661217, "occurrenceID": "URN:catalog:CLO:EBIRD:OBS2287226731", "order": "Caprimulgiformes", "family": "Caprimulgidae", "genus": "Caprimulgus", "species": "Caprimulgus manillensis" }, "geometry": { "type": "Point", "coordinates": [ 121.04055, 14.605313 ] } },
{ "type": "Feature", "properties": { "fid": 297, "gbifID": 3534683258, "occurrenceID": "URN:catalog:CLO:EBIRD:OBS1117989306", "order": "Columbiformes", "family": "Columbidae", "genus": "Columba", "species": "Columba livia" }, "geometry": { "type": "Point", "coordinates": [ 121.04109, 14.60195 ] } },
{ "type": "Feature", "properties": { "fid": 298, "gbifID": 4732942577, "occurrenceID": "URN:catalog:CLO:EBIRD:OBS1721892642", "order": "Piciformes", "family": "Megalaimidae", "genus": "Psilopogon", "species": "Psilopogon haemacephalus" }, "geometry": { "type": "Point", "coordinates": [ 121.04898, 14.589453 ] } },
{ "type": "Feature", "properties": { "fid": 299, "gbifID": 3636118776, "occurrenceID": "URN:catalog:CLO:EBIRD:OBS1274963878", "order": "Columbiformes", "family": "Columbidae", "genus": "Geopelia", "species": "Geopelia striata" }, "geometry": { "type": "Point", "coordinates": [ 121.041954, 14.602813 ] } },
{ "type": "Feature", "properties": { "fid": 300, "gbifID": 4653273606, "occurrenceID": "URN:catalog:CLO:EBIRD:OBS1726709397", "order": "Passeriformes", "family": "Passeridae", "genus": "Passer", "species": "Passer montanus" }, "geometry": { "type": "Point", "coordinates": [ 121.04109, 14.60195 ] } },
{ "type": "Feature", "properties": { "fid": 301, "gbifID": 4797562147, "occurrenceID": "URN:catalog:CLO:EBIRD:OBS1674842731", "order": "Apodiformes", "family": "Apodidae", "genus": "Collocalia", "species": "Collocalia marginata" }, "geometry": { "type": "Point", "coordinates": [ 121.05878, 14.588141 ] } },
{ "type": "Feature", "properties": { "fid": 302, "gbifID": 5604083825, "occurrenceID": "URN:catalog:CLO:EBIRD:OBS2431090533", "order": "Passeriformes", "family": "Pycnonotidae", "genus": "Pycnonotus", "species": "Pycnonotus goiavier" }, "geometry": { "type": "Point", "coordinates": [ 121.038605, 14.603709 ] } },
{ "type": "Feature", "properties": { "fid": 304, "gbifID": 5381769570, "occurrenceID": "URN:catalog:CLO:EBIRD:OBS2218373315", "order": "Passeriformes", "family": "Sturnidae", "genus": "Aplonis", "species": "Aplonis panayensis" }, "geometry": { "type": "Point", "coordinates": [ 121.059555, 14.588209 ] } },
{ "type": "Feature", "properties": { "fid": 305, "gbifID": 4649805750, "occurrenceID": "URN:catalog:CLO:EBIRD:OBS1609959564", "order": "Columbiformes", "family": "Columbidae", "genus": "Geopelia", "species": "Geopelia striata" }, "geometry": { "type": "Point", "coordinates": [ 121.04109, 14.60195 ] } },
{ "type": "Feature", "properties": { "fid": 306, "gbifID": 4189855019, "occurrenceID": "URN:catalog:CLO:EBIRD:OBS1324179805", "order": "Passeriformes", "family": "Pycnonotidae", "genus": "Pycnonotus", "species": "Pycnonotus goiavier" }, "geometry": { "type": "Point", "coordinates": [ 121.05536, 14.590787 ] } },
{ "type": "Feature", "properties": { "fid": 307, "gbifID": 4693734822, "occurrenceID": "URN:catalog:CLO:EBIRD:OBS1737370500", "order": "Passeriformes", "family": "Corvidae", "genus": "Corvus", "species": null }, "geometry": { "type": "Point", "coordinates": [ 121.04898, 14.589453 ] } },
{ "type": "Feature", "properties": { "fid": 308, "gbifID": 5426424874, "occurrenceID": "URN:catalog:CLO:EBIRD:OBS1956750311", "order": "Psittaciformes", "family": "Psittacidae", "genus": "Loriculus", "species": "Loriculus philippensis" }, "geometry": { "type": "Point", "coordinates": [ 121.04055, 14.605313 ] } },
{ "type": "Feature", "properties": { "fid": 309, "gbifID": 4712953606, "occurrenceID": "URN:catalog:CLO:EBIRD:OBS1633569810", "order": "Passeriformes", "family": "Acanthizidae", "genus": "Gerygone", "species": "Gerygone sulphurea" }, "geometry": { "type": "Point", "coordinates": [ 121.04015, 14.605008 ] } },
{ "type": "Feature", "properties": { "fid": 310, "gbifID": 4203512550, "occurrenceID": "URN:catalog:CLO:EBIRD:OBS1329318233", "order": "Columbiformes", "family": "Columbidae", "genus": "Spilopelia", "species": "Spilopelia chinensis" }, "geometry": { "type": "Point", "coordinates": [ 121.04553, 14.597787 ] } },
{ "type": "Feature", "properties": { "fid": 311, "gbifID": 4364495163, "occurrenceID": "URN:catalog:CLO:EBIRD:OBS1389690040", "order": "Piciformes", "family": "Picidae", "genus": "Yungipicus", "species": "Yungipicus maculatus" }, "geometry": { "type": "Point", "coordinates": [ 121.05715, 14.580761 ] } },
{ "type": "Feature", "properties": { "fid": 312, "gbifID": 3580518404, "occurrenceID": "URN:catalog:CLO:EBIRD:OBS1233293246", "order": "Passeriformes", "family": "Acanthizidae", "genus": "Gerygone", "species": "Gerygone sulphurea" }, "geometry": { "type": "Point", "coordinates": [ 121.04109, 14.60195 ] } },
{ "type": "Feature", "properties": { "fid": 313, "gbifID": 4328645266, "occurrenceID": "URN:catalog:CLO:EBIRD:OBS1357342906", "order": "Gruiformes", "family": "Rallidae", "genus": "Gallirallus", "species": "Gallirallus torquatus" }, "geometry": { "type": "Point", "coordinates": [ 121.04363, 14.594279 ] } },
{ "type": "Feature", "properties": { "fid": 314, "gbifID": 4744995499, "occurrenceID": "URN:catalog:CLO:EBIRD:OBS1726712712", "order": "Passeriformes", "family": "Oriolidae", "genus": "Oriolus", "species": "Oriolus chinensis" }, "geometry": { "type": "Point", "coordinates": [ 121.04109, 14.60195 ] } },
{ "type": "Feature", "properties": { "fid": 317, "gbifID": 4270999612, "occurrenceID": "URN:catalog:CLO:EBIRD:OBS1320624420", "order": "Passeriformes", "family": "Nectariniidae", "genus": "Cinnyris", "species": "Cinnyris jugularis" }, "geometry": { "type": "Point", "coordinates": [ 121.04109, 14.60195 ] } },
{ "type": "Feature", "properties": { "fid": 318, "gbifID": 4722820889, "occurrenceID": "URN:catalog:CLO:EBIRD:OBS1794104831", "order": "Passeriformes", "family": "Dicaeidae", "genus": "Dicaeum", "species": "Dicaeum australe" }, "geometry": { "type": "Point", "coordinates": [ 121.03753, 14.602924 ] } },
{ "type": "Feature", "properties": { "fid": 319, "gbifID": 5339826681, "occurrenceID": "URN:catalog:CLO:EBIRD:OBS2019954478", "order": "Passeriformes", "family": "Sturnidae", "genus": "Aplonis", "species": "Aplonis panayensis" }, "geometry": { "type": "Point", "coordinates": [ 121.03203, 14.607486 ] } },
{ "type": "Feature", "properties": { "fid": 320, "gbifID": 4703056622, "occurrenceID": "URN:catalog:CLO:EBIRD:OBS1597543443", "order": "Passeriformes", "family": "Zosteropidae", "genus": "Zosterops", "species": "Zosterops meyeni" }, "geometry": { "type": "Point", "coordinates": [ 121.039185, 14.601851 ] } },
{ "type": "Feature", "properties": { "fid": 321, "gbifID": 4183604967, "occurrenceID": "URN:catalog:CLO:EBIRD:OBS1429752894", "order": "Cuculiformes", "family": "Cuculidae", "genus": "Eudynamys", "species": "Eudynamys scolopaceus" }, "geometry": { "type": "Point", "coordinates": [ 121.04898, 14.589453 ] } },
{ "type": "Feature", "properties": { "fid": 322, "gbifID": 3598953264, "occurrenceID": "URN:catalog:CLO:EBIRD:OBS1098581581", "order": "Passeriformes", "family": "Passeridae", "genus": "Passer", "species": "Passer montanus" }, "geometry": { "type": "Point", "coordinates": [ 121.03753, 14.602924 ] } },
{ "type": "Feature", "properties": { "fid": 323, "gbifID": 4286130348, "occurrenceID": "URN:catalog:CLO:EBIRD:OBS1315916222", "order": "Passeriformes", "family": "Pycnonotidae", "genus": "Pycnonotus", "species": "Pycnonotus goiavier" }, "geometry": { "type": "Point", "coordinates": [ 121.03753, 14.602924 ] } },
{ "type": "Feature", "properties": { "fid": 324, "gbifID": 3687991121, "occurrenceID": "URN:catalog:CLO:EBIRD:OBS1216850948", "order": "Columbiformes", "family": "Columbidae", "genus": "Geopelia", "species": "Geopelia striata" }, "geometry": { "type": "Point", "coordinates": [ 121.04109, 14.60195 ] } },
{ "type": "Feature", "properties": { "fid": 325, "gbifID": 4365955109, "occurrenceID": "URN:catalog:CLO:EBIRD:OBS1430310172", "order": "Passeriformes", "family": "Muscicapidae", "genus": "Copsychus", "species": "Copsychus mindanensis" }, "geometry": { "type": "Point", "coordinates": [ 121.04898, 14.589453 ] } },
{ "type": "Feature", "properties": { "fid": 327, "gbifID": 4797373149, "occurrenceID": "URN:catalog:CLO:EBIRD:OBS1754909053", "order": "Charadriiformes", "family": "Laridae", "genus": "Chlidonias", "species": "Chlidonias hybrida" }, "geometry": { "type": "Point", "coordinates": [ 121.03438, 14.567385 ] } },
{ "type": "Feature", "properties": { "fid": 328, "gbifID": 5685464071, "occurrenceID": "URN:catalog:CLO:EBIRD:OBS1954974102", "order": "Passeriformes", "family": "Corvidae", "genus": "Corvus", "species": null }, "geometry": { "type": "Point", "coordinates": [ 121.05562, 14.59139 ] } },
{ "type": "Feature", "properties": { "fid": 329, "gbifID": 3526710133, "occurrenceID": "URN:catalog:CLO:EBIRD:OBS1200949600", "order": "Piciformes", "family": "Picidae", "genus": "Yungipicus", "species": "Yungipicus maculatus" }, "geometry": { "type": "Point", "coordinates": [ 121.03753, 14.602924 ] } },
{ "type": "Feature", "properties": { "fid": 331, "gbifID": 3505765404, "occurrenceID": "URN:catalog:CLO:EBIRD:OBS1049205651", "order": "Piciformes", "family": "Megalaimidae", "genus": "Psilopogon", "species": "Psilopogon haemacephalus" }, "geometry": { "type": "Point", "coordinates": [ 121.03753, 14.602924 ] } },
{ "type": "Feature", "properties": { "fid": 332, "gbifID": 5559546888, "occurrenceID": "URN:catalog:CLO:EBIRD:OBS2540247943", "order": "Passeriformes", "family": "Rhipiduridae", "genus": "Rhipidura", "species": "Rhipidura nigritorquis" }, "geometry": { "type": "Point", "coordinates": [ 121.04055, 14.605313 ] } },
{ "type": "Feature", "properties": { "fid": 333, "gbifID": 3629240427, "occurrenceID": "URN:catalog:CLO:EBIRD:OBS1192868428", "order": "Passeriformes", "family": "Sturnidae", "genus": "Aplonis", "species": "Aplonis panayensis" }, "geometry": { "type": "Point", "coordinates": [ 121.03964, 14.576538 ] } },
{ "type": "Feature", "properties": { "fid": 334, "gbifID": 3650641441, "occurrenceID": "URN:catalog:CLO:EBIRD:OBS1242468426", "order": "Passeriformes", "family": "Laniidae", "genus": "Lanius", "species": "Lanius cristatus" }, "geometry": { "type": "Point", "coordinates": [ 121.04109, 14.60195 ] } },
{ "type": "Feature", "properties": { "fid": 335, "gbifID": 4222145170, "occurrenceID": "URN:catalog:CLO:EBIRD:OBS1361349415", "order": "Passeriformes", "family": "Laniidae", "genus": "Lanius", "species": "Lanius cristatus" }, "geometry": { "type": "Point", "coordinates": [ 121.042046, 14.594734 ] } },
{ "type": "Feature", "properties": { "fid": 336, "gbifID": 3166310650, "occurrenceID": "URN:catalog:CLO:EBIRD:OBS920391200", "order": "Passeriformes", "family": "Acanthizidae", "genus": "Gerygone", "species": "Gerygone sulphurea" }, "geometry": { "type": "Point", "coordinates": [ 121.03753, 14.602924 ] } },
{ "type": "Feature", "properties": { "fid": 337, "gbifID": 3139654419, "occurrenceID": "URN:catalog:CLO:EBIRD:OBS848444498", "order": "Passeriformes", "family": "Pycnonotidae", "genus": "Pycnonotus", "species": "Pycnonotus goiavier" }, "geometry": { "type": "Point", "coordinates": [ 121.05711, 14.586874 ] } },
{ "type": "Feature", "properties": { "fid": 338, "gbifID": 3664126906, "occurrenceID": "URN:catalog:CLO:EBIRD:OBS1242471488", "order": "Passeriformes", "family": "Pycnonotidae", "genus": "Pycnonotus", "species": "Pycnonotus goiavier" }, "geometry": { "type": "Point", "coordinates": [ 121.041954, 14.602813 ] } },
{ "type": "Feature", "properties": { "fid": 339, "gbifID": 3534842644, "occurrenceID": "URN:catalog:CLO:EBIRD:OBS1251715623", "order": "Passeriformes", "family": "Nectariniidae", "genus": "Cinnyris", "species": "Cinnyris jugularis" }, "geometry": { "type": "Point", "coordinates": [ 121.041954, 14.602813 ] } },
{ "type": "Feature", "properties": { "fid": 340, "gbifID": 4198417719, "occurrenceID": "URN:catalog:CLO:EBIRD:OBS1324149700", "order": "Passeriformes", "family": "Laniidae", "genus": "Lanius", "species": "Lanius cristatus" }, "geometry": { "type": "Point", "coordinates": [ 121.04307, 14.595008 ] } },
{ "type": "Feature", "properties": { "fid": 341, "gbifID": 3663470229, "occurrenceID": "URN:catalog:CLO:EBIRD:OBS1234561852", "order": "Passeriformes", "family": "Estrildidae", "genus": "Lonchura", "species": "Lonchura punctulata" }, "geometry": { "type": "Point", "coordinates": [ 121.03771, 14.606191 ] } },
{ "type": "Feature", "properties": { "fid": 342, "gbifID": 5455945105, "occurrenceID": "URN:catalog:CLO:EBIRD:OBS1956776304", "order": "Columbiformes", "family": "Columbidae", "genus": "Spilopelia", "species": "Spilopelia chinensis" }, "geometry": { "type": "Point", "coordinates": [ 121.04055, 14.605313 ] } },
{ "type": "Feature", "properties": { "fid": 343, "gbifID": 3629157383, "occurrenceID": "URN:catalog:CLO:EBIRD:OBS1224433767", "order": "Passeriformes", "family": "Rhipiduridae", "genus": "Rhipidura", "species": "Rhipidura nigritorquis" }, "geometry": { "type": "Point", "coordinates": [ 121.04109, 14.60195 ] } },
{ "type": "Feature", "properties": { "fid": 344, "gbifID": 3604550907, "occurrenceID": "URN:catalog:CLO:EBIRD:OBS1103447748", "order": "Passeriformes", "family": "Laniidae", "genus": "Lanius", "species": "Lanius cristatus" }, "geometry": { "type": "Point", "coordinates": [ 121.04109, 14.60195 ] } },
{ "type": "Feature", "properties": { "fid": 346, "gbifID": 3549631528, "occurrenceID": "URN:catalog:CLO:EBIRD:OBS1241356542", "order": "Passeriformes", "family": "Campephagidae", "genus": "Lalage", "species": "Lalage nigra" }, "geometry": { "type": "Point", "coordinates": [ 121.041954, 14.602813 ] } },
{ "type": "Feature", "properties": { "fid": 347, "gbifID": 3267313853, "occurrenceID": "URN:catalog:CLO:EBIRD:OBS1011600864", "order": "Passeriformes", "family": "Rhipiduridae", "genus": "Rhipidura", "species": "Rhipidura nigritorquis" }, "geometry": { "type": "Point", "coordinates": [ 121.03753, 14.602924 ] } },
{ "type": "Feature", "properties": { "fid": 348, "gbifID": 3551379463, "occurrenceID": "URN:catalog:CLO:EBIRD:OBS1081519356", "order": "Passeriformes", "family": "Passeridae", "genus": "Passer", "species": "Passer montanus" }, "geometry": { "type": "Point", "coordinates": [ 121.03964, 14.576538 ] } },
{ "type": "Feature", "properties": { "fid": 349, "gbifID": 3511019115, "occurrenceID": "URN:catalog:CLO:EBIRD:OBS1098562095", "order": "Passeriformes", "family": "Passeridae", "genus": "Passer", "species": "Passer montanus" }, "geometry": { "type": "Point", "coordinates": [ 121.04677, 14.59694 ] } },
{ "type": "Feature", "properties": { "fid": 350, "gbifID": 3591979215, "occurrenceID": "URN:catalog:CLO:EBIRD:OBS1103447740", "order": "Passeriformes", "family": "Rhipiduridae", "genus": "Rhipidura", "species": "Rhipidura nigritorquis" }, "geometry": { "type": "Point", "coordinates": [ 121.04109, 14.60195 ] } },
{ "type": "Feature", "properties": { "fid": 351, "gbifID": 3600980783, "occurrenceID": "URN:catalog:CLO:EBIRD:OBS1111255402", "order": "Passeriformes", "family": "Rhipiduridae", "genus": "Rhipidura", "species": "Rhipidura nigritorquis" }, "geometry": { "type": "Point", "coordinates": [ 121.04109, 14.60195 ] } },
{ "type": "Feature", "properties": { "fid": 353, "gbifID": 4724871777, "occurrenceID": "URN:catalog:CLO:EBIRD:OBS1780342910", "order": "Passeriformes", "family": "Acanthizidae", "genus": "Gerygone", "species": "Gerygone sulphurea" }, "geometry": { "type": "Point", "coordinates": [ 121.05715, 14.580761 ] } },
{ "type": "Feature", "properties": { "fid": 354, "gbifID": 4248768963, "occurrenceID": "URN:catalog:CLO:EBIRD:OBS1586761855", "order": "Passeriformes", "family": "Laniidae", "genus": "Lanius", "species": "Lanius cristatus" }, "geometry": { "type": "Point", "coordinates": [ 121.05332, 14.604934 ] } },
{ "type": "Feature", "properties": { "fid": 355, "gbifID": 4812989786, "occurrenceID": "URN:catalog:CLO:EBIRD:OBS1794104827", "order": "Piciformes", "family": "Megalaimidae", "genus": "Psilopogon", "species": "Psilopogon haemacephalus" }, "geometry": { "type": "Point", "coordinates": [ 121.03753, 14.602924 ] } },
{ "type": "Feature", "properties": { "fid": 356, "gbifID": 3594020696, "occurrenceID": "URN:catalog:CLO:EBIRD:OBS1192335776", "order": "Passeriformes", "family": "Sturnidae", "genus": "Aplonis", "species": "Aplonis panayensis" }, "geometry": { "type": "Point", "coordinates": [ 121.03964, 14.576538 ] } },
{ "type": "Feature", "properties": { "fid": 357, "gbifID": 4312383979, "occurrenceID": "URN:catalog:CLO:EBIRD:OBS1313293440", "order": "Passeriformes", "family": "Acanthizidae", "genus": "Gerygone", "species": "Gerygone sulphurea" }, "geometry": { "type": "Point", "coordinates": [ 121.04044, 14.606056 ] } },
{ "type": "Feature", "properties": { "fid": 358, "gbifID": 4635357817, "occurrenceID": "URN:catalog:CLO:EBIRD:OBS1737370485", "order": "Pelecaniformes", "family": "Ardeidae", "genus": "Egretta", "species": "Egretta garzetta" }, "geometry": { "type": "Point", "coordinates": [ 121.04898, 14.589453 ] } },
{ "type": "Feature", "properties": { "fid": 360, "gbifID": 4691675885, "occurrenceID": "URN:catalog:CLO:EBIRD:OBS1721892640", "order": "Pelecaniformes", "family": "Ardeidae", "genus": "Egretta", "species": "Egretta garzetta" }, "geometry": { "type": "Point", "coordinates": [ 121.04898, 14.589453 ] } },
{ "type": "Feature", "properties": { "fid": 361, "gbifID": 4750187352, "occurrenceID": "URN:catalog:CLO:EBIRD:OBS1721900024", "order": "Gruiformes", "family": "Rallidae", "genus": "Gallirallus", "species": "Gallirallus torquatus" }, "geometry": { "type": "Point", "coordinates": [ 121.04898, 14.589453 ] } },
{ "type": "Feature", "properties": { "fid": 362, "gbifID": 3229098470, "occurrenceID": "URN:catalog:CLO:EBIRD:OBS915640004", "order": "Passeriformes", "family": "Sturnidae", "genus": "Aplonis", "species": "Aplonis panayensis" }, "geometry": { "type": "Point", "coordinates": [ 121.03753, 14.602924 ] } },
{ "type": "Feature", "properties": { "fid": 363, "gbifID": 4780072333, "occurrenceID": "URN:catalog:CLO:EBIRD:OBS1800847863", "order": "Passeriformes", "family": "Nectariniidae", "genus": "Cinnyris", "species": "Cinnyris jugularis" }, "geometry": { "type": "Point", "coordinates": [ 121.03753, 14.602924 ] } },
{ "type": "Feature", "properties": { "fid": 364, "gbifID": 4707606504, "occurrenceID": "URN:catalog:CLO:EBIRD:OBS1800849372", "order": "Psittaciformes", "family": "Psittacidae", "genus": "Loriculus", "species": "Loriculus philippensis" }, "geometry": { "type": "Point", "coordinates": [ 121.03753, 14.602924 ] } },
{ "type": "Feature", "properties": { "fid": 365, "gbifID": 3684215085, "occurrenceID": "URN:catalog:CLO:EBIRD:OBS1241363593", "order": "Columbiformes", "family": "Columbidae", "genus": "Geopelia", "species": "Geopelia striata" }, "geometry": { "type": "Point", "coordinates": [ 121.041954, 14.602813 ] } },
{ "type": "Feature", "properties": { "fid": 367, "gbifID": 4189933539, "occurrenceID": "URN:catalog:CLO:EBIRD:OBS1331009391", "order": "Passeriformes", "family": "Hirundinidae", "genus": "Hirundo", "species": "Hirundo javanica" }, "geometry": { "type": "Point", "coordinates": [ 121.03753, 14.602924 ] } },
{ "type": "Feature", "properties": { "fid": 368, "gbifID": 4675702914, "occurrenceID": "URN:catalog:CLO:EBIRD:OBS1639029376", "order": "Columbiformes", "family": "Columbidae", "genus": "Columba", "species": "Columba livia" }, "geometry": { "type": "Point", "coordinates": [ 121.02962, 14.605055 ] } },
{ "type": "Feature", "properties": { "fid": 369, "gbifID": 5379277066, "occurrenceID": "URN:catalog:CLO:EBIRD:OBS1956750320", "order": "Passeriformes", "family": "Pycnonotidae", "genus": "Pycnonotus", "species": "Pycnonotus goiavier" }, "geometry": { "type": "Point", "coordinates": [ 121.04055, 14.605313 ] } },
{ "type": "Feature", "properties": { "fid": 370, "gbifID": 3680091312, "occurrenceID": "URN:catalog:CLO:EBIRD:OBS1117835429", "order": "Passeriformes", "family": "Pycnonotidae", "genus": "Pycnonotus", "species": "Pycnonotus goiavier" }, "geometry": { "type": "Point", "coordinates": [ 121.038605, 14.603709 ] } },
{ "type": "Feature", "properties": { "fid": 371, "gbifID": 3577910765, "occurrenceID": "URN:catalog:CLO:EBIRD:OBS1237382184", "order": "Passeriformes", "family": "Dicaeidae", "genus": "Dicaeum", "species": "Dicaeum australe" }, "geometry": { "type": "Point", "coordinates": [ 121.04307, 14.595008 ] } },
{ "type": "Feature", "properties": { "fid": 372, "gbifID": 3609655606, "occurrenceID": "URN:catalog:CLO:EBIRD:OBS1111255399", "order": "Passeriformes", "family": "Sturnidae", "genus": "Aplonis", "species": "Aplonis panayensis" }, "geometry": { "type": "Point", "coordinates": [ 121.04109, 14.60195 ] } },
{ "type": "Feature", "properties": { "fid": 373, "gbifID": 5630940060, "occurrenceID": "URN:catalog:CLO:EBIRD:OBS2552281876", "order": "Passeriformes", "family": "Laniidae", "genus": "Lanius", "species": "Lanius cristatus" }, "geometry": { "type": "Point", "coordinates": [ 121.04906, 14.589362 ] } },
{ "type": "Feature", "properties": { "fid": 375, "gbifID": 4738618503, "occurrenceID": "URN:catalog:CLO:EBIRD:OBS1901446143", "order": "Passeriformes", "family": "Pycnonotidae", "genus": "Pycnonotus", "species": "Pycnonotus goiavier" }, "geometry": { "type": "Point", "coordinates": [ 121.03203, 14.607486 ] } },
{ "type": "Feature", "properties": { "fid": 377, "gbifID": 4703538878, "occurrenceID": "URN:catalog:CLO:EBIRD:OBS1629818773", "order": "Passeriformes", "family": "Passeridae", "genus": "Passer", "species": "Passer montanus" }, "geometry": { "type": "Point", "coordinates": [ 121.04297, 14.594615 ] } },
{ "type": "Feature", "properties": { "fid": 380, "gbifID": 3672044058, "occurrenceID": "URN:catalog:CLO:EBIRD:OBS1122473254", "order": "Columbiformes", "family": "Columbidae", "genus": "Columba", "species": "Columba livia" }, "geometry": { "type": "Point", "coordinates": [ 121.038605, 14.603709 ] } },
{ "type": "Feature", "properties": { "fid": 382, "gbifID": 4814140456, "occurrenceID": "URN:catalog:CLO:EBIRD:OBS1853007224", "order": "Apodiformes", "family": "Apodidae", "genus": "Collocalia", "species": "Collocalia marginata" }, "geometry": { "type": "Point", "coordinates": [ 121.05878, 14.588141 ] } },
{ "type": "Feature", "properties": { "fid": 384, "gbifID": 4831372969, "occurrenceID": "URN:catalog:CLO:EBIRD:OBS1896485962", "order": "Apodiformes", "family": "Apodidae", "genus": "Collocalia", "species": "Collocalia marginata" }, "geometry": { "type": "Point", "coordinates": [ 121.05878, 14.588141 ] } },
{ "type": "Feature", "properties": { "fid": 386, "gbifID": 3687958612, "occurrenceID": "URN:catalog:CLO:EBIRD:OBS1251721844", "order": "Passeriformes", "family": "Motacillidae", "genus": "Motacilla", "species": "Motacilla cinerea" }, "geometry": { "type": "Point", "coordinates": [ 121.04109, 14.60195 ] } },
{ "type": "Feature", "properties": { "fid": 387, "gbifID": 4291648575, "occurrenceID": "URN:catalog:CLO:EBIRD:OBS1315919611", "order": "Piciformes", "family": "Megalaimidae", "genus": "Psilopogon", "species": "Psilopogon haemacephalus" }, "geometry": { "type": "Point", "coordinates": [ 121.041954, 14.602813 ] } },
{ "type": "Feature", "properties": { "fid": 389, "gbifID": 3650437065, "occurrenceID": "URN:catalog:CLO:EBIRD:OBS1212607156", "order": "Passeriformes", "family": "Passeridae", "genus": "Passer", "species": "Passer montanus" }, "geometry": { "type": "Point", "coordinates": [ 121.04044, 14.606056 ] } },
{ "type": "Feature", "properties": { "fid": 391, "gbifID": 4626868373, "occurrenceID": "URN:catalog:CLO:EBIRD:OBS1764781950", "order": "Passeriformes", "family": "Pycnonotidae", "genus": "Pycnonotus", "species": "Pycnonotus goiavier" }, "geometry": { "type": "Point", "coordinates": [ 121.05878, 14.588141 ] } },
{ "type": "Feature", "properties": { "fid": 392, "gbifID": 4825713560, "occurrenceID": "URN:catalog:CLO:EBIRD:OBS1726714923", "order": "Passeriformes", "family": "Passeridae", "genus": "Passer", "species": "Passer montanus" }, "geometry": { "type": "Point", "coordinates": [ 121.04109, 14.60195 ] } },
{ "type": "Feature", "properties": { "fid": 393, "gbifID": 4770254684, "occurrenceID": "URN:catalog:CLO:EBIRD:OBS1794104837", "order": "Passeriformes", "family": "Hirundinidae", "genus": "Hirundo", "species": "Hirundo javanica" }, "geometry": { "type": "Point", "coordinates": [ 121.03753, 14.602924 ] } },
{ "type": "Feature", "properties": { "fid": 396, "gbifID": 4359761135, "occurrenceID": "URN:catalog:CLO:EBIRD:OBS1430310170", "order": "Strigiformes", "family": "Strigidae", "genus": "Otus", "species": "Otus megalotis" }, "geometry": { "type": "Point", "coordinates": [ 121.04898, 14.589453 ] } },
{ "type": "Feature", "properties": { "fid": 397, "gbifID": 4344827132, "occurrenceID": "URN:catalog:CLO:EBIRD:OBS1551880848", "order": "Passeriformes", "family": "Rhipiduridae", "genus": "Rhipidura", "species": "Rhipidura nigritorquis" }, "geometry": { "type": "Point", "coordinates": [ 121.04547, 14.597787 ] } },
{ "type": "Feature", "properties": { "fid": 398, "gbifID": 4758633943, "occurrenceID": "URN:catalog:CLO:EBIRD:OBS1726725207", "order": "Passeriformes", "family": "Passeridae", "genus": "Passer", "species": "Passer montanus" }, "geometry": { "type": "Point", "coordinates": [ 121.04109, 14.60195 ] } },
{ "type": "Feature", "properties": { "fid": 399, "gbifID": 4722351510, "occurrenceID": "URN:catalog:CLO:EBIRD:OBS1597543445", "order": "Passeriformes", "family": "Oriolidae", "genus": "Oriolus", "species": "Oriolus chinensis" }, "geometry": { "type": "Point", "coordinates": [ 121.039185, 14.601851 ] } },
{ "type": "Feature", "properties": { "fid": 400, "gbifID": 4705341717, "occurrenceID": "URN:catalog:CLO:EBIRD:OBS1628948085", "order": "Passeriformes", "family": "Passeridae", "genus": "Passer", "species": "Passer montanus" }, "geometry": { "type": "Point", "coordinates": [ 121.058624, 14.588141 ] } },
{ "type": "Feature", "properties": { "fid": 403, "gbifID": 3609860313, "occurrenceID": "URN:catalog:CLO:EBIRD:OBS1116028578", "order": "Columbiformes", "family": "Columbidae", "genus": "Columba", "species": "Columba livia" }, "geometry": { "type": "Point", "coordinates": [ 121.04044, 14.606056 ] } },
{ "type": "Feature", "properties": { "fid": 404, "gbifID": 5454630146, "occurrenceID": "URN:catalog:CLO:EBIRD:OBS2220359426", "order": "Coraciiformes", "family": "Alcedinidae", "genus": "Todiramphus", "species": "Todiramphus chloris" }, "geometry": { "type": "Point", "coordinates": [ 121.0307, 14.605167 ] } },
{ "type": "Feature", "properties": { "fid": 405, "gbifID": 3158502132, "occurrenceID": "URN:catalog:CLO:EBIRD:OBS933608501", "order": "Passeriformes", "family": "Acanthizidae", "genus": "Gerygone", "species": "Gerygone sulphurea" }, "geometry": { "type": "Point", "coordinates": [ 121.05384, 14.579544 ] } },
{ "type": "Feature", "properties": { "fid": 406, "gbifID": 3277815034, "occurrenceID": "URN:catalog:CLO:EBIRD:OBS1011600860", "order": "Passeriformes", "family": "Nectariniidae", "genus": "Cinnyris", "species": "Cinnyris jugularis" }, "geometry": { "type": "Point", "coordinates": [ 121.03753, 14.602924 ] } },
{ "type": "Feature", "properties": { "fid": 408, "gbifID": 3600980898, "occurrenceID": "URN:catalog:CLO:EBIRD:OBS1111341785", "order": "Passeriformes", "family": "Acanthizidae", "genus": "Gerygone", "species": "Gerygone sulphurea" }, "geometry": { "type": "Point", "coordinates": [ 121.03771, 14.606191 ] } },
{ "type": "Feature", "properties": { "fid": 409, "gbifID": 3666143899, "occurrenceID": "URN:catalog:CLO:EBIRD:OBS1234561856", "order": "Coraciiformes", "family": "Alcedinidae", "genus": "Alcedo", "species": "Alcedo atthis" }, "geometry": { "type": "Point", "coordinates": [ 121.03771, 14.606191 ] } },
{ "type": "Feature", "properties": { "fid": 410, "gbifID": 3619317928, "occurrenceID": "URN:catalog:CLO:EBIRD:OBS1274963884", "order": "Passeriformes", "family": "Nectariniidae", "genus": "Cinnyris", "species": "Cinnyris jugularis" }, "geometry": { "type": "Point", "coordinates": [ 121.041954, 14.602813 ] } },
{ "type": "Feature", "properties": { "fid": 411, "gbifID": 4198084445, "occurrenceID": "URN:catalog:CLO:EBIRD:OBS1324153266", "order": "Piciformes", "family": "Megalaimidae", "genus": "Psilopogon", "species": "Psilopogon haemacephalus" }, "geometry": { "type": "Point", "coordinates": [ 121.04307, 14.595008 ] } },
{ "type": "Feature", "properties": { "fid": 413, "gbifID": 3664370115, "occurrenceID": "URN:catalog:CLO:EBIRD:OBS1210199812", "order": "Columbiformes", "family": "Columbidae", "genus": "Columba", "species": "Columba livia" }, "geometry": { "type": "Point", "coordinates": [ 121.03964, 14.576538 ] } },
{ "type": "Feature", "properties": { "fid": 414, "gbifID": 3141734863, "occurrenceID": "URN:catalog:CLO:EBIRD:OBS870451551", "order": "Passeriformes", "family": "Passeridae", "genus": "Passer", "species": "Passer montanus" }, "geometry": { "type": "Point", "coordinates": [ 121.03753, 14.602924 ] } },
{ "type": "Feature", "properties": { "fid": 415, "gbifID": 3159741621, "occurrenceID": "URN:catalog:CLO:EBIRD:OBS915645732", "order": "Passeriformes", "family": "Rhipiduridae", "genus": "Rhipidura", "species": "Rhipidura nigritorquis" }, "geometry": { "type": "Point", "coordinates": [ 121.03753, 14.602924 ] } },
{ "type": "Feature", "properties": { "fid": 417, "gbifID": 3649603061, "occurrenceID": "URN:catalog:CLO:EBIRD:OBS1117792177", "order": "Columbiformes", "family": "Columbidae", "genus": "Columba", "species": "Columba livia" }, "geometry": { "type": "Point", "coordinates": [ 121.04109, 14.60195 ] } },
{ "type": "Feature", "properties": { "fid": 418, "gbifID": 3692708820, "occurrenceID": "URN:catalog:CLO:EBIRD:OBS1117823914", "order": "Columbiformes", "family": "Columbidae", "genus": "Columba", "species": "Columba livia" }, "geometry": { "type": "Point", "coordinates": [ 121.03771, 14.606191 ] } },
{ "type": "Feature", "properties": { "fid": 419, "gbifID": 3675371081, "occurrenceID": "URN:catalog:CLO:EBIRD:OBS1121865210", "order": "Passeriformes", "family": "Acanthizidae", "genus": "Gerygone", "species": "Gerygone sulphurea" }, "geometry": { "type": "Point", "coordinates": [ 121.02639, 14.606391 ] } },
{ "type": "Feature", "properties": { "fid": 420, "gbifID": 4752378267, "occurrenceID": "URN:catalog:CLO:EBIRD:OBS1737370505", "order": "Passeriformes", "family": "Sturnidae", "genus": "Aplonis", "species": "Aplonis panayensis" }, "geometry": { "type": "Point", "coordinates": [ 121.04898, 14.589453 ] } },
{ "type": "Feature", "properties": { "fid": 422, "gbifID": 5667420821, "occurrenceID": "URN:catalog:CLO:EBIRD:OBS1950903025", "order": "Psittaciformes", "family": "Psittacidae", "genus": "Probosciger", "species": "Probosciger aterrimus" }, "geometry": { "type": "Point", "coordinates": [ 121.049225, 14.589323 ] } },
{ "type": "Feature", "properties": { "fid": 423, "gbifID": 5375502070, "occurrenceID": "URN:catalog:CLO:EBIRD:OBS1956750313", "order": "Passeriformes", "family": "Sturnidae", "genus": "Aplonis", "species": "Aplonis panayensis" }, "geometry": { "type": "Point", "coordinates": [ 121.04055, 14.605313 ] } },
{ "type": "Feature", "properties": { "fid": 424, "gbifID": 4806695464, "occurrenceID": "URN:catalog:CLO:EBIRD:OBS1846539961", "order": "Passeriformes", "family": "Laniidae", "genus": "Lanius", "species": "Lanius cristatus" }, "geometry": { "type": "Point", "coordinates": [ 121.05878, 14.588141 ] } },
{ "type": "Feature", "properties": { "fid": 425, "gbifID": 5537645704, "occurrenceID": "URN:catalog:CLO:EBIRD:OBS1951483893", "order": "Passeriformes", "family": "Laniidae", "genus": "Lanius", "species": "Lanius cristatus" }, "geometry": { "type": "Point", "coordinates": [ 121.04774, 14.589665 ] } },
{ "type": "Feature", "properties": { "fid": 426, "gbifID": 4217068868, "occurrenceID": "URN:catalog:CLO:EBIRD:OBS1357342910", "order": "Passeriformes", "family": "Oriolidae", "genus": "Oriolus", "species": "Oriolus chinensis" }, "geometry": { "type": "Point", "coordinates": [ 121.04363, 14.594279 ] } },
{ "type": "Feature", "properties": { "fid": 427, "gbifID": 3516661536, "occurrenceID": "URN:catalog:CLO:EBIRD:OBS1073375426", "order": "Passeriformes", "family": "Oriolidae", "genus": "Oriolus", "species": "Oriolus chinensis" }, "geometry": { "type": "Point", "coordinates": [ 121.04677, 14.59694 ] } },
{ "type": "Feature", "properties": { "fid": 428, "gbifID": 3619335553, "occurrenceID": "URN:catalog:CLO:EBIRD:OBS1251706963", "order": "Passeriformes", "family": "Laniidae", "genus": "Lanius", "species": "Lanius cristatus" }, "geometry": { "type": "Point", "coordinates": [ 121.041954, 14.602813 ] } },
{ "type": "Feature", "properties": { "fid": 429, "gbifID": 3681261517, "occurrenceID": "URN:catalog:CLO:EBIRD:OBS1121865209", "order": "Passeriformes", "family": "Rhipiduridae", "genus": "Rhipidura", "species": "Rhipidura nigritorquis" }, "geometry": { "type": "Point", "coordinates": [ 121.02639, 14.606391 ] } },
{ "type": "Feature", "properties": { "fid": 430, "gbifID": 4319690074, "occurrenceID": "URN:catalog:CLO:EBIRD:OBS1509740663", "order": "Passeriformes", "family": "Passeridae", "genus": "Passer", "species": "Passer montanus" }, "geometry": { "type": "Point", "coordinates": [ 121.04076, 14.60353 ] } },
{ "type": "Feature", "properties": { "fid": 432, "gbifID": 3522819153, "occurrenceID": "URN:catalog:CLO:EBIRD:OBS1111248987", "order": "Piciformes", "family": "Megalaimidae", "genus": "Psilopogon", "species": "Psilopogon haemacephalus" }, "geometry": { "type": "Point", "coordinates": [ 121.04109, 14.60195 ] } },
{ "type": "Feature", "properties": { "fid": 433, "gbifID": 3621458072, "occurrenceID": "URN:catalog:CLO:EBIRD:OBS1251706964", "order": "Passeriformes", "family": "Rhipiduridae", "genus": "Rhipidura", "species": "Rhipidura nigritorquis" }, "geometry": { "type": "Point", "coordinates": [ 121.041954, 14.602813 ] } },
{ "type": "Feature", "properties": { "fid": 434, "gbifID": 3636551415, "occurrenceID": "URN:catalog:CLO:EBIRD:OBS1220882735", "order": "Passeriformes", "family": "Oriolidae", "genus": "Oriolus", "species": "Oriolus chinensis" }, "geometry": { "type": "Point", "coordinates": [ 121.04728, 14.598908 ] } },
{ "type": "Feature", "properties": { "fid": 435, "gbifID": 4641639468, "occurrenceID": "URN:catalog:CLO:EBIRD:OBS1853007223", "order": "Columbiformes", "family": "Columbidae", "genus": "Geopelia", "species": "Geopelia striata" }, "geometry": { "type": "Point", "coordinates": [ 121.05878, 14.588141 ] } },
{ "type": "Feature", "properties": { "fid": 436, "gbifID": 4210862810, "occurrenceID": "URN:catalog:CLO:EBIRD:OBS1339265332", "order": "Coraciiformes", "family": "Alcedinidae", "genus": "Todiramphus", "species": "Todiramphus chloris" }, "geometry": { "type": "Point", "coordinates": [ 121.04109, 14.60195 ] } },
{ "type": "Feature", "properties": { "fid": 437, "gbifID": 4195022877, "occurrenceID": "URN:catalog:CLO:EBIRD:OBS1350512000", "order": "Passeriformes", "family": "Muscicapidae", "genus": "Copsychus", "species": "Copsychus mindanensis" }, "geometry": { "type": "Point", "coordinates": [ 121.042046, 14.594734 ] } },
{ "type": "Feature", "properties": { "fid": 439, "gbifID": 4830690693, "occurrenceID": "URN:catalog:CLO:EBIRD:OBS1902983501", "order": "Passeriformes", "family": "Nectariniidae", "genus": "Cinnyris", "species": "Cinnyris jugularis" }, "geometry": { "type": "Point", "coordinates": [ 121.03203, 14.607486 ] } },
{ "type": "Feature", "properties": { "fid": 440, "gbifID": 3654272066, "occurrenceID": "URN:catalog:CLO:EBIRD:OBS1242471479", "order": "Piciformes", "family": "Picidae", "genus": "Yungipicus", "species": "Yungipicus maculatus" }, "geometry": { "type": "Point", "coordinates": [ 121.041954, 14.602813 ] } },
{ "type": "Feature", "properties": { "fid": 441, "gbifID": 3692274859, "occurrenceID": "URN:catalog:CLO:EBIRD:OBS1246521777", "order": "Psittaciformes", "family": "Psittacidae", "genus": "Loriculus", "species": "Loriculus philippensis" }, "geometry": { "type": "Point", "coordinates": [ 121.04728, 14.598908 ] } },
{ "type": "Feature", "properties": { "fid": 442, "gbifID": 4268440102, "occurrenceID": "URN:catalog:CLO:EBIRD:OBS1315919616", "order": "Passeriformes", "family": "Acanthizidae", "genus": "Gerygone", "species": "Gerygone sulphurea" }, "geometry": { "type": "Point", "coordinates": [ 121.041954, 14.602813 ] } },
{ "type": "Feature", "properties": { "fid": 443, "gbifID": 4845465252, "occurrenceID": "URN:catalog:CLO:EBIRD:OBS1956762789", "order": "Passeriformes", "family": "Nectariniidae", "genus": "Cinnyris", "species": "Cinnyris jugularis" }, "geometry": { "type": "Point", "coordinates": [ 121.04055, 14.605313 ] } },
{ "type": "Feature", "properties": { "fid": 444, "gbifID": 3677930013, "occurrenceID": "URN:catalog:CLO:EBIRD:OBS1049205936", "order": "Passeriformes", "family": "Sturnidae", "genus": "Aplonis", "species": "Aplonis panayensis" }, "geometry": { "type": "Point", "coordinates": [ 121.04265, 14.606585 ] } },
{ "type": "Feature", "properties": { "fid": 445, "gbifID": 5326234123, "occurrenceID": "URN:catalog:CLO:EBIRD:OBS1934651199", "order": "Falconiformes", "family": "Falconidae", "genus": "Falco", "species": "Falco peregrinus" }, "geometry": { "type": "Point", "coordinates": [ 121.049774, 14.57231 ] } },
{ "type": "Feature", "properties": { "fid": 446, "gbifID": 3651156547, "occurrenceID": "URN:catalog:CLO:EBIRD:OBS1082880917", "order": "Passeriformes", "family": "Pycnonotidae", "genus": "Pycnonotus", "species": "Pycnonotus goiavier" }, "geometry": { "type": "Point", "coordinates": [ 121.04677, 14.59694 ] } },
{ "type": "Feature", "properties": { "fid": 447, "gbifID": 3683623580, "occurrenceID": "URN:catalog:CLO:EBIRD:OBS1116027943", "order": "Passeriformes", "family": "Laniidae", "genus": "Lanius", "species": "Lanius cristatus" }, "geometry": { "type": "Point", "coordinates": [ 121.04109, 14.60195 ] } },
{ "type": "Feature", "properties": { "fid": 448, "gbifID": 3548563739, "occurrenceID": "URN:catalog:CLO:EBIRD:OBS1119942874", "order": "Passeriformes", "family": "Pycnonotidae", "genus": "Pycnonotus", "species": "Pycnonotus goiavier" }, "geometry": { "type": "Point", "coordinates": [ 121.04109, 14.60195 ] } },
{ "type": "Feature", "properties": { "fid": 449, "gbifID": 4267435475, "occurrenceID": "URN:catalog:CLO:EBIRD:OBS1385753886", "order": "Pelecaniformes", "family": "Ardeidae", "genus": "Egretta", "species": "Egretta garzetta" }, "geometry": { "type": "Point", "coordinates": [ 121.04728, 14.598908 ] } },
{ "type": "Feature", "properties": { "fid": 450, "gbifID": 3566566372, "occurrenceID": "URN:catalog:CLO:EBIRD:OBS1215786343", "order": "Passeriformes", "family": "Rhipiduridae", "genus": "Rhipidura", "species": "Rhipidura nigritorquis" }, "geometry": { "type": "Point", "coordinates": [ 121.04307, 14.595008 ] } },
{ "type": "Feature", "properties": { "fid": 451, "gbifID": 3670503795, "occurrenceID": "URN:catalog:CLO:EBIRD:OBS1121865202", "order": "Psittaciformes", "family": "Psittacidae", "genus": "Loriculus", "species": "Loriculus philippensis" }, "geometry": { "type": "Point", "coordinates": [ 121.02639, 14.606391 ] } },
{ "type": "Feature", "properties": { "fid": 452, "gbifID": 4365372995, "occurrenceID": "URN:catalog:CLO:EBIRD:OBS1344447027", "order": "Passeriformes", "family": "Sturnidae", "genus": "Aplonis", "species": "Aplonis panayensis" }, "geometry": { "type": "Point", "coordinates": [ 121.04728, 14.598908 ] } },
{ "type": "Feature", "properties": { "fid": 453, "gbifID": 3628687572, "occurrenceID": "URN:catalog:CLO:EBIRD:OBS1117792182", "order": "Columbiformes", "family": "Columbidae", "genus": "Geopelia", "species": "Geopelia striata" }, "geometry": { "type": "Point", "coordinates": [ 121.04109, 14.60195 ] } },
{ "type": "Feature", "properties": { "fid": 454, "gbifID": 3556987350, "occurrenceID": "URN:catalog:CLO:EBIRD:OBS1233303400", "order": "Psittaciformes", "family": "Psittacidae", "genus": "Loriculus", "species": "Loriculus philippensis" }, "geometry": { "type": "Point", "coordinates": [ 121.041954, 14.602813 ] } },
{ "type": "Feature", "properties": { "fid": 456, "gbifID": 3520067750, "occurrenceID": "URN:catalog:CLO:EBIRD:OBS1093523354", "order": "Piciformes", "family": "Megalaimidae", "genus": "Psilopogon", "species": "Psilopogon haemacephalus" }, "geometry": { "type": "Point", "coordinates": [ 121.04677, 14.59694 ] } },
{ "type": "Feature", "properties": { "fid": 457, "gbifID": 3684584783, "occurrenceID": "URN:catalog:CLO:EBIRD:OBS1116027939", "order": "Passeriformes", "family": "Estrildidae", "genus": "Lonchura", "species": "Lonchura punctulata" }, "geometry": { "type": "Point", "coordinates": [ 121.04109, 14.60195 ] } },
{ "type": "Feature", "properties": { "fid": 458, "gbifID": 3543830150, "occurrenceID": "URN:catalog:CLO:EBIRD:OBS1266508551", "order": "Passeriformes", "family": "Dicaeidae", "genus": "Dicaeum", "species": "Dicaeum australe" }, "geometry": { "type": "Point", "coordinates": [ 121.04677, 14.59694 ] } },
{ "type": "Feature", "properties": { "fid": 459, "gbifID": 4689700549, "occurrenceID": "URN:catalog:CLO:EBIRD:OBS1639025775", "order": "Columbiformes", "family": "Columbidae", "genus": "Columba", "species": "Columba livia" }, "geometry": { "type": "Point", "coordinates": [ 121.04109, 14.60195 ] } },
{ "type": "Feature", "properties": { "fid": 460, "gbifID": 3508853391, "occurrenceID": "URN:catalog:CLO:EBIRD:OBS1083433227", "order": "Piciformes", "family": "Megalaimidae", "genus": "Psilopogon", "species": "Psilopogon haemacephalus" }, "geometry": { "type": "Point", "coordinates": [ 121.051506, 14.603355 ] } },
{ "type": "Feature", "properties": { "fid": 461, "gbifID": 5522602173, "occurrenceID": "URN:catalog:CLO:EBIRD:OBS1956772188", "order": "Passeriformes", "family": "Pycnonotidae", "genus": "Pycnonotus", "species": "Pycnonotus goiavier" }, "geometry": { "type": "Point", "coordinates": [ 121.03753, 14.602924 ] } },
{ "type": "Feature", "properties": { "fid": 462, "gbifID": 4307307183, "occurrenceID": "URN:catalog:CLO:EBIRD:OBS1357342917", "order": "Passeriformes", "family": "Motacillidae", "genus": "Motacilla", "species": "Motacilla cinerea" }, "geometry": { "type": "Point", "coordinates": [ 121.04363, 14.594279 ] } },
{ "type": "Feature", "properties": { "fid": 464, "gbifID": 4620365302, "occurrenceID": "URN:catalog:CLO:EBIRD:OBS1651041426", "order": "Columbiformes", "family": "Columbidae", "genus": "Geopelia", "species": "Geopelia striata" }, "geometry": { "type": "Point", "coordinates": [ 121.05878, 14.588141 ] } },
{ "type": "Feature", "properties": { "fid": 465, "gbifID": 4796821516, "occurrenceID": "URN:catalog:CLO:EBIRD:OBS1597543441", "order": "Passeriformes", "family": "Passeridae", "genus": "Passer", "species": "Passer montanus" }, "geometry": { "type": "Point", "coordinates": [ 121.039185, 14.601851 ] } },
{ "type": "Feature", "properties": { "fid": 467, "gbifID": 3288324901, "occurrenceID": "URN:catalog:CLO:EBIRD:OBS1027283636", "order": "Columbiformes", "family": "Columbidae", "genus": "Spilopelia", "species": "Spilopelia chinensis" }, "geometry": { "type": "Point", "coordinates": [ 121.03753, 14.602924 ] } },
{ "type": "Feature", "properties": { "fid": 468, "gbifID": 4188633501, "occurrenceID": "URN:catalog:CLO:EBIRD:OBS1315916216", "order": "Passeriformes", "family": "Oriolidae", "genus": "Oriolus", "species": "Oriolus chinensis" }, "geometry": { "type": "Point", "coordinates": [ 121.03753, 14.602924 ] } },
{ "type": "Feature", "properties": { "fid": 469, "gbifID": 3267105549, "occurrenceID": "URN:catalog:CLO:EBIRD:OBS1027283645", "order": "Columbiformes", "family": "Columbidae", "genus": "Geopelia", "species": "Geopelia striata" }, "geometry": { "type": "Point", "coordinates": [ 121.03753, 14.602924 ] } },
{ "type": "Feature", "properties": { "fid": 470, "gbifID": 3151569711, "occurrenceID": "URN:catalog:CLO:EBIRD:OBS917191084", "order": "Passeriformes", "family": "Nectariniidae", "genus": "Cinnyris", "species": "Cinnyris jugularis" }, "geometry": { "type": "Point", "coordinates": [ 121.03753, 14.602924 ] } },
{ "type": "Feature", "properties": { "fid": 471, "gbifID": 4364885822, "occurrenceID": "URN:catalog:CLO:EBIRD:OBS1474633454", "order": "Piciformes", "family": "Picidae", "genus": "Yungipicus", "species": "Yungipicus maculatus" }, "geometry": { "type": "Point", "coordinates": [ 121.03708, 14.59188 ] } },
{ "type": "Feature", "properties": { "fid": 472, "gbifID": 3636629075, "occurrenceID": "URN:catalog:CLO:EBIRD:OBS1116014376", "order": "Columbiformes", "family": "Columbidae", "genus": "Columba", "species": "Columba livia" }, "geometry": { "type": "Point", "coordinates": [ 121.04109, 14.60195 ] } },
{ "type": "Feature", "properties": { "fid": 473, "gbifID": 3564771598, "occurrenceID": "URN:catalog:CLO:EBIRD:OBS1129097881", "order": "Passeriformes", "family": "Passeridae", "genus": "Passer", "species": "Passer montanus" }, "geometry": { "type": "Point", "coordinates": [ 121.038605, 14.603709 ] } },
{ "type": "Feature", "properties": { "fid": 474, "gbifID": 4194398405, "occurrenceID": "URN:catalog:CLO:EBIRD:OBS1320624416", "order": "Passeriformes", "family": "Motacillidae", "genus": "Motacilla", "species": "Motacilla cinerea" }, "geometry": { "type": "Point", "coordinates": [ 121.04109, 14.60195 ] } },
{ "type": "Feature", "properties": { "fid": 475, "gbifID": 3610247112, "occurrenceID": "URN:catalog:CLO:EBIRD:OBS1086340984", "order": "Columbiformes", "family": "Columbidae", "genus": "Geopelia", "species": "Geopelia striata" }, "geometry": { "type": "Point", "coordinates": [ 121.04677, 14.59694 ] } },
{ "type": "Feature", "properties": { "fid": 476, "gbifID": 4383494577, "occurrenceID": "URN:catalog:CLO:EBIRD:OBS1429757708", "order": "Piciformes", "family": "Picidae", "genus": "Yungipicus", "species": "Yungipicus maculatus" }, "geometry": { "type": "Point", "coordinates": [ 121.04898, 14.589453 ] } },
{ "type": "Feature", "properties": { "fid": 477, "gbifID": 3189185262, "occurrenceID": "URN:catalog:CLO:EBIRD:OBS998238271", "order": "Passeriformes", "family": "Hirundinidae", "genus": "Hirundo", "species": "Hirundo javanica" }, "geometry": { "type": "Point", "coordinates": [ 121.03753, 14.602924 ] } },
{ "type": "Feature", "properties": { "fid": 478, "gbifID": 3674240626, "occurrenceID": "URN:catalog:CLO:EBIRD:OBS1193427443", "order": "Pelecaniformes", "family": "Ardeidae", "genus": "Egretta", "species": "Egretta garzetta" }, "geometry": { "type": "Point", "coordinates": [ 121.03964, 14.576538 ] } },
{ "type": "Feature", "properties": { "fid": 479, "gbifID": 3560733676, "occurrenceID": "URN:catalog:CLO:EBIRD:OBS1251715619", "order": "Passeriformes", "family": "Zosteropidae", "genus": "Zosterops", "species": "Zosterops meyeni" }, "geometry": { "type": "Point", "coordinates": [ 121.041954, 14.602813 ] } },
{ "type": "Feature", "properties": { "fid": 480, "gbifID": 5508053440, "occurrenceID": "URN:catalog:CLO:EBIRD:OBS2552281870", "order": "Pelecaniformes", "family": "Ardeidae", "genus": "Butorides", "species": "Butorides striata" }, "geometry": { "type": "Point", "coordinates": [ 121.04906, 14.589362 ] } },
{ "type": "Feature", "properties": { "fid": 481, "gbifID": 3570675348, "occurrenceID": "URN:catalog:CLO:EBIRD:OBS1129473861", "order": "Passeriformes", "family": "Nectariniidae", "genus": "Cinnyris", "species": "Cinnyris jugularis" }, "geometry": { "type": "Point", "coordinates": [ 121.04109, 14.60195 ] } },
{ "type": "Feature", "properties": { "fid": 482, "gbifID": 5469229286, "occurrenceID": "URN:catalog:CLO:EBIRD:OBS2040682528", "order": "Passeriformes", "family": "Nectariniidae", "genus": "Cinnyris", "species": "Cinnyris jugularis" }, "geometry": { "type": "Point", "coordinates": [ 121.03203, 14.607486 ] } },
{ "type": "Feature", "properties": { "fid": 483, "gbifID": 3168302712, "occurrenceID": "URN:catalog:CLO:EBIRD:OBS915795107", "order": "Columbiformes", "family": "Columbidae", "genus": "Spilopelia", "species": "Spilopelia chinensis" }, "geometry": { "type": "Point", "coordinates": [ 121.03753, 14.602924 ] } },
{ "type": "Feature", "properties": { "fid": 484, "gbifID": 3169784421, "occurrenceID": "URN:catalog:CLO:EBIRD:OBS915632770", "order": "Passeriformes", "family": "Passeridae", "genus": "Passer", "species": "Passer montanus" }, "geometry": { "type": "Point", "coordinates": [ 121.02639, 14.606391 ] } },
{ "type": "Feature", "properties": { "fid": 485, "gbifID": 3639724533, "occurrenceID": "URN:catalog:CLO:EBIRD:OBS1220882738", "order": "Apodiformes", "family": "Apodidae", "genus": "Collocalia", "species": "Collocalia troglodytes" }, "geometry": { "type": "Point", "coordinates": [ 121.04728, 14.598908 ] } },
{ "type": "Feature", "properties": { "fid": 486, "gbifID": 3601824032, "occurrenceID": "URN:catalog:CLO:EBIRD:OBS1233303399", "order": "Piciformes", "family": "Megalaimidae", "genus": "Psilopogon", "species": "Psilopogon haemacephalus" }, "geometry": { "type": "Point", "coordinates": [ 121.041954, 14.602813 ] } },
{ "type": "Feature", "properties": { "fid": 487, "gbifID": 3618021338, "occurrenceID": "URN:catalog:CLO:EBIRD:OBS1116026402", "order": "Passeriformes", "family": "Pycnonotidae", "genus": "Pycnonotus", "species": "Pycnonotus goiavier" }, "geometry": { "type": "Point", "coordinates": [ 121.038605, 14.603709 ] } },
{ "type": "Feature", "properties": { "fid": 488, "gbifID": 3686169525, "occurrenceID": "URN:catalog:CLO:EBIRD:OBS1267079738", "order": "Coraciiformes", "family": "Alcedinidae", "genus": "Todiramphus", "species": "Todiramphus chloris" }, "geometry": { "type": "Point", "coordinates": [ 121.041954, 14.602813 ] } },
{ "type": "Feature", "properties": { "fid": 489, "gbifID": 4820771896, "occurrenceID": "URN:catalog:CLO:EBIRD:OBS1726741955", "order": "Passeriformes", "family": "Dicaeidae", "genus": "Dicaeum", "species": "Dicaeum australe" }, "geometry": { "type": "Point", "coordinates": [ 121.02679, 14.602205 ] } },
{ "type": "Feature", "properties": { "fid": 490, "gbifID": 5516062165, "occurrenceID": "URN:catalog:CLO:EBIRD:OBS1956776319", "order": "Passeriformes", "family": "Campephagidae", "genus": "Lalage", "species": "Lalage nigra" }, "geometry": { "type": "Point", "coordinates": [ 121.04055, 14.605313 ] } },
{ "type": "Feature", "properties": { "fid": 491, "gbifID": 4622816957, "occurrenceID": "URN:catalog:CLO:EBIRD:OBS1726731390", "order": "Columbiformes", "family": "Columbidae", "genus": "Geopelia", "species": "Geopelia striata" }, "geometry": { "type": "Point", "coordinates": [ 121.04109, 14.60195 ] } },
{ "type": "Feature", "properties": { "fid": 492, "gbifID": 4324512405, "occurrenceID": "URN:catalog:CLO:EBIRD:OBS1339262646", "order": "Passeriformes", "family": "Pycnonotidae", "genus": "Pycnonotus", "species": "Pycnonotus goiavier" }, "geometry": { "type": "Point", "coordinates": [ 121.03861, 14.603591 ] } },
{ "type": "Feature", "properties": { "fid": 493, "gbifID": 4644453279, "occurrenceID": "URN:catalog:CLO:EBIRD:OBS1737370504", "order": "Pelecaniformes", "family": "Ardeidae", "genus": "Botaurus", "species": null }, "geometry": { "type": "Point", "coordinates": [ 121.04898, 14.589453 ] } },
{ "type": "Feature", "properties": { "fid": 494, "gbifID": 3658741658, "occurrenceID": "URN:catalog:CLO:EBIRD:OBS1278134616", "order": "Passeriformes", "family": "Passeridae", "genus": "Passer", "species": "Passer montanus" }, "geometry": { "type": "Point", "coordinates": [ 121.04109, 14.60195 ] } },
{ "type": "Feature", "properties": { "fid": 495, "gbifID": 3651860733, "occurrenceID": "URN:catalog:CLO:EBIRD:OBS1140362942", "order": "Passeriformes", "family": "Sturnidae", "genus": "Aplonis", "species": "Aplonis panayensis" }, "geometry": { "type": "Point", "coordinates": [ 121.04044, 14.606056 ] } },
{ "type": "Feature", "properties": { "fid": 496, "gbifID": 4227142009, "occurrenceID": "URN:catalog:CLO:EBIRD:OBS1315919486", "order": "Passeriformes", "family": "Acanthizidae", "genus": "Gerygone", "species": "Gerygone sulphurea" }, "geometry": { "type": "Point", "coordinates": [ 121.04109, 14.60195 ] } },
{ "type": "Feature", "properties": { "fid": 497, "gbifID": 4228482041, "occurrenceID": "URN:catalog:CLO:EBIRD:OBS1385753891", "order": "Passeriformes", "family": "Motacillidae", "genus": "Motacilla", "species": "Motacilla cinerea" }, "geometry": { "type": "Point", "coordinates": [ 121.04728, 14.598908 ] } },
{ "type": "Feature", "properties": { "fid": 498, "gbifID": 4195496623, "occurrenceID": "URN:catalog:CLO:EBIRD:OBS1357342907", "order": "Columbiformes", "family": "Columbidae", "genus": "Columba", "species": "Columba livia" }, "geometry": { "type": "Point", "coordinates": [ 121.04363, 14.594279 ] } },
{ "type": "Feature", "properties": { "fid": 499, "gbifID": 3508882808, "occurrenceID": "URN:catalog:CLO:EBIRD:OBS1085779977", "order": "Gruiformes", "family": "Rallidae", "genus": "Amaurornis", "species": "Amaurornis phoenicurus" }, "geometry": { "type": "Point", "coordinates": [ 121.04109, 14.60195 ] } },
{ "type": "Feature", "properties": { "fid": 500, "gbifID": 3508029259, "occurrenceID": "URN:catalog:CLO:EBIRD:OBS1073368673", "order": "Columbiformes", "family": "Columbidae", "genus": "Spilopelia", "species": "Spilopelia chinensis" }, "geometry": { "type": "Point", "coordinates": [ 121.04677, 14.59694 ] } },
{ "type": "Feature", "properties": { "fid": 501, "gbifID": 3510544674, "occurrenceID": "URN:catalog:CLO:EBIRD:OBS1073368669", "order": "Passeriformes", "family": "Artamidae", "genus": "Artamus", "species": "Artamus leucorhynchos" }, "geometry": { "type": "Point", "coordinates": [ 121.04677, 14.59694 ] } },
{ "type": "Feature", "properties": { "fid": 502, "gbifID": 3655054299, "occurrenceID": "URN:catalog:CLO:EBIRD:OBS1242471485", "order": "Columbiformes", "family": "Columbidae", "genus": "Columba", "species": "Columba livia" }, "geometry": { "type": "Point", "coordinates": [ 121.041954, 14.602813 ] } },
{ "type": "Feature", "properties": { "fid": 503, "gbifID": 3174281843, "occurrenceID": "URN:catalog:CLO:EBIRD:OBS915795108", "order": "Passeriformes", "family": "Pycnonotidae", "genus": "Pycnonotus", "species": "Pycnonotus goiavier" }, "geometry": { "type": "Point", "coordinates": [ 121.03753, 14.602924 ] } },
{ "type": "Feature", "properties": { "fid": 504, "gbifID": 4231144218, "occurrenceID": "URN:catalog:CLO:EBIRD:OBS1357358288", "order": "Passeriformes", "family": "Passeridae", "genus": "Passer", "species": "Passer montanus" }, "geometry": { "type": "Point", "coordinates": [ 121.04898, 14.589453 ] } },
{ "type": "Feature", "properties": { "fid": 506, "gbifID": 4807910134, "occurrenceID": "URN:catalog:CLO:EBIRD:OBS1895417514", "order": "Columbiformes", "family": "Columbidae", "genus": "Geopelia", "species": "Geopelia striata" }, "geometry": { "type": "Point", "coordinates": [ 121.041985, 14.595222 ] } },
{ "type": "Feature", "properties": { "fid": 507, "gbifID": 3147865976, "occurrenceID": "URN:catalog:CLO:EBIRD:OBS855597543", "order": "Columbiformes", "family": "Columbidae", "genus": "Columba", "species": "Columba livia" }, "geometry": { "type": "Point", "coordinates": [ 121.057045, 14.589503 ] } },
{ "type": "Feature", "properties": { "fid": 508, "gbifID": 3540398785, "occurrenceID": "URN:catalog:CLO:EBIRD:OBS1121887082", "order": "Passeriformes", "family": "Rhipiduridae", "genus": "Rhipidura", "species": "Rhipidura nigritorquis" }, "geometry": { "type": "Point", "coordinates": [ 121.02639, 14.606391 ] } },
{ "type": "Feature", "properties": { "fid": 510, "gbifID": 3511124214, "occurrenceID": "URN:catalog:CLO:EBIRD:OBS1095984213", "order": "Passeriformes", "family": "Passeridae", "genus": "Passer", "species": "Passer montanus" }, "geometry": { "type": "Point", "coordinates": [ 121.03964, 14.576538 ] } },
{ "type": "Feature", "properties": { "fid": 511, "gbifID": 3534301570, "occurrenceID": "URN:catalog:CLO:EBIRD:OBS1111248989", "order": "Passeriformes", "family": "Dicaeidae", "genus": "Dicaeum", "species": "Dicaeum australe" }, "geometry": { "type": "Point", "coordinates": [ 121.04109, 14.60195 ] } },
{ "type": "Feature", "properties": { "fid": 512, "gbifID": 3574848462, "occurrenceID": "URN:catalog:CLO:EBIRD:OBS1241362939", "order": "Passeriformes", "family": "Laniidae", "genus": "Lanius", "species": "Lanius cristatus" }, "geometry": { "type": "Point", "coordinates": [ 121.041954, 14.602813 ] } },
{ "type": "Feature", "properties": { "fid": 513, "gbifID": 4654755569, "occurrenceID": "URN:catalog:CLO:EBIRD:OBS1726712706", "order": "Passeriformes", "family": "Nectariniidae", "genus": "Cinnyris", "species": "Cinnyris jugularis" }, "geometry": { "type": "Point", "coordinates": [ 121.04109, 14.60195 ] } },
{ "type": "Feature", "properties": { "fid": 514, "gbifID": 4721548169, "occurrenceID": "URN:catalog:CLO:EBIRD:OBS1833420638", "order": "Passeriformes", "family": "Passeridae", "genus": "Passer", "species": "Passer montanus" }, "geometry": { "type": "Point", "coordinates": [ 121.03081, 14.60444 ] } },
{ "type": "Feature", "properties": { "fid": 515, "gbifID": 3581164941, "occurrenceID": "URN:catalog:CLO:EBIRD:OBS1216853747", "order": "Passeriformes", "family": "Nectariniidae", "genus": "Cinnyris", "species": "Cinnyris jugularis" }, "geometry": { "type": "Point", "coordinates": [ 121.04109, 14.60195 ] } },
{ "type": "Feature", "properties": { "fid": 516, "gbifID": 3647266449, "occurrenceID": "URN:catalog:CLO:EBIRD:OBS1219817906", "order": "Columbiformes", "family": "Columbidae", "genus": "Spilopelia", "species": "Spilopelia chinensis" }, "geometry": { "type": "Point", "coordinates": [ 121.04728, 14.598908 ] } },
{ "type": "Feature", "properties": { "fid": 517, "gbifID": 3596802575, "occurrenceID": "URN:catalog:CLO:EBIRD:OBS1081535129", "order": "Passeriformes", "family": "Passeridae", "genus": "Passer", "species": "Passer montanus" }, "geometry": { "type": "Point", "coordinates": [ 121.03964, 14.576538 ] } },
{ "type": "Feature", "properties": { "fid": 518, "gbifID": 3541372566, "occurrenceID": "URN:catalog:CLO:EBIRD:OBS1129473869", "order": "Columbiformes", "family": "Columbidae", "genus": "Columba", "species": "Columba livia" }, "geometry": { "type": "Point", "coordinates": [ 121.038605, 14.603709 ] } },
{ "type": "Feature", "properties": { "fid": 519, "gbifID": 3619799285, "occurrenceID": "URN:catalog:CLO:EBIRD:OBS1165842387", "order": "Columbiformes", "family": "Columbidae", "genus": "Spilopelia", "species": "Spilopelia chinensis" }, "geometry": { "type": "Point", "coordinates": [ 121.04109, 14.60195 ] } },
{ "type": "Feature", "properties": { "fid": 520, "gbifID": 5345073469, "occurrenceID": "URN:catalog:CLO:EBIRD:OBS1956750315", "order": "Passeriformes", "family": "Oriolidae", "genus": "Oriolus", "species": "Oriolus chinensis" }, "geometry": { "type": "Point", "coordinates": [ 121.04055, 14.605313 ] } },
{ "type": "Feature", "properties": { "fid": 521, "gbifID": 4207550855, "occurrenceID": "URN:catalog:CLO:EBIRD:OBS1339265334", "order": "Passeriformes", "family": "Nectariniidae", "genus": "Cinnyris", "species": "Cinnyris jugularis" }, "geometry": { "type": "Point", "coordinates": [ 121.04109, 14.60195 ] } },
{ "type": "Feature", "properties": { "fid": 522, "gbifID": 4664614164, "occurrenceID": "URN:catalog:CLO:EBIRD:OBS1639025161", "order": "Passeriformes", "family": "Oriolidae", "genus": "Oriolus", "species": "Oriolus chinensis" }, "geometry": { "type": "Point", "coordinates": [ 121.04109, 14.60195 ] } },
{ "type": "Feature", "properties": { "fid": 524, "gbifID": 5557714300, "occurrenceID": "URN:catalog:CLO:EBIRD:OBS2566707211", "order": "Passeriformes", "family": "Sturnidae", "genus": "Agropsar", "species": "Agropsar philippensis" }, "geometry": { "type": "Point", "coordinates": [ 121.031654, 14.611538 ] } },
{ "type": "Feature", "properties": { "fid": 525, "gbifID": 3150974936, "occurrenceID": "URN:catalog:CLO:EBIRD:OBS920391203", "order": "Columbiformes", "family": "Columbidae", "genus": "Spilopelia", "species": "Spilopelia chinensis" }, "geometry": { "type": "Point", "coordinates": [ 121.03753, 14.602924 ] } },
{ "type": "Feature", "properties": { "fid": 526, "gbifID": 3285170826, "occurrenceID": "URN:catalog:CLO:EBIRD:OBS996913143", "order": "Passeriformes", "family": "Dicaeidae", "genus": "Dicaeum", "species": "Dicaeum australe" }, "geometry": { "type": "Point", "coordinates": [ 121.03753, 14.602924 ] } },
{ "type": "Feature", "properties": { "fid": 527, "gbifID": 3599496305, "occurrenceID": "URN:catalog:CLO:EBIRD:OBS1103447745", "order": "Pelecaniformes", "family": "Ardeidae", "genus": "Egretta", "species": "Egretta garzetta" }, "geometry": { "type": "Point", "coordinates": [ 121.04109, 14.60195 ] } },
{ "type": "Feature", "properties": { "fid": 528, "gbifID": 3561374836, "occurrenceID": "URN:catalog:CLO:EBIRD:OBS1129473866", "order": "Coraciiformes", "family": "Alcedinidae", "genus": "Todiramphus", "species": "Todiramphus chloris" }, "geometry": { "type": "Point", "coordinates": [ 121.04109, 14.60195 ] } },
{ "type": "Feature", "properties": { "fid": 529, "gbifID": 3578196537, "occurrenceID": "URN:catalog:CLO:EBIRD:OBS1246521926", "order": "Passeriformes", "family": "Nectariniidae", "genus": "Cinnyris", "species": "Cinnyris jugularis" }, "geometry": { "type": "Point", "coordinates": [ 121.04728, 14.598908 ] } },
{ "type": "Feature", "properties": { "fid": 530, "gbifID": 4698332483, "occurrenceID": "URN:catalog:CLO:EBIRD:OBS1639025777", "order": "Passeriformes", "family": "Laniidae", "genus": "Lanius", "species": "Lanius cristatus" }, "geometry": { "type": "Point", "coordinates": [ 121.04109, 14.60195 ] } },
{ "type": "Feature", "properties": { "fid": 532, "gbifID": 4609699819, "occurrenceID": "URN:catalog:CLO:EBIRD:OBS1800847856", "order": "Columbiformes", "family": "Columbidae", "genus": "Spilopelia", "species": "Spilopelia chinensis" }, "geometry": { "type": "Point", "coordinates": [ 121.03753, 14.602924 ] } },
{ "type": "Feature", "properties": { "fid": 533, "gbifID": 4342732736, "occurrenceID": "URN:catalog:CLO:EBIRD:OBS1479578041", "order": "Passeriformes", "family": "Rhipiduridae", "genus": "Rhipidura", "species": "Rhipidura nigritorquis" }, "geometry": { "type": "Point", "coordinates": [ 121.05737, 14.588144 ] } },
{ "type": "Feature", "properties": { "fid": 534, "gbifID": 5522040551, "occurrenceID": "URN:catalog:CLO:EBIRD:OBS1956764494", "order": "Coraciiformes", "family": "Alcedinidae", "genus": "Todiramphus", "species": "Todiramphus chloris" }, "geometry": { "type": "Point", "coordinates": [ 121.04055, 14.605313 ] } },
{ "type": "Feature", "properties": { "fid": 535, "gbifID": 3152909820, "occurrenceID": "URN:catalog:CLO:EBIRD:OBS917191082", "order": "Piciformes", "family": "Megalaimidae", "genus": "Psilopogon", "species": "Psilopogon haemacephalus" }, "geometry": { "type": "Point", "coordinates": [ 121.03753, 14.602924 ] } },
{ "type": "Feature", "properties": { "fid": 537, "gbifID": 3551704854, "occurrenceID": "URN:catalog:CLO:EBIRD:OBS1073190941", "order": "Columbiformes", "family": "Columbidae", "genus": "Columba", "species": "Columba livia" }, "geometry": { "type": "Point", "coordinates": [ 121.04677, 14.59694 ] } },
{ "type": "Feature", "properties": { "fid": 538, "gbifID": 3628659521, "occurrenceID": "URN:catalog:CLO:EBIRD:OBS1145763445", "order": "Piciformes", "family": "Picidae", "genus": "Yungipicus", "species": "Yungipicus maculatus" }, "geometry": { "type": "Point", "coordinates": [ 121.04109, 14.60195 ] } },
{ "type": "Feature", "properties": { "fid": 539, "gbifID": 3629261578, "occurrenceID": "URN:catalog:CLO:EBIRD:OBS1220882731", "order": "Passeriformes", "family": "Passeridae", "genus": "Passer", "species": "Passer montanus" }, "geometry": { "type": "Point", "coordinates": [ 121.04728, 14.598908 ] } },
{ "type": "Feature", "properties": { "fid": 540, "gbifID": 5578200686, "occurrenceID": "URN:catalog:CLO:EBIRD:OBS2552281874", "order": "Accipitriformes", "family": "Accipitridae", "genus": "Spilornis", "species": "Spilornis holospilus" }, "geometry": { "type": "Point", "coordinates": [ 121.04906, 14.589362 ] } },
{ "type": "Feature", "properties": { "fid": 541, "gbifID": 3638194015, "occurrenceID": "URN:catalog:CLO:EBIRD:OBS1222162986", "order": "Apodiformes", "family": "Apodidae", "genus": "Collocalia", "species": "Collocalia troglodytes" }, "geometry": { "type": "Point", "coordinates": [ 121.04728, 14.598908 ] } },
{ "type": "Feature", "properties": { "fid": 543, "gbifID": 5587491459, "occurrenceID": "URN:catalog:CLO:EBIRD:OBS2527578498", "order": "Passeriformes", "family": "Pycnonotidae", "genus": "Pycnonotus", "species": "Pycnonotus goiavier" }, "geometry": { "type": "Point", "coordinates": [ 121.05737, 14.588144 ] } },
{ "type": "Feature", "properties": { "fid": 544, "gbifID": 5647833488, "occurrenceID": "URN:catalog:CLO:EBIRD:OBS2540247942", "order": "Coraciiformes", "family": "Alcedinidae", "genus": "Todiramphus", "species": "Todiramphus chloris" }, "geometry": { "type": "Point", "coordinates": [ 121.04055, 14.605313 ] } },
{ "type": "Feature", "properties": { "fid": 545, "gbifID": 3691122056, "occurrenceID": "URN:catalog:CLO:EBIRD:OBS1267079744", "order": "Passeriformes", "family": "Sturnidae", "genus": "Aplonis", "species": "Aplonis panayensis" }, "geometry": { "type": "Point", "coordinates": [ 121.041954, 14.602813 ] } },
{ "type": "Feature", "properties": { "fid": 546, "gbifID": 4300769963, "occurrenceID": "URN:catalog:CLO:EBIRD:OBS1430310168", "order": "Passeriformes", "family": "Estrildidae", "genus": "Lonchura", "species": "Lonchura punctulata" }, "geometry": { "type": "Point", "coordinates": [ 121.04898, 14.589453 ] } },
{ "type": "Feature", "properties": { "fid": 547, "gbifID": 4364653351, "occurrenceID": "URN:catalog:CLO:EBIRD:OBS1385753895", "order": "Passeriformes", "family": "Oriolidae", "genus": "Oriolus", "species": "Oriolus chinensis" }, "geometry": { "type": "Point", "coordinates": [ 121.04728, 14.598908 ] } },
{ "type": "Feature", "properties": { "fid": 550, "gbifID": 3243881951, "occurrenceID": "URN:catalog:CLO:EBIRD:OBS862813322", "order": "Passeriformes", "family": "Campephagidae", "genus": "Lalage", "species": "Lalage nigra" }, "geometry": { "type": "Point", "coordinates": [ 121.05737, 14.588144 ] } },
{ "type": "Feature", "properties": { "fid": 551, "gbifID": 4648066727, "occurrenceID": "URN:catalog:CLO:EBIRD:OBS1837039406", "order": "Columbiformes", "family": "Columbidae", "genus": "Geopelia", "species": "Geopelia striata" }, "geometry": { "type": "Point", "coordinates": [ 121.05878, 14.588141 ] } },
{ "type": "Feature", "properties": { "fid": 552, "gbifID": 3512271802, "occurrenceID": "URN:catalog:CLO:EBIRD:OBS1111248992", "order": "Columbiformes", "family": "Columbidae", "genus": "Spilopelia", "species": "Spilopelia chinensis" }, "geometry": { "type": "Point", "coordinates": [ 121.04109, 14.60195 ] } },
{ "type": "Feature", "properties": { "fid": 553, "gbifID": 3513277960, "occurrenceID": "URN:catalog:CLO:EBIRD:OBS1111248994", "order": "Pelecaniformes", "family": "Ardeidae", "genus": "Nycticorax", "species": "Nycticorax caledonicus" }, "geometry": { "type": "Point", "coordinates": [ 121.04109, 14.60195 ] } },
{ "type": "Feature", "properties": { "fid": 555, "gbifID": 4214204108, "occurrenceID": "URN:catalog:CLO:EBIRD:OBS1361347059", "order": "Passeriformes", "family": "Rhipiduridae", "genus": "Rhipidura", "species": "Rhipidura nigritorquis" }, "geometry": { "type": "Point", "coordinates": [ 121.038605, 14.603709 ] } },
{ "type": "Feature", "properties": { "fid": 556, "gbifID": 3581186130, "occurrenceID": "URN:catalog:CLO:EBIRD:OBS1233284425", "order": "Passeriformes", "family": "Passeridae", "genus": "Passer", "species": "Passer montanus" }, "geometry": { "type": "Point", "coordinates": [ 121.04109, 14.60195 ] } },
{ "type": "Feature", "properties": { "fid": 557, "gbifID": 4317508157, "occurrenceID": "URN:catalog:CLO:EBIRD:OBS1320624412", "order": "Passeriformes", "family": "Laniidae", "genus": "Lanius", "species": "Lanius cristatus" }, "geometry": { "type": "Point", "coordinates": [ 121.04109, 14.60195 ] } },
{ "type": "Feature", "properties": { "fid": 558, "gbifID": 5357357587, "occurrenceID": "URN:catalog:CLO:EBIRD:OBS2370318778", "order": "Columbiformes", "family": "Columbidae", "genus": "Columba", "species": "Columba livia" }, "geometry": { "type": "Point", "coordinates": [ 121.05878, 14.588141 ] } },
{ "type": "Feature", "properties": { "fid": 559, "gbifID": 3657724199, "occurrenceID": "URN:catalog:CLO:EBIRD:OBS1234561855", "order": "Passeriformes", "family": "Sturnidae", "genus": "Aplonis", "species": "Aplonis panayensis" }, "geometry": { "type": "Point", "coordinates": [ 121.03771, 14.606191 ] } },
{ "type": "Feature", "properties": { "fid": 561, "gbifID": 4824640121, "occurrenceID": "URN:catalog:CLO:EBIRD:OBS1924803385", "order": "Apodiformes", "family": "Apodidae", "genus": "Collocalia", "species": "Collocalia marginata" }, "geometry": { "type": "Point", "coordinates": [ 121.05964, 14.584772 ] } },
{ "type": "Feature", "properties": { "fid": 562, "gbifID": 3691798655, "occurrenceID": "URN:catalog:CLO:EBIRD:OBS1116027946", "order": "Coraciiformes", "family": "Alcedinidae", "genus": "Todiramphus", "species": "Todiramphus chloris" }, "geometry": { "type": "Point", "coordinates": [ 121.04109, 14.60195 ] } },
{ "type": "Feature", "properties": { "fid": 563, "gbifID": 3638911577, "occurrenceID": "URN:catalog:CLO:EBIRD:OBS1222162984", "order": "Piciformes", "family": "Picidae", "genus": "Yungipicus", "species": "Yungipicus maculatus" }, "geometry": { "type": "Point", "coordinates": [ 121.04728, 14.598908 ] } },
{ "type": "Feature", "properties": { "fid": 564, "gbifID": 3686608973, "occurrenceID": "URN:catalog:CLO:EBIRD:OBS1251721840", "order": "Coraciiformes", "family": "Alcedinidae", "genus": "Alcedo", "species": "Alcedo atthis" }, "geometry": { "type": "Point", "coordinates": [ 121.04109, 14.60195 ] } },
{ "type": "Feature", "properties": { "fid": 565, "gbifID": 5393363406, "occurrenceID": "URN:catalog:CLO:EBIRD:OBS1956776300", "order": "Psittaciformes", "family": "Psittacidae", "genus": "Loriculus", "species": "Loriculus philippensis" }, "geometry": { "type": "Point", "coordinates": [ 121.04055, 14.605313 ] } },
{ "type": "Feature", "properties": { "fid": 566, "gbifID": 5609937732, "occurrenceID": "URN:catalog:CLO:EBIRD:OBS1956776298", "order": "Columbiformes", "family": "Columbidae", "genus": "Geopelia", "species": "Geopelia striata" }, "geometry": { "type": "Point", "coordinates": [ 121.04055, 14.605313 ] } },
{ "type": "Feature", "properties": { "fid": 568, "gbifID": 4659824732, "occurrenceID": "URN:catalog:CLO:EBIRD:OBS1895417508", "order": "Coraciiformes", "family": "Alcedinidae", "genus": "Todiramphus", "species": "Todiramphus chloris" }, "geometry": { "type": "Point", "coordinates": [ 121.041985, 14.595222 ] } },
{ "type": "Feature", "properties": { "fid": 569, "gbifID": 4278148861, "occurrenceID": "URN:catalog:CLO:EBIRD:OBS1429752895", "order": "Passeriformes", "family": "Zosteropidae", "genus": "Zosterops", "species": "Zosterops meyeni" }, "geometry": { "type": "Point", "coordinates": [ 121.04898, 14.589453 ] } },
{ "type": "Feature", "properties": { "fid": 571, "gbifID": 4211788728, "occurrenceID": "URN:catalog:CLO:EBIRD:OBS1357342911", "order": "Passeriformes", "family": "Zosteropidae", "genus": "Zosterops", "species": "Zosterops meyeni" }, "geometry": { "type": "Point", "coordinates": [ 121.04363, 14.594279 ] } },
{ "type": "Feature", "properties": { "fid": 572, "gbifID": 3588616640, "occurrenceID": "URN:catalog:CLO:EBIRD:OBS1091761603", "order": "Passeriformes", "family": "Corvidae", "genus": "Corvus", "species": null }, "geometry": { "type": "Point", "coordinates": [ 121.04677, 14.59694 ] } },
{ "type": "Feature", "properties": { "fid": 573, "gbifID": 3666299328, "occurrenceID": "URN:catalog:CLO:EBIRD:OBS1119956131", "order": "Passeriformes", "family": "Acanthizidae", "genus": "Gerygone", "species": "Gerygone sulphurea" }, "geometry": { "type": "Point", "coordinates": [ 121.04109, 14.60195 ] } },
{ "type": "Feature", "properties": { "fid": 574, "gbifID": 4358963317, "occurrenceID": "URN:catalog:CLO:EBIRD:OBS1471809735", "order": "Passeriformes", "family": "Acanthizidae", "genus": "Gerygone", "species": "Gerygone sulphurea" }, "geometry": { "type": "Point", "coordinates": [ 121.03708, 14.59188 ] } },
{ "type": "Feature", "properties": { "fid": 575, "gbifID": 3669276890, "occurrenceID": "URN:catalog:CLO:EBIRD:OBS1121876298", "order": "Coraciiformes", "family": "Meropidae", "genus": "Merops", "species": "Merops philippinus" }, "geometry": { "type": "Point", "coordinates": [ 121.02639, 14.606391 ] } },
{ "type": "Feature", "properties": { "fid": 576, "gbifID": 4198358358, "occurrenceID": "URN:catalog:CLO:EBIRD:OBS1339265337", "order": "Passeriformes", "family": "Acanthizidae", "genus": "Gerygone", "species": "Gerygone sulphurea" }, "geometry": { "type": "Point", "coordinates": [ 121.04109, 14.60195 ] } },
{ "type": "Feature", "properties": { "fid": 577, "gbifID": 3547337093, "occurrenceID": "URN:catalog:CLO:EBIRD:OBS1266508562", "order": "Columbiformes", "family": "Columbidae", "genus": "Geopelia", "species": "Geopelia striata" }, "geometry": { "type": "Point", "coordinates": [ 121.04677, 14.59694 ] } },
{ "type": "Feature", "properties": { "fid": 578, "gbifID": 3270558063, "occurrenceID": "URN:catalog:CLO:EBIRD:OBS917442667", "order": "Psittaciformes", "family": "Psittacidae", "genus": "Loriculus", "species": "Loriculus philippensis" }, "geometry": { "type": "Point", "coordinates": [ 121.03753, 14.602924 ] } },
{ "type": "Feature", "properties": { "fid": 579, "gbifID": 3589821082, "occurrenceID": "URN:catalog:CLO:EBIRD:OBS1099637910", "order": "Passeriformes", "family": "Hirundinidae", "genus": "Hirundo", "species": "Hirundo rustica" }, "geometry": { "type": "Point", "coordinates": [ 121.04109, 14.60195 ] } },
{ "type": "Feature", "properties": { "fid": 580, "gbifID": 3675467232, "occurrenceID": "URN:catalog:CLO:EBIRD:OBS1117992332", "order": "Passeriformes", "family": "Laniidae", "genus": "Lanius", "species": "Lanius cristatus" }, "geometry": { "type": "Point", "coordinates": [ 121.04044, 14.606056 ] } },
{ "type": "Feature", "properties": { "fid": 581, "gbifID": 4222888513, "occurrenceID": "URN:catalog:CLO:EBIRD:OBS1518646405", "order": "Piciformes", "family": "Megalaimidae", "genus": "Psilopogon", "species": "Psilopogon haemacephalus" }, "geometry": { "type": "Point", "coordinates": [ 121.04677, 14.59694 ] } },
{ "type": "Feature", "properties": { "fid": 583, "gbifID": 3593519865, "occurrenceID": "URN:catalog:CLO:EBIRD:OBS1132503820", "order": "Psittaciformes", "family": "Psittacidae", "genus": "Loriculus", "species": "Loriculus philippensis" }, "geometry": { "type": "Point", "coordinates": [ 121.040436, 14.605678 ] } },
{ "type": "Feature", "properties": { "fid": 585, "gbifID": 4317988011, "occurrenceID": "URN:catalog:CLO:EBIRD:OBS1429755155", "order": "Passeriformes", "family": "Pycnonotidae", "genus": "Pycnonotus", "species": "Pycnonotus goiavier" }, "geometry": { "type": "Point", "coordinates": [ 121.04898, 14.589453 ] } },
{ "type": "Feature", "properties": { "fid": 586, "gbifID": 3205520360, "occurrenceID": "URN:catalog:CLO:EBIRD:OBS1008206974", "order": "Piciformes", "family": "Picidae", "genus": "Yungipicus", "species": "Yungipicus maculatus" }, "geometry": { "type": "Point", "coordinates": [ 121.04898, 14.589453 ] } },
{ "type": "Feature", "properties": { "fid": 587, "gbifID": 3588908090, "occurrenceID": "URN:catalog:CLO:EBIRD:OBS1086333256", "order": "Passeriformes", "family": "Laniidae", "genus": "Lanius", "species": "Lanius cristatus" }, "geometry": { "type": "Point", "coordinates": [ 121.04677, 14.59694 ] } },
{ "type": "Feature", "properties": { "fid": 588, "gbifID": 3662026312, "occurrenceID": "URN:catalog:CLO:EBIRD:OBS1274963879", "order": "Coraciiformes", "family": "Alcedinidae", "genus": "Alcedo", "species": "Alcedo atthis" }, "geometry": { "type": "Point", "coordinates": [ 121.041954, 14.602813 ] } },
{ "type": "Feature", "properties": { "fid": 589, "gbifID": 3591987965, "occurrenceID": "URN:catalog:CLO:EBIRD:OBS1111341790", "order": "Passeriformes", "family": "Passeridae", "genus": "Passer", "species": "Passer montanus" }, "geometry": { "type": "Point", "coordinates": [ 121.03771, 14.606191 ] } },
{ "type": "Feature", "properties": { "fid": 590, "gbifID": 3538762470, "occurrenceID": "URN:catalog:CLO:EBIRD:OBS1274966286", "order": "Pelecaniformes", "family": "Ardeidae", "genus": "Nycticorax", "species": "Nycticorax nycticorax" }, "geometry": { "type": "Point", "coordinates": [ 121.041954, 14.602813 ] } },
{ "type": "Feature", "properties": { "fid": 591, "gbifID": 3678437722, "occurrenceID": "URN:catalog:CLO:EBIRD:OBS1073188627", "order": "Psittaciformes", "family": "Psittacidae", "genus": "Loriculus", "species": "Loriculus philippensis" }, "geometry": { "type": "Point", "coordinates": [ 121.04677, 14.59694 ] } },
{ "type": "Feature", "properties": { "fid": 592, "gbifID": 3638198058, "occurrenceID": "URN:catalog:CLO:EBIRD:OBS1212607148", "order": "Passeriformes", "family": "Pycnonotidae", "genus": "Pycnonotus", "species": "Pycnonotus goiavier" }, "geometry": { "type": "Point", "coordinates": [ 121.04044, 14.606056 ] } },
{ "type": "Feature", "properties": { "fid": 593, "gbifID": 4184022410, "occurrenceID": "URN:catalog:CLO:EBIRD:OBS1313293448", "order": "Gruiformes", "family": "Rallidae", "genus": "Amaurornis", "species": "Amaurornis phoenicurus" }, "geometry": { "type": "Point", "coordinates": [ 121.04044, 14.606056 ] } },
{ "type": "Feature", "properties": { "fid": 594, "gbifID": 4213078211, "occurrenceID": "URN:catalog:CLO:EBIRD:OBS1339265330", "order": "Passeriformes", "family": "Passeridae", "genus": "Passer", "species": "Passer montanus" }, "geometry": { "type": "Point", "coordinates": [ 121.04109, 14.60195 ] } },
{ "type": "Feature", "properties": { "fid": 595, "gbifID": 5409373058, "occurrenceID": "URN:catalog:CLO:EBIRD:OBS1953183284", "order": "Passeriformes", "family": "Hirundinidae", "genus": "Cecropis", "species": "Cecropis daurica" }, "geometry": { "type": "Point", "coordinates": [ 121.04774, 14.589665 ] } },
{ "type": "Feature", "properties": { "fid": 596, "gbifID": 3621149872, "occurrenceID": "URN:catalog:CLO:EBIRD:OBS1165842386", "order": "Piciformes", "family": "Megalaimidae", "genus": "Psilopogon", "species": "Psilopogon haemacephalus" }, "geometry": { "type": "Point", "coordinates": [ 121.04109, 14.60195 ] } },
{ "type": "Feature", "properties": { "fid": 597, "gbifID": 5301045937, "occurrenceID": "URN:catalog:CLO:EBIRD:OBS1956775081", "order": "Passeriformes", "family": "Sturnidae", "genus": "Aplonis", "species": "Aplonis panayensis" }, "geometry": { "type": "Point", "coordinates": [ 121.04055, 14.605313 ] } },
{ "type": "Feature", "properties": { "fid": 598, "gbifID": 3229676040, "occurrenceID": "URN:catalog:CLO:EBIRD:OBS933608504", "order": "Columbiformes", "family": "Columbidae", "genus": "Columba", "species": "Columba livia" }, "geometry": { "type": "Point", "coordinates": [ 121.05384, 14.579544 ] } },
{ "type": "Feature", "properties": { "fid": 599, "gbifID": 4362595933, "occurrenceID": "URN:catalog:CLO:EBIRD:OBS1466546095", "order": "Passeriformes", "family": "Artamidae", "genus": "Artamus", "species": "Artamus leucorhynchos" }, "geometry": { "type": "Point", "coordinates": [ 121.03708, 14.59188 ] } },
{ "type": "Feature", "properties": { "fid": 600, "gbifID": 3505967634, "occurrenceID": "URN:catalog:CLO:EBIRD:OBS1073368666", "order": "Piciformes", "family": "Picidae", "genus": "Yungipicus", "species": "Yungipicus maculatus" }, "geometry": { "type": "Point", "coordinates": [ 121.04677, 14.59694 ] } },
{ "type": "Feature", "properties": { "fid": 603, "gbifID": 4750689240, "occurrenceID": "URN:catalog:CLO:EBIRD:OBS1726712711", "order": "Passeriformes", "family": "Hirundinidae", "genus": "Hirundo", "species": "Hirundo javanica" }, "geometry": { "type": "Point", "coordinates": [ 121.04109, 14.60195 ] } },
{ "type": "Feature", "properties": { "fid": 604, "gbifID": 4351247558, "occurrenceID": "URN:catalog:CLO:EBIRD:OBS1470627198", "order": "Apodiformes", "family": "Apodidae", "genus": "Collocalia", "species": "Collocalia marginata" }, "geometry": { "type": "Point", "coordinates": [ 121.03708, 14.59188 ] } },
{ "type": "Feature", "properties": { "fid": 606, "gbifID": 3152072619, "occurrenceID": "URN:catalog:CLO:EBIRD:OBS920391198", "order": "Passeriformes", "family": "Rhipiduridae", "genus": "Rhipidura", "species": "Rhipidura nigritorquis" }, "geometry": { "type": "Point", "coordinates": [ 121.03753, 14.602924 ] } },
{ "type": "Feature", "properties": { "fid": 607, "gbifID": 4777789548, "occurrenceID": "URN:catalog:CLO:EBIRD:OBS1629820300", "order": "Passeriformes", "family": "Laniidae", "genus": "Lanius", "species": "Lanius cristatus" }, "geometry": { "type": "Point", "coordinates": [ 121.04297, 14.594615 ] } },
{ "type": "Feature", "properties": { "fid": 608, "gbifID": 5540903321, "occurrenceID": "URN:catalog:CLO:EBIRD:OBS1954981489", "order": "Apodiformes", "family": "Apodidae", "genus": "Collocalia", "species": "Collocalia marginata" }, "geometry": { "type": "Point", "coordinates": [ 121.05694, 14.590089 ] } },
{ "type": "Feature", "properties": { "fid": 609, "gbifID": 3520150718, "occurrenceID": "URN:catalog:CLO:EBIRD:OBS1095981548", "order": "Columbiformes", "family": "Columbidae", "genus": "Columba", "species": "Columba livia" }, "geometry": { "type": "Point", "coordinates": [ 121.03964, 14.576538 ] } },
{ "type": "Feature", "properties": { "fid": 610, "gbifID": 3159813700, "occurrenceID": "URN:catalog:CLO:EBIRD:OBS934973643", "order": "Passeriformes", "family": "Passeridae", "genus": "Passer", "species": "Passer montanus" }, "geometry": { "type": "Point", "coordinates": [ 121.05384, 14.579544 ] } },
{ "type": "Feature", "properties": { "fid": 611, "gbifID": 4677840846, "occurrenceID": "URN:catalog:CLO:EBIRD:OBS1639025171", "order": "Pelecaniformes", "family": "Ardeidae", "genus": "Egretta", "species": "Egretta garzetta" }, "geometry": { "type": "Point", "coordinates": [ 121.04109, 14.60195 ] } },
{ "type": "Feature", "properties": { "fid": 612, "gbifID": 4376847505, "occurrenceID": "URN:catalog:CLO:EBIRD:OBS1385753884", "order": "Passeriformes", "family": "Rhipiduridae", "genus": "Rhipidura", "species": "Rhipidura nigritorquis" }, "geometry": { "type": "Point", "coordinates": [ 121.04728, 14.598908 ] } },
{ "type": "Feature", "properties": { "fid": 613, "gbifID": 4250607264, "occurrenceID": "URN:catalog:CLO:EBIRD:OBS1467264193", "order": "Passeriformes", "family": "Pycnonotidae", "genus": "Pycnonotus", "species": "Pycnonotus goiavier" }, "geometry": { "type": "Point", "coordinates": [ 121.03708, 14.59188 ] } },
{ "type": "Feature", "properties": { "fid": 614, "gbifID": 3507706990, "occurrenceID": "URN:catalog:CLO:EBIRD:OBS1084314128", "order": "Passeriformes", "family": "Laniidae", "genus": "Lanius", "species": "Lanius cristatus" }, "geometry": { "type": "Point", "coordinates": [ 121.04677, 14.59694 ] } },
{ "type": "Feature", "properties": { "fid": 615, "gbifID": 3649407219, "occurrenceID": "URN:catalog:CLO:EBIRD:OBS1218004476", "order": "Pelecaniformes", "family": "Ardeidae", "genus": "Ardea", "species": "Ardea alba" }, "geometry": { "type": "Point", "coordinates": [ 121.04898, 14.589453 ] } },
{ "type": "Feature", "properties": { "fid": 616, "gbifID": 3687902030, "occurrenceID": "URN:catalog:CLO:EBIRD:OBS1241363592", "order": "Passeriformes", "family": "Zosteropidae", "genus": "Zosterops", "species": "Zosterops meyeni" }, "geometry": { "type": "Point", "coordinates": [ 121.041954, 14.602813 ] } },
{ "type": "Feature", "properties": { "fid": 617, "gbifID": 3594273293, "occurrenceID": "URN:catalog:CLO:EBIRD:OBS1091761599", "order": "Passeriformes", "family": "Passeridae", "genus": "Passer", "species": "Passer montanus" }, "geometry": { "type": "Point", "coordinates": [ 121.04677, 14.59694 ] } },
{ "type": "Feature", "properties": { "fid": 618, "gbifID": 3692403299, "occurrenceID": "URN:catalog:CLO:EBIRD:OBS1241363597", "order": "Columbiformes", "family": "Columbidae", "genus": "Columba", "species": "Columba livia" }, "geometry": { "type": "Point", "coordinates": [ 121.041954, 14.602813 ] } },
{ "type": "Feature", "properties": { "fid": 619, "gbifID": 3245274877, "occurrenceID": "URN:catalog:CLO:EBIRD:OBS845949794", "order": "Passeriformes", "family": "Passeridae", "genus": "Passer", "species": "Passer montanus" }, "geometry": { "type": "Point", "coordinates": [ 121.03753, 14.602924 ] } },
{ "type": "Feature", "properties": { "fid": 620, "gbifID": 3144447440, "occurrenceID": "URN:catalog:CLO:EBIRD:OBS848444499", "order": "Apodiformes", "family": "Apodidae", "genus": "Collocalia", "species": "Collocalia marginata" }, "geometry": { "type": "Point", "coordinates": [ 121.05711, 14.586874 ] } },
{ "type": "Feature", "properties": { "fid": 622, "gbifID": 4662874130, "occurrenceID": "URN:catalog:CLO:EBIRD:OBS1882362484", "order": "Passeriformes", "family": "Nectariniidae", "genus": "Cinnyris", "species": "Cinnyris jugularis" }, "geometry": { "type": "Point", "coordinates": [ 121.03203, 14.607486 ] } },
{ "type": "Feature", "properties": { "fid": 623, "gbifID": 4317071960, "occurrenceID": "URN:catalog:CLO:EBIRD:OBS1313293439", "order": "Passeriformes", "family": "Passeridae", "genus": "Passer", "species": "Passer montanus" }, "geometry": { "type": "Point", "coordinates": [ 121.04044, 14.606056 ] } },
{ "type": "Feature", "properties": { "fid": 624, "gbifID": 3153367521, "occurrenceID": "URN:catalog:CLO:EBIRD:OBS915653655", "order": "Passeriformes", "family": "Sturnidae", "genus": "Aplonis", "species": "Aplonis panayensis" }, "geometry": { "type": "Point", "coordinates": [ 121.03753, 14.602924 ] } },
{ "type": "Feature", "properties": { "fid": 625, "gbifID": 3639099003, "occurrenceID": "URN:catalog:CLO:EBIRD:OBS1145763447", "order": "Pelecaniformes", "family": "Ardeidae", "genus": "Egretta", "species": "Egretta garzetta" }, "geometry": { "type": "Point", "coordinates": [ 121.04109, 14.60195 ] } },
{ "type": "Feature", "properties": { "fid": 626, "gbifID": 4207399370, "occurrenceID": "URN:catalog:CLO:EBIRD:OBS1344447035", "order": "Columbiformes", "family": "Columbidae", "genus": "Columba", "species": "Columba livia" }, "geometry": { "type": "Point", "coordinates": [ 121.04728, 14.598908 ] } },
{ "type": "Feature", "properties": { "fid": 627, "gbifID": 4821050053, "occurrenceID": "URN:catalog:CLO:EBIRD:OBS1726712709", "order": "Columbiformes", "family": "Columbidae", "genus": "Geopelia", "species": "Geopelia striata" }, "geometry": { "type": "Point", "coordinates": [ 121.04109, 14.60195 ] } },
{ "type": "Feature", "properties": { "fid": 628, "gbifID": 3640922771, "occurrenceID": "URN:catalog:CLO:EBIRD:OBS1242471480", "order": "Columbiformes", "family": "Columbidae", "genus": "Geopelia", "species": "Geopelia striata" }, "geometry": { "type": "Point", "coordinates": [ 121.041954, 14.602813 ] } },
{ "type": "Feature", "properties": { "fid": 629, "gbifID": 3588328185, "occurrenceID": "URN:catalog:CLO:EBIRD:OBS1086333257", "order": "Passeriformes", "family": "Pycnonotidae", "genus": "Pycnonotus", "species": "Pycnonotus goiavier" }, "geometry": { "type": "Point", "coordinates": [ 121.04677, 14.59694 ] } },
{ "type": "Feature", "properties": { "fid": 630, "gbifID": 3685124284, "occurrenceID": "URN:catalog:CLO:EBIRD:OBS1049205937", "order": "Columbiformes", "family": "Columbidae", "genus": "Geopelia", "species": "Geopelia striata" }, "geometry": { "type": "Point", "coordinates": [ 121.04265, 14.606585 ] } },
{ "type": "Feature", "properties": { "fid": 631, "gbifID": 3693324742, "occurrenceID": "URN:catalog:CLO:EBIRD:OBS1267079751", "order": "Passeriformes", "family": "Zosteropidae", "genus": "Zosterops", "species": "Zosterops meyeni" }, "geometry": { "type": "Point", "coordinates": [ 121.041954, 14.602813 ] } },
{ "type": "Feature", "properties": { "fid": 632, "gbifID": 3662983979, "occurrenceID": "URN:catalog:CLO:EBIRD:OBS1242468429", "order": "Passeriformes", "family": "Pycnonotidae", "genus": "Pycnonotus", "species": "Pycnonotus goiavier" }, "geometry": { "type": "Point", "coordinates": [ 121.04109, 14.60195 ] } },
{ "type": "Feature", "properties": { "fid": 633, "gbifID": 4611383611, "occurrenceID": "URN:catalog:CLO:EBIRD:OBS1835246922", "order": "Coraciiformes", "family": "Alcedinidae", "genus": "Todiramphus", "species": "Todiramphus chloris" }, "geometry": { "type": "Point", "coordinates": [ 121.03081, 14.60444 ] } },
{ "type": "Feature", "properties": { "fid": 634, "gbifID": 3290340564, "occurrenceID": "URN:catalog:CLO:EBIRD:OBS1027283641", "order": "Passeriformes", "family": "Pycnonotidae", "genus": "Pycnonotus", "species": "Pycnonotus goiavier" }, "geometry": { "type": "Point", "coordinates": [ 121.03753, 14.602924 ] } },
{ "type": "Feature", "properties": { "fid": 635, "gbifID": 4217013216, "occurrenceID": "URN:catalog:CLO:EBIRD:OBS1518639849", "order": "Passeriformes", "family": "Rhipiduridae", "genus": "Rhipidura", "species": "Rhipidura nigritorquis" }, "geometry": { "type": "Point", "coordinates": [ 121.04109, 14.60195 ] } },
{ "type": "Feature", "properties": { "fid": 636, "gbifID": 4751870944, "occurrenceID": "URN:catalog:CLO:EBIRD:OBS1895417515", "order": "Piciformes", "family": "Megalaimidae", "genus": "Psilopogon", "species": "Psilopogon haemacephalus" }, "geometry": { "type": "Point", "coordinates": [ 121.041985, 14.595222 ] } },
{ "type": "Feature", "properties": { "fid": 637, "gbifID": 3612281373, "occurrenceID": "URN:catalog:CLO:EBIRD:OBS1274963891", "order": "Passeriformes", "family": "Muscicapidae", "genus": "Monticola", "species": "Monticola solitarius" }, "geometry": { "type": "Point", "coordinates": [ 121.041954, 14.602813 ] } },
{ "type": "Feature", "properties": { "fid": 638, "gbifID": 3243736854, "occurrenceID": "URN:catalog:CLO:EBIRD:OBS862792018", "order": "Passeriformes", "family": "Hirundinidae", "genus": "Hirundo", "species": "Hirundo javanica" }, "geometry": { "type": "Point", "coordinates": [ 121.05856, 14.588318 ] } },
{ "type": "Feature", "properties": { "fid": 639, "gbifID": 4664018802, "occurrenceID": "URN:catalog:CLO:EBIRD:OBS1609959367", "order": "Gruiformes", "family": "Rallidae", "genus": "Amaurornis", "species": "Amaurornis phoenicurus" }, "geometry": { "type": "Point", "coordinates": [ 121.04109, 14.60195 ] } },
{ "type": "Feature", "properties": { "fid": 641, "gbifID": 5433949671, "occurrenceID": "URN:catalog:CLO:EBIRD:OBS2708448627", "order": "Passeriformes", "family": "Rhipiduridae", "genus": "Rhipidura", "species": "Rhipidura nigritorquis" }, "geometry": { "type": "Point", "coordinates": [ 121.05332, 14.604934 ] } },
{ "type": "Feature", "properties": { "fid": 642, "gbifID": 3524964962, "occurrenceID": "URN:catalog:CLO:EBIRD:OBS1122476004", "order": "Passeriformes", "family": "Pycnonotidae", "genus": "Pycnonotus", "species": "Pycnonotus goiavier" }, "geometry": { "type": "Point", "coordinates": [ 121.038605, 14.603709 ] } },
{ "type": "Feature", "properties": { "fid": 643, "gbifID": 3645459985, "occurrenceID": "URN:catalog:CLO:EBIRD:OBS1274963888", "order": "Passeriformes", "family": "Zosteropidae", "genus": "Zosterops", "species": "Zosterops meyeni" }, "geometry": { "type": "Point", "coordinates": [ 121.041954, 14.602813 ] } },
{ "type": "Feature", "properties": { "fid": 644, "gbifID": 3541398402, "occurrenceID": "URN:catalog:CLO:EBIRD:OBS1200949603", "order": "Passeriformes", "family": "Oriolidae", "genus": "Oriolus", "species": "Oriolus chinensis" }, "geometry": { "type": "Point", "coordinates": [ 121.03753, 14.602924 ] } },
{ "type": "Feature", "properties": { "fid": 645, "gbifID": 3603273215, "occurrenceID": "URN:catalog:CLO:EBIRD:OBS1233303397", "order": "Passeriformes", "family": "Oriolidae", "genus": "Oriolus", "species": "Oriolus chinensis" }, "geometry": { "type": "Point", "coordinates": [ 121.041954, 14.602813 ] } },
{ "type": "Feature", "properties": { "fid": 646, "gbifID": 3654553289, "occurrenceID": "URN:catalog:CLO:EBIRD:OBS1253007450", "order": "Pelecaniformes", "family": "Ardeidae", "genus": "Egretta", "species": "Egretta garzetta" }, "geometry": { "type": "Point", "coordinates": [ 121.03964, 14.576538 ] } },
{ "type": "Feature", "properties": { "fid": 647, "gbifID": 5373415677, "occurrenceID": "URN:catalog:CLO:EBIRD:OBS2370318777", "order": "Passeriformes", "family": "Passeridae", "genus": "Passer", "species": "Passer montanus" }, "geometry": { "type": "Point", "coordinates": [ 121.05878, 14.588141 ] } },
{ "type": "Feature", "properties": { "fid": 648, "gbifID": 4213289416, "occurrenceID": "URN:catalog:CLO:EBIRD:OBS1336401567", "order": "Passeriformes", "family": "Passeridae", "genus": "Passer", "species": "Passer montanus" }, "geometry": { "type": "Point", "coordinates": [ 121.04904, 14.589351 ] } },
{ "type": "Feature", "properties": { "fid": 649, "gbifID": 3595939886, "occurrenceID": "URN:catalog:CLO:EBIRD:OBS1099635234", "order": "Passeriformes", "family": "Zosteropidae", "genus": "Zosterops", "species": "Zosterops meyeni" }, "geometry": { "type": "Point", "coordinates": [ 121.04109, 14.60195 ] } },
{ "type": "Feature", "properties": { "fid": 651, "gbifID": 3542288417, "occurrenceID": "URN:catalog:CLO:EBIRD:OBS1251709966", "order": "Passeriformes", "family": "Sturnidae", "genus": "Aplonis", "species": "Aplonis panayensis" }, "geometry": { "type": "Point", "coordinates": [ 121.041954, 14.602813 ] } },
{ "type": "Feature", "properties": { "fid": 652, "gbifID": 3646705050, "occurrenceID": "URN:catalog:CLO:EBIRD:OBS1117792176", "order": "Passeriformes", "family": "Laniidae", "genus": "Lanius", "species": "Lanius cristatus" }, "geometry": { "type": "Point", "coordinates": [ 121.04109, 14.60195 ] } },
{ "type": "Feature", "properties": { "fid": 653, "gbifID": 3638154989, "occurrenceID": "URN:catalog:CLO:EBIRD:OBS1220882732", "order": "Passeriformes", "family": "Acanthizidae", "genus": "Gerygone", "species": "Gerygone sulphurea" }, "geometry": { "type": "Point", "coordinates": [ 121.04728, 14.598908 ] } },
{ "type": "Feature", "properties": { "fid": 654, "gbifID": 4257833287, "occurrenceID": "URN:catalog:CLO:EBIRD:OBS1518639847", "order": "Columbiformes", "family": "Columbidae", "genus": "Geopelia", "species": "Geopelia striata" }, "geometry": { "type": "Point", "coordinates": [ 121.04109, 14.60195 ] } },
{ "type": "Feature", "properties": { "fid": 655, "gbifID": 3158289788, "occurrenceID": "URN:catalog:CLO:EBIRD:OBS915653649", "order": "Piciformes", "family": "Picidae", "genus": "Yungipicus", "species": "Yungipicus maculatus" }, "geometry": { "type": "Point", "coordinates": [ 121.03753, 14.602924 ] } },
{ "type": "Feature", "properties": { "fid": 657, "gbifID": 3136718009, "occurrenceID": "URN:catalog:CLO:EBIRD:OBS865790462", "order": "Passeriformes", "family": "Nectariniidae", "genus": "Cinnyris", "species": "Cinnyris jugularis" }, "geometry": { "type": "Point", "coordinates": [ 121.03753, 14.602924 ] } },
{ "type": "Feature", "properties": { "fid": 658, "gbifID": 4674560357, "occurrenceID": "URN:catalog:CLO:EBIRD:OBS1737370488", "order": "Coraciiformes", "family": "Alcedinidae", "genus": "Todiramphus", "species": "Todiramphus chloris" }, "geometry": { "type": "Point", "coordinates": [ 121.04898, 14.589453 ] } },
{ "type": "Feature", "properties": { "fid": 659, "gbifID": 3546421844, "occurrenceID": "URN:catalog:CLO:EBIRD:OBS1266508550", "order": "Apodiformes", "family": "Apodidae", "genus": "Aerodramus", "species": "Aerodramus amelis" }, "geometry": { "type": "Point", "coordinates": [ 121.04677, 14.59694 ] } },
{ "type": "Feature", "properties": { "fid": 660, "gbifID": 5301669897, "occurrenceID": "URN:catalog:CLO:EBIRD:OBS2540247932", "order": "Pelecaniformes", "family": "Ardeidae", "genus": "Butorides", "species": "Butorides striata" }, "geometry": { "type": "Point", "coordinates": [ 121.04055, 14.605313 ] } },
{ "type": "Feature", "properties": { "fid": 661, "gbifID": 4628150617, "occurrenceID": "URN:catalog:CLO:EBIRD:OBS1726714926", "order": "Passeriformes", "family": "Nectariniidae", "genus": "Cinnyris", "species": "Cinnyris jugularis" }, "geometry": { "type": "Point", "coordinates": [ 121.04109, 14.60195 ] } },
{ "type": "Feature", "properties": { "fid": 662, "gbifID": 3256805380, "occurrenceID": "URN:catalog:CLO:EBIRD:OBS998236725", "order": "Passeriformes", "family": "Rhipiduridae", "genus": "Rhipidura", "species": "Rhipidura nigritorquis" }, "geometry": { "type": "Point", "coordinates": [ 121.03753, 14.602924 ] } },
{ "type": "Feature", "properties": { "fid": 663, "gbifID": 3614287114, "occurrenceID": "URN:catalog:CLO:EBIRD:OBS1116026411", "order": "Piciformes", "family": "Megalaimidae", "genus": "Psilopogon", "species": "Psilopogon haemacephalus" }, "geometry": { "type": "Point", "coordinates": [ 121.038605, 14.603709 ] } },
{ "type": "Feature", "properties": { "fid": 664, "gbifID": 3524435602, "occurrenceID": "URN:catalog:CLO:EBIRD:OBS1098562090", "order": "Piciformes", "family": "Megalaimidae", "genus": "Psilopogon", "species": "Psilopogon haemacephalus" }, "geometry": { "type": "Point", "coordinates": [ 121.04677, 14.59694 ] } },
{ "type": "Feature", "properties": { "fid": 665, "gbifID": 3655071760, "occurrenceID": "URN:catalog:CLO:EBIRD:OBS1220882759", "order": "Pelecaniformes", "family": "Ardeidae", "genus": "Egretta", "species": "Egretta garzetta" }, "geometry": { "type": "Point", "coordinates": [ 121.04728, 14.598908 ] } },
{ "type": "Feature", "properties": { "fid": 666, "gbifID": 3626575058, "occurrenceID": "URN:catalog:CLO:EBIRD:OBS1095329833", "order": "Passeriformes", "family": "Sturnidae", "genus": "Aplonis", "species": "Aplonis panayensis" }, "geometry": { "type": "Point", "coordinates": [ 121.03964, 14.576538 ] } },
{ "type": "Feature", "properties": { "fid": 667, "gbifID": 4196429094, "occurrenceID": "URN:catalog:CLO:EBIRD:OBS1344442081", "order": "Passeriformes", "family": "Acanthizidae", "genus": "Gerygone", "species": "Gerygone sulphurea" }, "geometry": { "type": "Point", "coordinates": [ 121.04728, 14.598908 ] } },
{ "type": "Feature", "properties": { "fid": 668, "gbifID": 3512878642, "occurrenceID": "URN:catalog:CLO:EBIRD:OBS1083431459", "order": "Columbiformes", "family": "Columbidae", "genus": "Spilopelia", "species": "Spilopelia chinensis" }, "geometry": { "type": "Point", "coordinates": [ 121.051506, 14.603355 ] } },
{ "type": "Feature", "properties": { "fid": 669, "gbifID": 3655946646, "occurrenceID": "URN:catalog:CLO:EBIRD:OBS1140362938", "order": "Passeriformes", "family": "Nectariniidae", "genus": "Cinnyris", "species": "Cinnyris jugularis" }, "geometry": { "type": "Point", "coordinates": [ 121.04044, 14.606056 ] } },
{ "type": "Feature", "properties": { "fid": 670, "gbifID": 3658681751, "occurrenceID": "URN:catalog:CLO:EBIRD:OBS1140362946", "order": "Passeriformes", "family": "Oriolidae", "genus": "Oriolus", "species": "Oriolus chinensis" }, "geometry": { "type": "Point", "coordinates": [ 121.04044, 14.606056 ] } },
{ "type": "Feature", "properties": { "fid": 671, "gbifID": 5327477768, "occurrenceID": "URN:catalog:CLO:EBIRD:OBS2540247945", "order": "Passeriformes", "family": "Sturnidae", "genus": "Aplonis", "species": "Aplonis panayensis" }, "geometry": { "type": "Point", "coordinates": [ 121.04055, 14.605313 ] } },
{ "type": "Feature", "properties": { "fid": 673, "gbifID": 4389435519, "occurrenceID": "URN:catalog:CLO:EBIRD:OBS1389690041", "order": "Columbiformes", "family": "Columbidae", "genus": "Columba", "species": "Columba livia" }, "geometry": { "type": "Point", "coordinates": [ 121.05715, 14.580761 ] } },
{ "type": "Feature", "properties": { "fid": 674, "gbifID": 3534272339, "occurrenceID": "URN:catalog:CLO:EBIRD:OBS1200949601", "order": "Passeriformes", "family": "Pycnonotidae", "genus": "Pycnonotus", "species": "Pycnonotus goiavier" }, "geometry": { "type": "Point", "coordinates": [ 121.03753, 14.602924 ] } },
{ "type": "Feature", "properties": { "fid": 675, "gbifID": 3663988536, "occurrenceID": "URN:catalog:CLO:EBIRD:OBS1082880920", "order": "Passeriformes", "family": "Muscicapidae", "genus": "Copsychus", "species": "Copsychus mindanensis" }, "geometry": { "type": "Point", "coordinates": [ 121.04677, 14.59694 ] } },
{ "type": "Feature", "properties": { "fid": 676, "gbifID": 3507765667, "occurrenceID": "URN:catalog:CLO:EBIRD:OBS1085779978", "order": "Columbiformes", "family": "Columbidae", "genus": "Geopelia", "species": "Geopelia striata" }, "geometry": { "type": "Point", "coordinates": [ 121.04109, 14.60195 ] } },
{ "type": "Feature", "properties": { "fid": 677, "gbifID": 3658737309, "occurrenceID": "URN:catalog:CLO:EBIRD:OBS1220882736", "order": "Piciformes", "family": "Picidae", "genus": "Yungipicus", "species": "Yungipicus maculatus" }, "geometry": { "type": "Point", "coordinates": [ 121.04728, 14.598908 ] } },
{ "type": "Feature", "properties": { "fid": 678, "gbifID": 3248722994, "occurrenceID": "URN:catalog:CLO:EBIRD:OBS862792022", "order": "Apodiformes", "family": "Apodidae", "genus": "Collocalia", "species": "Collocalia marginata" }, "geometry": { "type": "Point", "coordinates": [ 121.05856, 14.588318 ] } },
{ "type": "Feature", "properties": { "fid": 679, "gbifID": 4307648184, "occurrenceID": "URN:catalog:CLO:EBIRD:OBS1392628310", "order": "Apodiformes", "family": "Apodidae", "genus": "Collocalia", "species": "Collocalia marginata" }, "geometry": { "type": "Point", "coordinates": [ 121.05715, 14.580761 ] } },
{ "type": "Feature", "properties": { "fid": 680, "gbifID": 4804787429, "occurrenceID": "URN:catalog:CLO:EBIRD:OBS1674842732", "order": "Columbiformes", "family": "Columbidae", "genus": "Geopelia", "species": "Geopelia striata" }, "geometry": { "type": "Point", "coordinates": [ 121.05878, 14.588141 ] } },
{ "type": "Feature", "properties": { "fid": 681, "gbifID": 3533381118, "occurrenceID": "URN:catalog:CLO:EBIRD:OBS1200949599", "order": "Columbiformes", "family": "Columbidae", "genus": "Geopelia", "species": "Geopelia striata" }, "geometry": { "type": "Point", "coordinates": [ 121.03753, 14.602924 ] } },
{ "type": "Feature", "properties": { "fid": 682, "gbifID": 3301027203, "occurrenceID": "URN:catalog:CLO:EBIRD:OBS1011600868", "order": "Passeriformes", "family": "Oriolidae", "genus": "Oriolus", "species": "Oriolus chinensis" }, "geometry": { "type": "Point", "coordinates": [ 121.03753, 14.602924 ] } },
{ "type": "Feature", "properties": { "fid": 683, "gbifID": 3527218055, "occurrenceID": "URN:catalog:CLO:EBIRD:OBS1093523352", "order": "Passeriformes", "family": "Pycnonotidae", "genus": "Pycnonotus", "species": "Pycnonotus goiavier" }, "geometry": { "type": "Point", "coordinates": [ 121.04677, 14.59694 ] } },
{ "type": "Feature", "properties": { "fid": 684, "gbifID": 3578475022, "occurrenceID": "URN:catalog:CLO:EBIRD:OBS1237382186", "order": "Apodiformes", "family": "Apodidae", "genus": "Collocalia", "species": "Collocalia troglodytes" }, "geometry": { "type": "Point", "coordinates": [ 121.04307, 14.595008 ] } },
{ "type": "Feature", "properties": { "fid": 686, "gbifID": 4252248065, "occurrenceID": "URN:catalog:CLO:EBIRD:OBS1392628309", "order": "Passeriformes", "family": "Passeridae", "genus": "Passer", "species": "Passer montanus" }, "geometry": { "type": "Point", "coordinates": [ 121.05715, 14.580761 ] } },
{ "type": "Feature", "properties": { "fid": 687, "gbifID": 3688596250, "occurrenceID": "URN:catalog:CLO:EBIRD:OBS1117823909", "order": "Passeriformes", "family": "Passeridae", "genus": "Passer", "species": "Passer montanus" }, "geometry": { "type": "Point", "coordinates": [ 121.03771, 14.606191 ] } },
{ "type": "Feature", "properties": { "fid": 688, "gbifID": 4725342882, "occurrenceID": "URN:catalog:CLO:EBIRD:OBS1837252365", "order": "Passeriformes", "family": "Sturnidae", "genus": "Aplonis", "species": "Aplonis panayensis" }, "geometry": { "type": "Point", "coordinates": [ 121.05878, 14.588141 ] } },
{ "type": "Feature", "properties": { "fid": 689, "gbifID": 3242065010, "occurrenceID": "URN:catalog:CLO:EBIRD:OBS862813320", "order": "Columbiformes", "family": "Columbidae", "genus": "Geopelia", "species": "Geopelia striata" }, "geometry": { "type": "Point", "coordinates": [ 121.05737, 14.588144 ] } },
{ "type": "Feature", "properties": { "fid": 690, "gbifID": 3288993964, "occurrenceID": "URN:catalog:CLO:EBIRD:OBS1004885102", "order": "Passeriformes", "family": "Sturnidae", "genus": "Aplonis", "species": "Aplonis panayensis" }, "geometry": { "type": "Point", "coordinates": [ 121.03753, 14.602924 ] } },
{ "type": "Feature", "properties": { "fid": 691, "gbifID": 3518652172, "occurrenceID": "URN:catalog:CLO:EBIRD:OBS1093523355", "order": "Passeriformes", "family": "Muscicapidae", "genus": "Copsychus", "species": "Copsychus mindanensis" }, "geometry": { "type": "Point", "coordinates": [ 121.04677, 14.59694 ] } },
{ "type": "Feature", "properties": { "fid": 692, "gbifID": 4313014909, "occurrenceID": "URN:catalog:CLO:EBIRD:OBS1315919484", "order": "Passeriformes", "family": "Pycnonotidae", "genus": "Pycnonotus", "species": "Pycnonotus goiavier" }, "geometry": { "type": "Point", "coordinates": [ 121.04109, 14.60195 ] } },
{ "type": "Feature", "properties": { "fid": 693, "gbifID": 4834333754, "occurrenceID": "URN:catalog:CLO:EBIRD:OBS1726712622", "order": "Gruiformes", "family": "Rallidae", "genus": "Amaurornis", "species": "Amaurornis phoenicurus" }, "geometry": { "type": "Point", "coordinates": [ 121.04109, 14.60195 ] } },
{ "type": "Feature", "properties": { "fid": 694, "gbifID": 3514427707, "occurrenceID": "URN:catalog:CLO:EBIRD:OBS1073368660", "order": "Passeriformes", "family": "Pycnonotidae", "genus": "Pycnonotus", "species": "Pycnonotus goiavier" }, "geometry": { "type": "Point", "coordinates": [ 121.04677, 14.59694 ] } },
{ "type": "Feature", "properties": { "fid": 695, "gbifID": 3589809176, "occurrenceID": "URN:catalog:CLO:EBIRD:OBS1099637901", "order": "Passeriformes", "family": "Pycnonotidae", "genus": "Pycnonotus", "species": "Pycnonotus goiavier" }, "geometry": { "type": "Point", "coordinates": [ 121.04109, 14.60195 ] } },
{ "type": "Feature", "properties": { "fid": 696, "gbifID": 3544394883, "occurrenceID": "URN:catalog:CLO:EBIRD:OBS1117813317", "order": "Columbiformes", "family": "Columbidae", "genus": "Geopelia", "species": "Geopelia striata" }, "geometry": { "type": "Point", "coordinates": [ 121.038605, 14.603709 ] } },
{ "type": "Feature", "properties": { "fid": 698, "gbifID": 4624561144, "occurrenceID": "URN:catalog:CLO:EBIRD:OBS1738931603", "order": "Passeriformes", "family": "Artamidae", "genus": "Artamus", "species": "Artamus leucorhynchos" }, "geometry": { "type": "Point", "coordinates": [ 121.04815, 14.601044 ] } },
{ "type": "Feature", "properties": { "fid": 699, "gbifID": 3693069617, "occurrenceID": "URN:catalog:CLO:EBIRD:OBS1246521778", "order": "Passeriformes", "family": "Laniidae", "genus": "Lanius", "species": "Lanius cristatus" }, "geometry": { "type": "Point", "coordinates": [ 121.04728, 14.598908 ] } },
{ "type": "Feature", "properties": { "fid": 700, "gbifID": 4676128505, "occurrenceID": "URN:catalog:CLO:EBIRD:OBS1597543440", "order": "Columbiformes", "family": "Columbidae", "genus": "Geopelia", "species": "Geopelia striata" }, "geometry": { "type": "Point", "coordinates": [ 121.039185, 14.601851 ] } },
{ "type": "Feature", "properties": { "fid": 701, "gbifID": 3239460025, "occurrenceID": "URN:catalog:CLO:EBIRD:OBS862813318", "order": "Passeriformes", "family": "Acanthizidae", "genus": "Gerygone", "species": "Gerygone sulphurea" }, "geometry": { "type": "Point", "coordinates": [ 121.05737, 14.588144 ] } },
{ "type": "Feature", "properties": { "fid": 702, "gbifID": 3141468822, "occurrenceID": "URN:catalog:CLO:EBIRD:OBS870451558", "order": "Passeriformes", "family": "Oriolidae", "genus": "Oriolus", "species": "Oriolus chinensis" }, "geometry": { "type": "Point", "coordinates": [ 121.03753, 14.602924 ] } },
{ "type": "Feature", "properties": { "fid": 703, "gbifID": 3655697593, "occurrenceID": "URN:catalog:CLO:EBIRD:OBS1082880918", "order": "Passeriformes", "family": "Zosteropidae", "genus": "Zosterops", "species": "Zosterops meyeni" }, "geometry": { "type": "Point", "coordinates": [ 121.04677, 14.59694 ] } },
{ "type": "Feature", "properties": { "fid": 704, "gbifID": 3672632813, "occurrenceID": "URN:catalog:CLO:EBIRD:OBS1094481640", "order": "Passeriformes", "family": "Sturnidae", "genus": "Aplonis", "species": "Aplonis panayensis" }, "geometry": { "type": "Point", "coordinates": [ 121.03964, 14.576538 ] } },
{ "type": "Feature", "properties": { "fid": 705, "gbifID": 3644763524, "occurrenceID": "URN:catalog:CLO:EBIRD:OBS1278134618", "order": "Passeriformes", "family": "Rhipiduridae", "genus": "Rhipidura", "species": "Rhipidura nigritorquis" }, "geometry": { "type": "Point", "coordinates": [ 121.04109, 14.60195 ] } },
{ "type": "Feature", "properties": { "fid": 706, "gbifID": 4186128958, "occurrenceID": "URN:catalog:CLO:EBIRD:OBS1320625192", "order": "Gruiformes", "family": "Rallidae", "genus": "Amaurornis", "species": "Amaurornis phoenicurus" }, "geometry": { "type": "Point", "coordinates": [ 121.04109, 14.60195 ] } },
{ "type": "Feature", "properties": { "fid": 707, "gbifID": 4330697328, "occurrenceID": "URN:catalog:CLO:EBIRD:OBS1324149698", "order": "Piciformes", "family": "Picidae", "genus": "Yungipicus", "species": "Yungipicus maculatus" }, "geometry": { "type": "Point", "coordinates": [ 121.04307, 14.595008 ] } },
{ "type": "Feature", "properties": { "fid": 708, "gbifID": 5451752404, "occurrenceID": "URN:catalog:CLO:EBIRD:OBS2220359430", "order": "Passeriformes", "family": "Zosteropidae", "genus": "Zosterops", "species": "Zosterops meyeni" }, "geometry": { "type": "Point", "coordinates": [ 121.0307, 14.605167 ] } },
{ "type": "Feature", "properties": { "fid": 709, "gbifID": 3235064992, "occurrenceID": "URN:catalog:CLO:EBIRD:OBS922352521", "order": "Passeriformes", "family": "Oriolidae", "genus": "Oriolus", "species": "Oriolus chinensis" }, "geometry": { "type": "Point", "coordinates": [ 121.03753, 14.602924 ] } },
{ "type": "Feature", "properties": { "fid": 710, "gbifID": 4695451919, "occurrenceID": "URN:catalog:CLO:EBIRD:OBS1609959365", "order": "Passeriformes", "family": "Nectariniidae", "genus": "Cinnyris", "species": "Cinnyris jugularis" }, "geometry": { "type": "Point", "coordinates": [ 121.04109, 14.60195 ] } },
{ "type": "Feature", "properties": { "fid": 711, "gbifID": 3599375816, "occurrenceID": "URN:catalog:CLO:EBIRD:OBS1192335777", "order": "Passeriformes", "family": "Passeridae", "genus": "Passer", "species": "Passer montanus" }, "geometry": { "type": "Point", "coordinates": [ 121.03964, 14.576538 ] } },
{ "type": "Feature", "properties": { "fid": 712, "gbifID": 3552973893, "occurrenceID": "URN:catalog:CLO:EBIRD:OBS1224434991", "order": "Pelecaniformes", "family": "Ardeidae", "genus": "Egretta", "species": "Egretta garzetta" }, "geometry": { "type": "Point", "coordinates": [ 121.04109, 14.60195 ] } },
{ "type": "Feature", "properties": { "fid": 713, "gbifID": 3647842736, "occurrenceID": "URN:catalog:CLO:EBIRD:OBS1140362941", "order": "Passeriformes", "family": "Pycnonotidae", "genus": "Pycnonotus", "species": "Pycnonotus goiavier" }, "geometry": { "type": "Point", "coordinates": [ 121.04044, 14.606056 ] } },
{ "type": "Feature", "properties": { "fid": 714, "gbifID": 4248242272, "occurrenceID": "URN:catalog:CLO:EBIRD:OBS1339265336", "order": "Passeriformes", "family": "Dicaeidae", "genus": "Dicaeum", "species": "Dicaeum australe" }, "geometry": { "type": "Point", "coordinates": [ 121.04109, 14.60195 ] } },
{ "type": "Feature", "properties": { "fid": 715, "gbifID": 5620175235, "occurrenceID": "URN:catalog:CLO:EBIRD:OBS1956775079", "order": "Pelecaniformes", "family": "Ardeidae", "genus": "Egretta", "species": "Egretta garzetta" }, "geometry": { "type": "Point", "coordinates": [ 121.04055, 14.605313 ] } },
{ "type": "Feature", "properties": { "fid": 716, "gbifID": 4322576158, "occurrenceID": "URN:catalog:CLO:EBIRD:OBS1509740665", "order": "Pelecaniformes", "family": "Ardeidae", "genus": "Nycticorax", "species": "Nycticorax nycticorax" }, "geometry": { "type": "Point", "coordinates": [ 121.04076, 14.60353 ] } },
{ "type": "Feature", "properties": { "fid": 717, "gbifID": 3172133574, "occurrenceID": "URN:catalog:CLO:EBIRD:OBS915653924", "order": "Columbiformes", "family": "Columbidae", "genus": "Spilopelia", "species": "Spilopelia chinensis" }, "geometry": { "type": "Point", "coordinates": [ 121.03753, 14.602924 ] } },
{ "type": "Feature", "properties": { "fid": 718, "gbifID": 3581029605, "occurrenceID": "URN:catalog:CLO:EBIRD:OBS1237382187", "order": "Passeriformes", "family": "Acanthizidae", "genus": "Gerygone", "species": "Gerygone sulphurea" }, "geometry": { "type": "Point", "coordinates": [ 121.04307, 14.595008 ] } },
{ "type": "Feature", "properties": { "fid": 719, "gbifID": 4220372888, "occurrenceID": "URN:catalog:CLO:EBIRD:OBS1357358296", "order": "Piciformes", "family": "Megalaimidae", "genus": "Psilopogon", "species": "Psilopogon haemacephalus" }, "geometry": { "type": "Point", "coordinates": [ 121.04898, 14.589453 ] } },
{ "type": "Feature", "properties": { "fid": 720, "gbifID": 3637444765, "occurrenceID": "URN:catalog:CLO:EBIRD:OBS1079353642", "order": "Passeriformes", "family": "Passeridae", "genus": "Passer", "species": "Passer montanus" }, "geometry": { "type": "Point", "coordinates": [ 121.03964, 14.576538 ] } },
{ "type": "Feature", "properties": { "fid": 721, "gbifID": 3177814792, "occurrenceID": "URN:catalog:CLO:EBIRD:OBS917191083", "order": "Passeriformes", "family": "Sturnidae", "genus": "Aplonis", "species": "Aplonis panayensis" }, "geometry": { "type": "Point", "coordinates": [ 121.03753, 14.602924 ] } },
{ "type": "Feature", "properties": { "fid": 722, "gbifID": 3592106257, "occurrenceID": "URN:catalog:CLO:EBIRD:OBS1116028574", "order": "Passeriformes", "family": "Oriolidae", "genus": "Oriolus", "species": "Oriolus chinensis" }, "geometry": { "type": "Point", "coordinates": [ 121.04044, 14.606056 ] } },
{ "type": "Feature", "properties": { "fid": 723, "gbifID": 3655157661, "occurrenceID": "URN:catalog:CLO:EBIRD:OBS1267078229", "order": "Psittaciformes", "family": "Psittacidae", "genus": "Loriculus", "species": "Loriculus philippensis" }, "geometry": { "type": "Point", "coordinates": [ 121.041954, 14.602813 ] } },
{ "type": "Feature", "properties": { "fid": 724, "gbifID": 4707753618, "occurrenceID": "URN:catalog:CLO:EBIRD:OBS1630537591", "order": "Passeriformes", "family": "Rhipiduridae", "genus": "Rhipidura", "species": "Rhipidura nigritorquis" }, "geometry": { "type": "Point", "coordinates": [ 121.04677, 14.59694 ] } },
{ "type": "Feature", "properties": { "fid": 725, "gbifID": 4331479489, "occurrenceID": "URN:catalog:CLO:EBIRD:OBS1477838896", "order": "Columbiformes", "family": "Columbidae", "genus": "Geopelia", "species": "Geopelia striata" }, "geometry": { "type": "Point", "coordinates": [ 121.03708, 14.59188 ] } },
{ "type": "Feature", "properties": { "fid": 727, "gbifID": 3592417132, "occurrenceID": "URN:catalog:CLO:EBIRD:OBS1119129881", "order": "Passeriformes", "family": "Laniidae", "genus": "Lanius", "species": "Lanius cristatus" }, "geometry": { "type": "Point", "coordinates": [ 121.03753, 14.602924 ] } },
{ "type": "Feature", "properties": { "fid": 728, "gbifID": 3534263328, "occurrenceID": "URN:catalog:CLO:EBIRD:OBS1149758248", "order": "Passeriformes", "family": "Laniidae", "genus": "Lanius", "species": "Lanius cristatus" }, "geometry": { "type": "Point", "coordinates": [ 121.05737, 14.588144 ] } },
{ "type": "Feature", "properties": { "fid": 729, "gbifID": 3584376629, "occurrenceID": "URN:catalog:CLO:EBIRD:OBS1246521935", "order": "Passeriformes", "family": "Muscicapidae", "genus": "Copsychus", "species": "Copsychus mindanensis" }, "geometry": { "type": "Point", "coordinates": [ 121.04728, 14.598908 ] } },
{ "type": "Feature", "properties": { "fid": 730, "gbifID": 3660080251, "occurrenceID": "URN:catalog:CLO:EBIRD:OBS1278134614", "order": "Pelecaniformes", "family": "Ardeidae", "genus": "Egretta", "species": "Egretta garzetta" }, "geometry": { "type": "Point", "coordinates": [ 121.04109, 14.60195 ] } },
{ "type": "Feature", "properties": { "fid": 731, "gbifID": 3690280587, "occurrenceID": "URN:catalog:CLO:EBIRD:OBS1116027945", "order": "Pelecaniformes", "family": "Ardeidae", "genus": "Egretta", "species": "Egretta garzetta" }, "geometry": { "type": "Point", "coordinates": [ 121.04109, 14.60195 ] } },
{ "type": "Feature", "properties": { "fid": 732, "gbifID": 3649886435, "occurrenceID": "URN:catalog:CLO:EBIRD:OBS1267078230", "order": "Passeriformes", "family": "Rhipiduridae", "genus": "Rhipidura", "species": "Rhipidura nigritorquis" }, "geometry": { "type": "Point", "coordinates": [ 121.041954, 14.602813 ] } },
{ "type": "Feature", "properties": { "fid": 733, "gbifID": 4354443081, "occurrenceID": "URN:catalog:CLO:EBIRD:OBS1587381486", "order": "Piciformes", "family": "Picidae", "genus": "Yungipicus", "species": "Yungipicus maculatus" }, "geometry": { "type": "Point", "coordinates": [ 121.05332, 14.604934 ] } },
{ "type": "Feature", "properties": { "fid": 734, "gbifID": 4206467546, "occurrenceID": "URN:catalog:CLO:EBIRD:OBS1430311531", "order": "Passeriformes", "family": "Corvidae", "genus": "Corvus", "species": null }, "geometry": { "type": "Point", "coordinates": [ 121.04898, 14.589453 ] } },
{ "type": "Feature", "properties": { "fid": 735, "gbifID": 5378729552, "occurrenceID": "URN:catalog:CLO:EBIRD:OBS2218373314", "order": "Passeriformes", "family": "Passeridae", "genus": "Passer", "species": "Passer montanus" }, "geometry": { "type": "Point", "coordinates": [ 121.059555, 14.588209 ] } },
{ "type": "Feature", "properties": { "fid": 736, "gbifID": 3654637058, "occurrenceID": "URN:catalog:CLO:EBIRD:OBS1192868431", "order": "Pelecaniformes", "family": "Ardeidae", "genus": "Egretta", "species": "Egretta garzetta" }, "geometry": { "type": "Point", "coordinates": [ 121.03964, 14.576538 ] } },
{ "type": "Feature", "properties": { "fid": 737, "gbifID": 4320569348, "occurrenceID": "URN:catalog:CLO:EBIRD:OBS1587381485", "order": "Passeriformes", "family": "Passeridae", "genus": "Passer", "species": "Passer montanus" }, "geometry": { "type": "Point", "coordinates": [ 121.05332, 14.604934 ] } },
{ "type": "Feature", "properties": { "fid": 738, "gbifID": 3612995662, "occurrenceID": "URN:catalog:CLO:EBIRD:OBS1274963893", "order": "Passeriformes", "family": "Passeridae", "genus": "Passer", "species": "Passer montanus" }, "geometry": { "type": "Point", "coordinates": [ 121.041954, 14.602813 ] } },
{ "type": "Feature", "properties": { "fid": 739, "gbifID": 4300355548, "occurrenceID": "URN:catalog:CLO:EBIRD:OBS1339270378", "order": "Passeriformes", "family": "Sturnidae", "genus": "Aplonis", "species": "Aplonis panayensis" }, "geometry": { "type": "Point", "coordinates": [ 121.04109, 14.60195 ] } },
{ "type": "Feature", "properties": { "fid": 740, "gbifID": 3687854456, "occurrenceID": "URN:catalog:CLO:EBIRD:OBS1117992354", "order": "Columbiformes", "family": "Columbidae", "genus": "Columba", "species": "Columba livia" }, "geometry": { "type": "Point", "coordinates": [ 121.04109, 14.60195 ] } },
{ "type": "Feature", "properties": { "fid": 741, "gbifID": 4196025074, "occurrenceID": "URN:catalog:CLO:EBIRD:OBS1323152444", "order": "Passeriformes", "family": "Motacillidae", "genus": "Motacilla", "species": "Motacilla cinerea" }, "geometry": { "type": "Point", "coordinates": [ 121.04109, 14.60195 ] } },
{ "type": "Feature", "properties": { "fid": 742, "gbifID": 4307517994, "occurrenceID": "URN:catalog:CLO:EBIRD:OBS1331007137", "order": "Piciformes", "family": "Picidae", "genus": "Yungipicus", "species": "Yungipicus maculatus" }, "geometry": { "type": "Point", "coordinates": [ 121.03753, 14.602924 ] } },
{ "type": "Feature", "properties": { "fid": 743, "gbifID": 4777698872, "occurrenceID": "URN:catalog:CLO:EBIRD:OBS1882512222", "order": "Passeriformes", "family": "Sturnidae", "genus": "Aplonis", "species": "Aplonis panayensis" }, "geometry": { "type": "Point", "coordinates": [ 121.03203, 14.607486 ] } },
{ "type": "Feature", "properties": { "fid": 744, "gbifID": 3160839643, "occurrenceID": "URN:catalog:CLO:EBIRD:OBS934973639", "order": "Passeriformes", "family": "Rhipiduridae", "genus": "Rhipidura", "species": "Rhipidura nigritorquis" }, "geometry": { "type": "Point", "coordinates": [ 121.05384, 14.579544 ] } },
{ "type": "Feature", "properties": { "fid": 745, "gbifID": 3300817200, "occurrenceID": "URN:catalog:CLO:EBIRD:OBS1011600865", "order": "Columbiformes", "family": "Columbidae", "genus": "Geopelia", "species": "Geopelia striata" }, "geometry": { "type": "Point", "coordinates": [ 121.03753, 14.602924 ] } },
{ "type": "Feature", "properties": { "fid": 746, "gbifID": 4702784488, "occurrenceID": "URN:catalog:CLO:EBIRD:OBS1794104836", "order": "Passeriformes", "family": "Corvidae", "genus": "Corvus", "species": null }, "geometry": { "type": "Point", "coordinates": [ 121.03753, 14.602924 ] } },
{ "type": "Feature", "properties": { "fid": 747, "gbifID": 3508367615, "occurrenceID": "URN:catalog:CLO:EBIRD:OBS1054332203", "order": "Passeriformes", "family": "Passeridae", "genus": "Passer", "species": "Passer montanus" }, "geometry": { "type": "Point", "coordinates": [ 121.03753, 14.602924 ] } },
{ "type": "Feature", "properties": { "fid": 748, "gbifID": 3690469658, "occurrenceID": "URN:catalog:CLO:EBIRD:OBS1267079743", "order": "Passeriformes", "family": "Motacillidae", "genus": "Motacilla", "species": "Motacilla cinerea" }, "geometry": { "type": "Point", "coordinates": [ 121.041954, 14.602813 ] } },
{ "type": "Feature", "properties": { "fid": 749, "gbifID": 4297754753, "occurrenceID": "URN:catalog:CLO:EBIRD:OBS1324153261", "order": "Passeriformes", "family": "Corvidae", "genus": "Corvus", "species": null }, "geometry": { "type": "Point", "coordinates": [ 121.04307, 14.595008 ] } },
{ "type": "Feature", "properties": { "fid": 751, "gbifID": 3154679777, "occurrenceID": "URN:catalog:CLO:EBIRD:OBS917191085", "order": "Passeriformes", "family": "Corvidae", "genus": "Corvus", "species": null }, "geometry": { "type": "Point", "coordinates": [ 121.03753, 14.602924 ] } },
{ "type": "Feature", "properties": { "fid": 752, "gbifID": 3234340877, "occurrenceID": "URN:catalog:CLO:EBIRD:OBS845949801", "order": "Columbiformes", "family": "Columbidae", "genus": "Spilopelia", "species": "Spilopelia chinensis" }, "geometry": { "type": "Point", "coordinates": [ 121.03753, 14.602924 ] } },
{ "type": "Feature", "properties": { "fid": 753, "gbifID": 4823943110, "occurrenceID": "URN:catalog:CLO:EBIRD:OBS1721892643", "order": "Coraciiformes", "family": "Alcedinidae", "genus": "Todiramphus", "species": "Todiramphus chloris" }, "geometry": { "type": "Point", "coordinates": [ 121.04898, 14.589453 ] } },
{ "type": "Feature", "properties": { "fid": 754, "gbifID": 5326883914, "occurrenceID": "URN:catalog:CLO:EBIRD:OBS1956750322", "order": "Passeriformes", "family": "Rhipiduridae", "genus": "Rhipidura", "species": "Rhipidura nigritorquis" }, "geometry": { "type": "Point", "coordinates": [ 121.04055, 14.605313 ] } },
{ "type": "Feature", "properties": { "fid": 755, "gbifID": 3668534307, "occurrenceID": "URN:catalog:CLO:EBIRD:OBS1241360930", "order": "Passeriformes", "family": "Rhipiduridae", "genus": "Rhipidura", "species": "Rhipidura nigritorquis" }, "geometry": { "type": "Point", "coordinates": [ 121.041954, 14.602813 ] } },
{ "type": "Feature", "properties": { "fid": 756, "gbifID": 3533406346, "occurrenceID": "URN:catalog:CLO:EBIRD:OBS1129093314", "order": "Columbiformes", "family": "Columbidae", "genus": "Geopelia", "species": "Geopelia striata" }, "geometry": { "type": "Point", "coordinates": [ 121.04109, 14.60195 ] } },
{ "type": "Feature", "properties": { "fid": 757, "gbifID": 4824705869, "occurrenceID": "URN:catalog:CLO:EBIRD:OBS1726712554", "order": "Passeriformes", "family": "Oriolidae", "genus": "Oriolus", "species": "Oriolus chinensis" }, "geometry": { "type": "Point", "coordinates": [ 121.04109, 14.60195 ] } },
{ "type": "Feature", "properties": { "fid": 758, "gbifID": 3576171645, "occurrenceID": "URN:catalog:CLO:EBIRD:OBS1237382194", "order": "Passeriformes", "family": "Oriolidae", "genus": "Oriolus", "species": "Oriolus chinensis" }, "geometry": { "type": "Point", "coordinates": [ 121.04307, 14.595008 ] } },
{ "type": "Feature", "properties": { "fid": 759, "gbifID": 4783460683, "occurrenceID": "URN:catalog:CLO:EBIRD:OBS1639025784", "order": "Passeriformes", "family": "Dicaeidae", "genus": "Dicaeum", "species": "Dicaeum australe" }, "geometry": { "type": "Point", "coordinates": [ 121.04109, 14.60195 ] } },
{ "type": "Feature", "properties": { "fid": 760, "gbifID": 3646024546, "occurrenceID": "URN:catalog:CLO:EBIRD:OBS1145763448", "order": "Psittaciformes", "family": "Psittacidae", "genus": "Loriculus", "species": "Loriculus philippensis" }, "geometry": { "type": "Point", "coordinates": [ 121.04109, 14.60195 ] } },
{ "type": "Feature", "properties": { "fid": 761, "gbifID": 3589839198, "occurrenceID": "URN:catalog:CLO:EBIRD:OBS1082871772", "order": "Columbiformes", "family": "Columbidae", "genus": "Geopelia", "species": "Geopelia striata" }, "geometry": { "type": "Point", "coordinates": [ 121.04677, 14.59694 ] } },
{ "type": "Feature", "properties": { "fid": 763, "gbifID": 3534874192, "occurrenceID": "URN:catalog:CLO:EBIRD:OBS1200949594", "order": "Passeriformes", "family": "Acanthizidae", "genus": "Gerygone", "species": "Gerygone sulphurea" }, "geometry": { "type": "Point", "coordinates": [ 121.03753, 14.602924 ] } },
{ "type": "Feature", "properties": { "fid": 765, "gbifID": 3615995258, "occurrenceID": "URN:catalog:CLO:EBIRD:OBS1132503818", "order": "Columbiformes", "family": "Columbidae", "genus": "Geopelia", "species": "Geopelia striata" }, "geometry": { "type": "Point", "coordinates": [ 121.040436, 14.605678 ] } },
{ "type": "Feature", "properties": { "fid": 766, "gbifID": 3674771461, "occurrenceID": "URN:catalog:CLO:EBIRD:OBS1193427445", "order": "Passeriformes", "family": "Passeridae", "genus": "Passer", "species": "Passer montanus" }, "geometry": { "type": "Point", "coordinates": [ 121.03964, 14.576538 ] } },
{ "type": "Feature", "properties": { "fid": 767, "gbifID": 4197678949, "occurrenceID": "URN:catalog:CLO:EBIRD:OBS1324149701", "order": "Passeriformes", "family": "Estrildidae", "genus": "Lonchura", "species": "Lonchura atricapilla" }, "geometry": { "type": "Point", "coordinates": [ 121.04307, 14.595008 ] } },
{ "type": "Feature", "properties": { "fid": 768, "gbifID": 4260936020, "occurrenceID": "URN:catalog:CLO:EBIRD:OBS1467264194", "order": "Columbiformes", "family": "Columbidae", "genus": "Columba", "species": "Columba livia" }, "geometry": { "type": "Point", "coordinates": [ 121.03708, 14.59188 ] } },
{ "type": "Feature", "properties": { "fid": 769, "gbifID": 4239292560, "occurrenceID": "URN:catalog:CLO:EBIRD:OBS1509740660", "order": "Passeriformes", "family": "Acanthizidae", "genus": "Gerygone", "species": "Gerygone sulphurea" }, "geometry": { "type": "Point", "coordinates": [ 121.04076, 14.60353 ] } },
{ "type": "Feature", "properties": { "fid": 770, "gbifID": 3242799514, "occurrenceID": "URN:catalog:CLO:EBIRD:OBS915635962", "order": "Passeriformes", "family": "Nectariniidae", "genus": "Cinnyris", "species": "Cinnyris jugularis" }, "geometry": { "type": "Point", "coordinates": [ 121.03753, 14.602924 ] } },
{ "type": "Feature", "properties": { "fid": 771, "gbifID": 3673789331, "occurrenceID": "URN:catalog:CLO:EBIRD:OBS1119956128", "order": "Passeriformes", "family": "Nectariniidae", "genus": "Cinnyris", "species": "Cinnyris jugularis" }, "geometry": { "type": "Point", "coordinates": [ 121.04109, 14.60195 ] } },
{ "type": "Feature", "properties": { "fid": 773, "gbifID": 3658036890, "occurrenceID": "URN:catalog:CLO:EBIRD:OBS1278134619", "order": "Coraciiformes", "family": "Alcedinidae", "genus": "Alcedo", "species": "Alcedo atthis" }, "geometry": { "type": "Point", "coordinates": [ 121.04109, 14.60195 ] } },
{ "type": "Feature", "properties": { "fid": 774, "gbifID": 3618380945, "occurrenceID": "URN:catalog:CLO:EBIRD:OBS1119129889", "order": "Columbiformes", "family": "Columbidae", "genus": "Columba", "species": "Columba livia" }, "geometry": { "type": "Point", "coordinates": [ 121.03753, 14.602924 ] } },
{ "type": "Feature", "properties": { "fid": 775, "gbifID": 3137410897, "occurrenceID": "URN:catalog:CLO:EBIRD:OBS870451554", "order": "Passeriformes", "family": "Pycnonotidae", "genus": "Pycnonotus", "species": "Pycnonotus goiavier" }, "geometry": { "type": "Point", "coordinates": [ 121.03753, 14.602924 ] } },
{ "type": "Feature", "properties": { "fid": 776, "gbifID": 5657959861, "occurrenceID": "URN:catalog:CLO:EBIRD:OBS2431090531", "order": "Piciformes", "family": "Megalaimidae", "genus": "Psilopogon", "species": "Psilopogon haemacephalus" }, "geometry": { "type": "Point", "coordinates": [ 121.038605, 14.603709 ] } },
{ "type": "Feature", "properties": { "fid": 777, "gbifID": 5512594859, "occurrenceID": "URN:catalog:CLO:EBIRD:OBS2040682526", "order": "Passeriformes", "family": "Hirundinidae", "genus": "Hirundo", "species": "Hirundo javanica" }, "geometry": { "type": "Point", "coordinates": [ 121.03203, 14.607486 ] } },
{ "type": "Feature", "properties": { "fid": 779, "gbifID": 5403902437, "occurrenceID": "URN:catalog:CLO:EBIRD:OBS2431090543", "order": "Passeriformes", "family": "Estrildidae", "genus": "Lonchura", "species": "Lonchura atricapilla" }, "geometry": { "type": "Point", "coordinates": [ 121.038605, 14.603709 ] } },
{ "type": "Feature", "properties": { "fid": 780, "gbifID": 4271281918, "occurrenceID": "URN:catalog:CLO:EBIRD:OBS1385753877", "order": "Passeriformes", "family": "Hirundinidae", "genus": "Hirundo", "species": "Hirundo javanica" }, "geometry": { "type": "Point", "coordinates": [ 121.04728, 14.598908 ] } },
{ "type": "Feature", "properties": { "fid": 781, "gbifID": 4336585149, "occurrenceID": "URN:catalog:CLO:EBIRD:OBS1357358310", "order": "Columbiformes", "family": "Columbidae", "genus": "Columba", "species": "Columba livia" }, "geometry": { "type": "Point", "coordinates": [ 121.04898, 14.589453 ] } },
{ "type": "Feature", "properties": { "fid": 782, "gbifID": 3516212818, "occurrenceID": "URN:catalog:CLO:EBIRD:OBS1073368670", "order": "Columbiformes", "family": "Columbidae", "genus": "Columba", "species": "Columba livia" }, "geometry": { "type": "Point", "coordinates": [ 121.04677, 14.59694 ] } },
{ "type": "Feature", "properties": { "fid": 783, "gbifID": 4378425850, "occurrenceID": "URN:catalog:CLO:EBIRD:OBS1470627201", "order": "Passeriformes", "family": "Acanthizidae", "genus": "Gerygone", "species": "Gerygone sulphurea" }, "geometry": { "type": "Point", "coordinates": [ 121.03708, 14.59188 ] } },
{ "type": "Feature", "properties": { "fid": 784, "gbifID": 5337550421, "occurrenceID": "URN:catalog:CLO:EBIRD:OBS2708448628", "order": "Passeriformes", "family": "Passeridae", "genus": "Passer", "species": "Passer montanus" }, "geometry": { "type": "Point", "coordinates": [ 121.05332, 14.604934 ] } },
{ "type": "Feature", "properties": { "fid": 785, "gbifID": 4661924886, "occurrenceID": "URN:catalog:CLO:EBIRD:OBS1609959366", "order": "Passeriformes", "family": "Oriolidae", "genus": "Oriolus", "species": "Oriolus chinensis" }, "geometry": { "type": "Point", "coordinates": [ 121.04109, 14.60195 ] } },
{ "type": "Feature", "properties": { "fid": 786, "gbifID": 3676119817, "occurrenceID": "URN:catalog:CLO:EBIRD:OBS1121865208", "order": "Accipitriformes", "family": "Pandionidae", "genus": "Pandion", "species": "Pandion haliaetus" }, "geometry": { "type": "Point", "coordinates": [ 121.02639, 14.606391 ] } },
{ "type": "Feature", "properties": { "fid": 787, "gbifID": 3543220754, "occurrenceID": "URN:catalog:CLO:EBIRD:OBS1129473868", "order": "Passeriformes", "family": "Rhipiduridae", "genus": "Rhipidura", "species": "Rhipidura nigritorquis" }, "geometry": { "type": "Point", "coordinates": [ 121.038605, 14.603709 ] } },
{ "type": "Feature", "properties": { "fid": 788, "gbifID": 3669242440, "occurrenceID": "URN:catalog:CLO:EBIRD:OBS1073188633", "order": "Passeriformes", "family": "Zosteropidae", "genus": "Zosterops", "species": "Zosterops meyeni" }, "geometry": { "type": "Point", "coordinates": [ 121.04677, 14.59694 ] } },
{ "type": "Feature", "properties": { "fid": 789, "gbifID": 3240673956, "occurrenceID": "URN:catalog:CLO:EBIRD:OBS933608503", "order": "Passeriformes", "family": "Rhipiduridae", "genus": "Rhipidura", "species": "Rhipidura nigritorquis" }, "geometry": { "type": "Point", "coordinates": [ 121.05384, 14.579544 ] } },
{ "type": "Feature", "properties": { "fid": 791, "gbifID": 3505643478, "occurrenceID": "URN:catalog:CLO:EBIRD:OBS1054332211", "order": "Psittaciformes", "family": "Psittacidae", "genus": "Loriculus", "species": "Loriculus philippensis" }, "geometry": { "type": "Point", "coordinates": [ 121.03753, 14.602924 ] } },
{ "type": "Feature", "properties": { "fid": 792, "gbifID": 3531190252, "occurrenceID": "URN:catalog:CLO:EBIRD:OBS1251709968", "order": "Passeriformes", "family": "Campephagidae", "genus": "Lalage", "species": "Lalage nigra" }, "geometry": { "type": "Point", "coordinates": [ 121.041954, 14.602813 ] } },
{ "type": "Feature", "properties": { "fid": 793, "gbifID": 4337964907, "occurrenceID": "URN:catalog:CLO:EBIRD:OBS1518646418", "order": "Psittaciformes", "family": "Psittacidae", "genus": "Loriculus", "species": "Loriculus philippensis" }, "geometry": { "type": "Point", "coordinates": [ 121.04677, 14.59694 ] } },
{ "type": "Feature", "properties": { "fid": 794, "gbifID": 3640501080, "occurrenceID": "URN:catalog:CLO:EBIRD:OBS1241363021", "order": "Passeriformes", "family": "Oriolidae", "genus": "Oriolus", "species": "Oriolus chinensis" }, "geometry": { "type": "Point", "coordinates": [ 121.041954, 14.602813 ] } },
{ "type": "Feature", "properties": { "fid": 795, "gbifID": 5662295678, "occurrenceID": "URN:catalog:CLO:EBIRD:OBS2552281872", "order": "Pelecaniformes", "family": "Ardeidae", "genus": "Nycticorax", "species": "Nycticorax nycticorax" }, "geometry": { "type": "Point", "coordinates": [ 121.04906, 14.589362 ] } },
{ "type": "Feature", "properties": { "fid": 796, "gbifID": 4748302693, "occurrenceID": "URN:catalog:CLO:EBIRD:OBS1895420882", "order": "Passeriformes", "family": "Pycnonotidae", "genus": "Pycnonotus", "species": "Pycnonotus goiavier" }, "geometry": { "type": "Point", "coordinates": [ 121.041985, 14.595222 ] } },
{ "type": "Feature", "properties": { "fid": 797, "gbifID": 5531656941, "occurrenceID": "URN:catalog:CLO:EBIRD:OBS1956776317", "order": "Psittaciformes", "family": "Psittacidae", "genus": "Loriculus", "species": "Loriculus philippensis" }, "geometry": { "type": "Point", "coordinates": [ 121.04055, 14.605313 ] } },
{ "type": "Feature", "properties": { "fid": 798, "gbifID": 3599319588, "occurrenceID": "URN:catalog:CLO:EBIRD:OBS1086340980", "order": "Passeriformes", "family": "Rhipiduridae", "genus": "Rhipidura", "species": "Rhipidura nigritorquis" }, "geometry": { "type": "Point", "coordinates": [ 121.04677, 14.59694 ] } },
{ "type": "Feature", "properties": { "fid": 799, "gbifID": 3290408975, "occurrenceID": "URN:catalog:CLO:EBIRD:OBS1000064001", "order": "Passeriformes", "family": "Laniidae", "genus": "Lanius", "species": "Lanius cristatus" }, "geometry": { "type": "Point", "coordinates": [ 121.03753, 14.602924 ] } },
{ "type": "Feature", "properties": { "fid": 800, "gbifID": 3552496489, "occurrenceID": "URN:catalog:CLO:EBIRD:OBS1117989318", "order": "Passeriformes", "family": "Acanthizidae", "genus": "Gerygone", "species": "Gerygone sulphurea" }, "geometry": { "type": "Point", "coordinates": [ 121.04109, 14.60195 ] } },
{ "type": "Feature", "properties": { "fid": 801, "gbifID": 3548896495, "occurrenceID": "URN:catalog:CLO:EBIRD:OBS1266508557", "order": "Coraciiformes", "family": "Alcedinidae", "genus": "Todiramphus", "species": "Todiramphus chloris" }, "geometry": { "type": "Point", "coordinates": [ 121.04677, 14.59694 ] } },
{ "type": "Feature", "properties": { "fid": 802, "gbifID": 3225170266, "occurrenceID": "URN:catalog:CLO:EBIRD:OBS854896563", "order": "Passeriformes", "family": "Passeridae", "genus": "Passer", "species": "Passer montanus" }, "geometry": { "type": "Point", "coordinates": [ 121.059845, 14.581927 ] } },
{ "type": "Feature", "properties": { "fid": 803, "gbifID": 4774718220, "occurrenceID": "URN:catalog:CLO:EBIRD:OBS1780341739", "order": "Passeriformes", "family": "Campephagidae", "genus": "Lalage", "species": "Lalage nigra" }, "geometry": { "type": "Point", "coordinates": [ 121.05693, 14.582642 ] } },
{ "type": "Feature", "properties": { "fid": 804, "gbifID": 5425496159, "occurrenceID": "URN:catalog:CLO:EBIRD:OBS1951483892", "order": "Apodiformes", "family": "Apodidae", "genus": "Aerodramus", "species": "Aerodramus amelis" }, "geometry": { "type": "Point", "coordinates": [ 121.04774, 14.589665 ] } },
{ "type": "Feature", "properties": { "fid": 805, "gbifID": 3190933062, "occurrenceID": "URN:catalog:CLO:EBIRD:OBS1014073111", "order": "Passeriformes", "family": "Rhipiduridae", "genus": "Rhipidura", "species": "Rhipidura nigritorquis" }, "geometry": { "type": "Point", "coordinates": [ 121.03964, 14.576538 ] } },
{ "type": "Feature", "properties": { "fid": 806, "gbifID": 3603010121, "occurrenceID": "URN:catalog:CLO:EBIRD:OBS1103447736", "order": "Passeriformes", "family": "Nectariniidae", "genus": "Cinnyris", "species": "Cinnyris jugularis" }, "geometry": { "type": "Point", "coordinates": [ 121.04109, 14.60195 ] } },
{ "type": "Feature", "properties": { "fid": 807, "gbifID": 4201786802, "occurrenceID": "URN:catalog:CLO:EBIRD:OBS1350512003", "order": "Gruiformes", "family": "Rallidae", "genus": "Amaurornis", "species": "Amaurornis phoenicurus" }, "geometry": { "type": "Point", "coordinates": [ 121.042046, 14.594734 ] } },
{ "type": "Feature", "properties": { "fid": 808, "gbifID": 3528724187, "occurrenceID": "URN:catalog:CLO:EBIRD:OBS1099641327", "order": "Columbiformes", "family": "Columbidae", "genus": "Columba", "species": "Columba livia" }, "geometry": { "type": "Point", "coordinates": [ 121.04109, 14.60195 ] } },
{ "type": "Feature", "properties": { "fid": 809, "gbifID": 3666904663, "occurrenceID": "URN:catalog:CLO:EBIRD:OBS1073188631", "order": "Passeriformes", "family": "Oriolidae", "genus": "Oriolus", "species": "Oriolus chinensis" }, "geometry": { "type": "Point", "coordinates": [ 121.04677, 14.59694 ] } },
{ "type": "Feature", "properties": { "fid": 810, "gbifID": 3637644656, "occurrenceID": "URN:catalog:CLO:EBIRD:OBS1212600397", "order": "Passeriformes", "family": "Sturnidae", "genus": "Aplonis", "species": "Aplonis panayensis" }, "geometry": { "type": "Point", "coordinates": [ 121.04044, 14.606056 ] } },
{ "type": "Feature", "properties": { "fid": 811, "gbifID": 4313257820, "occurrenceID": "URN:catalog:CLO:EBIRD:OBS1357342912", "order": "Passeriformes", "family": "Nectariniidae", "genus": "Cinnyris", "species": "Cinnyris jugularis" }, "geometry": { "type": "Point", "coordinates": [ 121.04363, 14.594279 ] } },
{ "type": "Feature", "properties": { "fid": 812, "gbifID": 5490290145, "occurrenceID": "URN:catalog:CLO:EBIRD:OBS2431090538", "order": "Psittaciformes", "family": "Psittacidae", "genus": "Loriculus", "species": "Loriculus philippensis" }, "geometry": { "type": "Point", "coordinates": [ 121.038605, 14.603709 ] } },
{ "type": "Feature", "properties": { "fid": 813, "gbifID": 3512086182, "occurrenceID": "URN:catalog:CLO:EBIRD:OBS1051844883", "order": "Apodiformes", "family": "Apodidae", "genus": "Collocalia", "species": "Collocalia marginata" }, "geometry": { "type": "Point", "coordinates": [ 121.057045, 14.589503 ] } },
{ "type": "Feature", "properties": { "fid": 815, "gbifID": 3298879454, "occurrenceID": "URN:catalog:CLO:EBIRD:OBS865788039", "order": "Columbiformes", "family": "Columbidae", "genus": "Spilopelia", "species": "Spilopelia chinensis" }, "geometry": { "type": "Point", "coordinates": [ 121.03753, 14.602924 ] } },
{ "type": "Feature", "properties": { "fid": 818, "gbifID": 3150933679, "occurrenceID": "URN:catalog:CLO:EBIRD:OBS917194953", "order": "Passeriformes", "family": "Acanthizidae", "genus": "Gerygone", "species": "Gerygone sulphurea" }, "geometry": { "type": "Point", "coordinates": [ 121.03753, 14.602924 ] } },
{ "type": "Feature", "properties": { "fid": 819, "gbifID": 3541601816, "occurrenceID": "URN:catalog:CLO:EBIRD:OBS1086353727", "order": "Columbiformes", "family": "Columbidae", "genus": "Columba", "species": "Columba livia" }, "geometry": { "type": "Point", "coordinates": [ 121.03964, 14.576538 ] } },
{ "type": "Feature", "properties": { "fid": 820, "gbifID": 3675467011, "occurrenceID": "URN:catalog:CLO:EBIRD:OBS1117832744", "order": "Passeriformes", "family": "Nectariniidae", "genus": "Cinnyris", "species": "Cinnyris jugularis" }, "geometry": { "type": "Point", "coordinates": [ 121.04044, 14.606056 ] } },
{ "type": "Feature", "properties": { "fid": 822, "gbifID": 5367897330, "occurrenceID": "URN:catalog:CLO:EBIRD:OBS1956772192", "order": "Passeriformes", "family": "Nectariniidae", "genus": "Cinnyris", "species": "Cinnyris jugularis" }, "geometry": { "type": "Point", "coordinates": [ 121.03753, 14.602924 ] } },
{ "type": "Feature", "properties": { "fid": 823, "gbifID": 5546010845, "occurrenceID": "URN:catalog:CLO:EBIRD:OBS1956773900", "order": "Passeriformes", "family": "Nectariniidae", "genus": "Cinnyris", "species": "Cinnyris jugularis" }, "geometry": { "type": "Point", "coordinates": [ 121.04055, 14.605313 ] } },
{ "type": "Feature", "properties": { "fid": 824, "gbifID": 3682779669, "occurrenceID": "URN:catalog:CLO:EBIRD:OBS1122473258", "order": "Pelecaniformes", "family": "Ardeidae", "genus": "Egretta", "species": "Egretta garzetta" }, "geometry": { "type": "Point", "coordinates": [ 121.038605, 14.603709 ] } },
{ "type": "Feature", "properties": { "fid": 825, "gbifID": 4194433576, "occurrenceID": "URN:catalog:CLO:EBIRD:OBS1320624419", "order": "Coraciiformes", "family": "Alcedinidae", "genus": "Todiramphus", "species": "Todiramphus chloris" }, "geometry": { "type": "Point", "coordinates": [ 121.04109, 14.60195 ] } },
{ "type": "Feature", "properties": { "fid": 826, "gbifID": 4329506875, "occurrenceID": "URN:catalog:CLO:EBIRD:OBS1357342921", "order": "Passeriformes", "family": "Acanthizidae", "genus": "Gerygone", "species": "Gerygone sulphurea" }, "geometry": { "type": "Point", "coordinates": [ 121.04363, 14.594279 ] } },
{ "type": "Feature", "properties": { "fid": 827, "gbifID": 4774716318, "occurrenceID": "URN:catalog:CLO:EBIRD:OBS1639025163", "order": "Passeriformes", "family": "Pycnonotidae", "genus": "Pycnonotus", "species": "Pycnonotus goiavier" }, "geometry": { "type": "Point", "coordinates": [ 121.04109, 14.60195 ] } },
{ "type": "Feature", "properties": { "fid": 829, "gbifID": 5437110522, "occurrenceID": "URN:catalog:CLO:EBIRD:OBS2527578499", "order": "Apodiformes", "family": "Apodidae", "genus": "Collocalia", "species": "Collocalia marginata" }, "geometry": { "type": "Point", "coordinates": [ 121.05737, 14.588144 ] } },
{ "type": "Feature", "properties": { "fid": 830, "gbifID": 3642026239, "occurrenceID": "URN:catalog:CLO:EBIRD:OBS1242471482", "order": "Passeriformes", "family": "Laniidae", "genus": "Lanius", "species": "Lanius cristatus" }, "geometry": { "type": "Point", "coordinates": [ 121.041954, 14.602813 ] } },
{ "type": "Feature", "properties": { "fid": 831, "gbifID": 3231846831, "occurrenceID": "URN:catalog:CLO:EBIRD:OBS933608508", "order": "Passeriformes", "family": "Campephagidae", "genus": "Lalage", "species": "Lalage nigra" }, "geometry": { "type": "Point", "coordinates": [ 121.05384, 14.579544 ] } },
{ "type": "Feature", "properties": { "fid": 832, "gbifID": 3174227735, "occurrenceID": "URN:catalog:CLO:EBIRD:OBS915795109", "order": "Columbiformes", "family": "Columbidae", "genus": "Geopelia", "species": "Geopelia striata" }, "geometry": { "type": "Point", "coordinates": [ 121.03753, 14.602924 ] } },
{ "type": "Feature", "properties": { "fid": 833, "gbifID": 3685532398, "occurrenceID": "URN:catalog:CLO:EBIRD:OBS1216850945", "order": "Passeriformes", "family": "Acanthizidae", "genus": "Gerygone", "species": "Gerygone sulphurea" }, "geometry": { "type": "Point", "coordinates": [ 121.04109, 14.60195 ] } },
{ "type": "Feature", "properties": { "fid": 834, "gbifID": 3631207991, "occurrenceID": "URN:catalog:CLO:EBIRD:OBS1132503803", "order": "Passeriformes", "family": "Passeridae", "genus": "Passer", "species": "Passer montanus" }, "geometry": { "type": "Point", "coordinates": [ 121.040436, 14.605678 ] } },
{ "type": "Feature", "properties": { "fid": 835, "gbifID": 3675429909, "occurrenceID": "URN:catalog:CLO:EBIRD:OBS1073180554", "order": "Columbiformes", "family": "Columbidae", "genus": "Columba", "species": "Columba livia" }, "geometry": { "type": "Point", "coordinates": [ 121.04109, 14.60195 ] } },
{ "type": "Feature", "properties": { "fid": 836, "gbifID": 4707660943, "occurrenceID": "URN:catalog:CLO:EBIRD:OBS1639025160", "order": "Columbiformes", "family": "Columbidae", "genus": "Geopelia", "species": "Geopelia striata" }, "geometry": { "type": "Point", "coordinates": [ 121.04109, 14.60195 ] } },
{ "type": "Feature", "properties": { "fid": 837, "gbifID": 3273740012, "occurrenceID": "URN:catalog:CLO:EBIRD:OBS862792023", "order": "Columbiformes", "family": "Columbidae", "genus": "Columba", "species": "Columba livia" }, "geometry": { "type": "Point", "coordinates": [ 121.05856, 14.588318 ] } },
{ "type": "Feature", "properties": { "fid": 838, "gbifID": 3183873747, "occurrenceID": "URN:catalog:CLO:EBIRD:OBS976509747", "order": "Columbiformes", "family": "Columbidae", "genus": "Geopelia", "species": "Geopelia striata" }, "geometry": { "type": "Point", "coordinates": [ 121.05856, 14.588318 ] } },
{ "type": "Feature", "properties": { "fid": 839, "gbifID": 5556225642, "occurrenceID": "URN:catalog:CLO:EBIRD:OBS2993223181", "order": "Pelecaniformes", "family": "Ardeidae", "genus": "Egretta", "species": "Egretta intermedia" }, "geometry": { "type": "Point", "coordinates": [ 121.04898, 14.589453 ] } },
{ "type": "Feature", "properties": { "fid": 840, "gbifID": 3188135472, "occurrenceID": "URN:catalog:CLO:EBIRD:OBS1008206962", "order": "Passeriformes", "family": "Pycnonotidae", "genus": "Pycnonotus", "species": "Pycnonotus goiavier" }, "geometry": { "type": "Point", "coordinates": [ 121.04898, 14.589453 ] } },
{ "type": "Feature", "properties": { "fid": 841, "gbifID": 4294199547, "occurrenceID": "URN:catalog:CLO:EBIRD:OBS1313289256", "order": "Piciformes", "family": "Megalaimidae", "genus": "Psilopogon", "species": "Psilopogon haemacephalus" }, "geometry": { "type": "Point", "coordinates": [ 121.04044, 14.606056 ] } },
{ "type": "Feature", "properties": { "fid": 842, "gbifID": 4713433224, "occurrenceID": "URN:catalog:CLO:EBIRD:OBS1651041427", "order": "Passeriformes", "family": "Laniidae", "genus": "Lanius", "species": "Lanius cristatus" }, "geometry": { "type": "Point", "coordinates": [ 121.05878, 14.588141 ] } },
{ "type": "Feature", "properties": { "fid": 843, "gbifID": 4650292467, "occurrenceID": "URN:catalog:CLO:EBIRD:OBS1597543436", "order": "Passeriformes", "family": "Rhipiduridae", "genus": "Rhipidura", "species": "Rhipidura nigritorquis" }, "geometry": { "type": "Point", "coordinates": [ 121.039185, 14.601851 ] } },
{ "type": "Feature", "properties": { "fid": 844, "gbifID": 4302371658, "occurrenceID": "URN:catalog:CLO:EBIRD:OBS1320616447", "order": "Passeriformes", "family": "Pycnonotidae", "genus": "Pycnonotus", "species": "Pycnonotus goiavier" }, "geometry": { "type": "Point", "coordinates": [ 121.04109, 14.60195 ] } },
{ "type": "Feature", "properties": { "fid": 845, "gbifID": 3620008483, "occurrenceID": "URN:catalog:CLO:EBIRD:OBS1165842385", "order": "Columbiformes", "family": "Columbidae", "genus": "Geopelia", "species": "Geopelia striata" }, "geometry": { "type": "Point", "coordinates": [ 121.04109, 14.60195 ] } },
{ "type": "Feature", "properties": { "fid": 846, "gbifID": 3136811618, "occurrenceID": "URN:catalog:CLO:EBIRD:OBS870451560", "order": "Psittaciformes", "family": "Psittacidae", "genus": "Loriculus", "species": "Loriculus philippensis" }, "geometry": { "type": "Point", "coordinates": [ 121.03753, 14.602924 ] } },
{ "type": "Feature", "properties": { "fid": 848, "gbifID": 3227647214, "occurrenceID": "URN:catalog:CLO:EBIRD:OBS922352524", "order": "Passeriformes", "family": "Nectariniidae", "genus": "Cinnyris", "species": "Cinnyris jugularis" }, "geometry": { "type": "Point", "coordinates": [ 121.03753, 14.602924 ] } },
{ "type": "Feature", "properties": { "fid": 849, "gbifID": 5343034960, "occurrenceID": "URN:catalog:CLO:EBIRD:OBS2431090529", "order": "Passeriformes", "family": "Nectariniidae", "genus": "Cinnyris", "species": "Cinnyris jugularis" }, "geometry": { "type": "Point", "coordinates": [ 121.038605, 14.603709 ] } },
{ "type": "Feature", "properties": { "fid": 850, "gbifID": 4650651826, "occurrenceID": "URN:catalog:CLO:EBIRD:OBS1853813275", "order": "Passeriformes", "family": "Laniidae", "genus": "Lanius", "species": "Lanius cristatus" }, "geometry": { "type": "Point", "coordinates": [ 121.05878, 14.588141 ] } },
{ "type": "Feature", "properties": { "fid": 851, "gbifID": 3587837316, "occurrenceID": "URN:catalog:CLO:EBIRD:OBS1084314136", "order": "Passeriformes", "family": "Rhipiduridae", "genus": "Rhipidura", "species": "Rhipidura nigritorquis" }, "geometry": { "type": "Point", "coordinates": [ 121.04677, 14.59694 ] } },
{ "type": "Feature", "properties": { "fid": 852, "gbifID": 3634808104, "occurrenceID": "URN:catalog:CLO:EBIRD:OBS1242462496", "order": "Coraciiformes", "family": "Alcedinidae", "genus": "Todiramphus", "species": "Todiramphus chloris" }, "geometry": { "type": "Point", "coordinates": [ 121.04109, 14.60195 ] } },
{ "type": "Feature", "properties": { "fid": 853, "gbifID": 3509362981, "occurrenceID": "URN:catalog:CLO:EBIRD:OBS1094481661", "order": "Columbiformes", "family": "Columbidae", "genus": "Columba", "species": "Columba livia" }, "geometry": { "type": "Point", "coordinates": [ 121.03964, 14.576538 ] } },
{ "type": "Feature", "properties": { "fid": 854, "gbifID": 4682479577, "occurrenceID": "URN:catalog:CLO:EBIRD:OBS1853007225", "order": "Passeriformes", "family": "Laniidae", "genus": "Lanius", "species": "Lanius cristatus" }, "geometry": { "type": "Point", "coordinates": [ 121.05878, 14.588141 ] } },
{ "type": "Feature", "properties": { "fid": 855, "gbifID": 4745151761, "occurrenceID": "URN:catalog:CLO:EBIRD:OBS1951648812", "order": "Passeriformes", "family": "Dicaeidae", "genus": "Dicaeum", "species": "Dicaeum australe" }, "geometry": { "type": "Point", "coordinates": [ 121.03665, 14.589744 ] } },
{ "type": "Feature", "properties": { "fid": 856, "gbifID": 3599344063, "occurrenceID": "URN:catalog:CLO:EBIRD:OBS1114410061", "order": "Passeriformes", "family": "Nectariniidae", "genus": "Cinnyris", "species": "Cinnyris jugularis" }, "geometry": { "type": "Point", "coordinates": [ 121.04109, 14.60195 ] } },
{ "type": "Feature", "properties": { "fid": 857, "gbifID": 3693888422, "occurrenceID": "URN:catalog:CLO:EBIRD:OBS1241363599", "order": "Passeriformes", "family": "Acanthizidae", "genus": "Gerygone", "species": "Gerygone sulphurea" }, "geometry": { "type": "Point", "coordinates": [ 121.041954, 14.602813 ] } },
{ "type": "Feature", "properties": { "fid": 859, "gbifID": 3624103026, "occurrenceID": "URN:catalog:CLO:EBIRD:OBS1111245693", "order": "Psittaciformes", "family": "Psittacidae", "genus": "Loriculus", "species": "Loriculus philippensis" }, "geometry": { "type": "Point", "coordinates": [ 121.04109, 14.60195 ] } },
{ "type": "Feature", "properties": { "fid": 860, "gbifID": 3687360480, "occurrenceID": "URN:catalog:CLO:EBIRD:OBS1267079731", "order": "Passeriformes", "family": "Nectariniidae", "genus": "Cinnyris", "species": "Cinnyris jugularis" }, "geometry": { "type": "Point", "coordinates": [ 121.041954, 14.602813 ] } },
{ "type": "Feature", "properties": { "fid": 861, "gbifID": 3174227539, "occurrenceID": "URN:catalog:CLO:EBIRD:OBS915645736", "order": "Passeriformes", "family": "Sturnidae", "genus": "Aplonis", "species": "Aplonis panayensis" }, "geometry": { "type": "Point", "coordinates": [ 121.03753, 14.602924 ] } },
{ "type": "Feature", "properties": { "fid": 862, "gbifID": 3603846650, "occurrenceID": "URN:catalog:CLO:EBIRD:OBS1192335795", "order": "Passeriformes", "family": "Sturnidae", "genus": "Aplonis", "species": "Aplonis panayensis" }, "geometry": { "type": "Point", "coordinates": [ 121.03964, 14.576538 ] } },
{ "type": "Feature", "properties": { "fid": 863, "gbifID": 4823858769, "occurrenceID": "URN:catalog:CLO:EBIRD:OBS1726712715", "order": "Columbiformes", "family": "Columbidae", "genus": "Spilopelia", "species": "Spilopelia chinensis" }, "geometry": { "type": "Point", "coordinates": [ 121.04109, 14.60195 ] } },
{ "type": "Feature", "properties": { "fid": 864, "gbifID": 5491097406, "occurrenceID": "URN:catalog:CLO:EBIRD:OBS2540247937", "order": "Psittaciformes", "family": "Psittacidae", "genus": "Loriculus", "species": "Loriculus philippensis" }, "geometry": { "type": "Point", "coordinates": [ 121.04055, 14.605313 ] } },
{ "type": "Feature", "properties": { "fid": 865, "gbifID": 4711925692, "occurrenceID": "URN:catalog:CLO:EBIRD:OBS1639029373", "order": "Passeriformes", "family": "Acanthizidae", "genus": "Gerygone", "species": "Gerygone sulphurea" }, "geometry": { "type": "Point", "coordinates": [ 121.02962, 14.605055 ] } },
{ "type": "Feature", "properties": { "fid": 866, "gbifID": 4674735101, "occurrenceID": "URN:catalog:CLO:EBIRD:OBS1907598493", "order": "Passeriformes", "family": "Campephagidae", "genus": "Lalage", "species": "Lalage nigra" }, "geometry": { "type": "Point", "coordinates": [ 121.04774, 14.589665 ] } },
{ "type": "Feature", "properties": { "fid": 867, "gbifID": 3239306824, "occurrenceID": "URN:catalog:CLO:EBIRD:OBS933608506", "order": "Passeriformes", "family": "Nectariniidae", "genus": "Cinnyris", "species": "Cinnyris jugularis" }, "geometry": { "type": "Point", "coordinates": [ 121.05384, 14.579544 ] } },
{ "type": "Feature", "properties": { "fid": 868, "gbifID": 4832819970, "occurrenceID": "URN:catalog:CLO:EBIRD:OBS1726714920", "order": "Passeriformes", "family": "Dicaeidae", "genus": "Dicaeum", "species": "Dicaeum australe" }, "geometry": { "type": "Point", "coordinates": [ 121.04109, 14.60195 ] } },
{ "type": "Feature", "properties": { "fid": 869, "gbifID": 3574533109, "occurrenceID": "URN:catalog:CLO:EBIRD:OBS1246521928", "order": "Piciformes", "family": "Picidae", "genus": "Yungipicus", "species": "Yungipicus maculatus" }, "geometry": { "type": "Point", "coordinates": [ 121.04728, 14.598908 ] } },
{ "type": "Feature", "properties": { "fid": 870, "gbifID": 3693528726, "occurrenceID": "URN:catalog:CLO:EBIRD:OBS1267079734", "order": "Passeriformes", "family": "Pycnonotidae", "genus": "Pycnonotus", "species": "Pycnonotus goiavier" }, "geometry": { "type": "Point", "coordinates": [ 121.041954, 14.602813 ] } },
{ "type": "Feature", "properties": { "fid": 871, "gbifID": 4239315933, "occurrenceID": "URN:catalog:CLO:EBIRD:OBS1323152448", "order": "Passeriformes", "family": "Pycnonotidae", "genus": "Pycnonotus", "species": "Pycnonotus goiavier" }, "geometry": { "type": "Point", "coordinates": [ 121.04109, 14.60195 ] } },
{ "type": "Feature", "properties": { "fid": 872, "gbifID": 3681067002, "occurrenceID": "URN:catalog:CLO:EBIRD:OBS1117992346", "order": "Passeriformes", "family": "Sturnidae", "genus": "Acridotheres", "species": "Acridotheres cristatellus" }, "geometry": { "type": "Point", "coordinates": [ 121.038605, 14.603709 ] } },
{ "type": "Feature", "properties": { "fid": 873, "gbifID": 4192211845, "occurrenceID": "URN:catalog:CLO:EBIRD:OBS1430311528", "order": "Passeriformes", "family": "Oriolidae", "genus": "Oriolus", "species": "Oriolus chinensis" }, "geometry": { "type": "Point", "coordinates": [ 121.04898, 14.589453 ] } },
{ "type": "Feature", "properties": { "fid": 874, "gbifID": 4205434621, "occurrenceID": "URN:catalog:CLO:EBIRD:OBS1329314377", "order": "Passeriformes", "family": "Acanthizidae", "genus": "Gerygone", "species": "Gerygone sulphurea" }, "geometry": { "type": "Point", "coordinates": [ 121.04553, 14.597787 ] } },
{ "type": "Feature", "properties": { "fid": 875, "gbifID": 3297705928, "occurrenceID": "URN:catalog:CLO:EBIRD:OBS1000064007", "order": "Columbiformes", "family": "Columbidae", "genus": "Geopelia", "species": "Geopelia striata" }, "geometry": { "type": "Point", "coordinates": [ 121.03753, 14.602924 ] } },
{ "type": "Feature", "properties": { "fid": 876, "gbifID": 4816483823, "occurrenceID": "URN:catalog:CLO:EBIRD:OBS1726714917", "order": "Passeriformes", "family": "Pycnonotidae", "genus": "Pycnonotus", "species": "Pycnonotus goiavier" }, "geometry": { "type": "Point", "coordinates": [ 121.04109, 14.60195 ] } },
{ "type": "Feature", "properties": { "fid": 877, "gbifID": 4347228860, "occurrenceID": "URN:catalog:CLO:EBIRD:OBS1392628308", "order": "Passeriformes", "family": "Pycnonotidae", "genus": "Pycnonotus", "species": "Pycnonotus goiavier" }, "geometry": { "type": "Point", "coordinates": [ 121.05715, 14.580761 ] } },
{ "type": "Feature", "properties": { "fid": 878, "gbifID": 5684524050, "occurrenceID": "URN:catalog:CLO:EBIRD:OBS2431090541", "order": "Coraciiformes", "family": "Alcedinidae", "genus": "Alcedo", "species": "Alcedo atthis" }, "geometry": { "type": "Point", "coordinates": [ 121.038605, 14.603709 ] } },
{ "type": "Feature", "properties": { "fid": 879, "gbifID": 3642205743, "occurrenceID": "URN:catalog:CLO:EBIRD:OBS1222162983", "order": "Passeriformes", "family": "Oriolidae", "genus": "Oriolus", "species": "Oriolus chinensis" }, "geometry": { "type": "Point", "coordinates": [ 121.04728, 14.598908 ] } },
{ "type": "Feature", "properties": { "fid": 880, "gbifID": 3684959436, "occurrenceID": "URN:catalog:CLO:EBIRD:OBS1116027940", "order": "Passeriformes", "family": "Pycnonotidae", "genus": "Pycnonotus", "species": "Pycnonotus goiavier" }, "geometry": { "type": "Point", "coordinates": [ 121.04109, 14.60195 ] } },
{ "type": "Feature", "properties": { "fid": 881, "gbifID": 3538514496, "occurrenceID": "URN:catalog:CLO:EBIRD:OBS1073190926", "order": "Passeriformes", "family": "Corvidae", "genus": "Corvus", "species": null }, "geometry": { "type": "Point", "coordinates": [ 121.04677, 14.59694 ] } },
{ "type": "Feature", "properties": { "fid": 882, "gbifID": 4344661022, "occurrenceID": "URN:catalog:CLO:EBIRD:OBS1518639845", "order": "Coraciiformes", "family": "Alcedinidae", "genus": "Alcedo", "species": "Alcedo atthis" }, "geometry": { "type": "Point", "coordinates": [ 121.04109, 14.60195 ] } },
{ "type": "Feature", "properties": { "fid": 883, "gbifID": 3686227888, "occurrenceID": "URN:catalog:CLO:EBIRD:OBS1251721843", "order": "Columbiformes", "family": "Columbidae", "genus": "Spilopelia", "species": "Spilopelia chinensis" }, "geometry": { "type": "Point", "coordinates": [ 121.04109, 14.60195 ] } },
{ "type": "Feature", "properties": { "fid": 884, "gbifID": 4637386866, "occurrenceID": "URN:catalog:CLO:EBIRD:OBS1876313495", "order": "Passeriformes", "family": "Phylloscopidae", "genus": "Phylloscopus", "species": "Phylloscopus borealis" }, "geometry": { "type": "Point", "coordinates": [ 121.05878, 14.588141 ] } },
{ "type": "Feature", "properties": { "fid": 886, "gbifID": 4736491741, "occurrenceID": "URN:catalog:CLO:EBIRD:OBS1956762777", "order": "Passeriformes", "family": "Dicaeidae", "genus": "Dicaeum", "species": "Dicaeum australe" }, "geometry": { "type": "Point", "coordinates": [ 121.04055, 14.605313 ] } },
{ "type": "Feature", "properties": { "fid": 887, "gbifID": 4368618355, "occurrenceID": "URN:catalog:CLO:EBIRD:OBS1475196189", "order": "Passeriformes", "family": "Passeridae", "genus": "Passer", "species": "Passer montanus" }, "geometry": { "type": "Point", "coordinates": [ 121.03708, 14.59188 ] } },
{ "type": "Feature", "properties": { "fid": 888, "gbifID": 3662816909, "occurrenceID": "URN:catalog:CLO:EBIRD:OBS1253007449", "order": "Passeriformes", "family": "Sturnidae", "genus": "Aplonis", "species": "Aplonis panayensis" }, "geometry": { "type": "Point", "coordinates": [ 121.03964, 14.576538 ] } },
{ "type": "Feature", "properties": { "fid": 889, "gbifID": 3300264341, "occurrenceID": "URN:catalog:CLO:EBIRD:OBS971676021", "order": "Passeriformes", "family": "Nectariniidae", "genus": "Cinnyris", "species": "Cinnyris jugularis" }, "geometry": { "type": "Point", "coordinates": [ 121.05856, 14.588318 ] } },
{ "type": "Feature", "properties": { "fid": 890, "gbifID": 4774907401, "occurrenceID": "URN:catalog:CLO:EBIRD:OBS1639025165", "order": "Passeriformes", "family": "Nectariniidae", "genus": "Cinnyris", "species": "Cinnyris jugularis" }, "geometry": { "type": "Point", "coordinates": [ 121.04109, 14.60195 ] } },
{ "type": "Feature", "properties": { "fid": 891, "gbifID": 3288214759, "occurrenceID": "URN:catalog:CLO:EBIRD:OBS1000064000", "order": "Passeriformes", "family": "Rhipiduridae", "genus": "Rhipidura", "species": "Rhipidura nigritorquis" }, "geometry": { "type": "Point", "coordinates": [ 121.03753, 14.602924 ] } },
{ "type": "Feature", "properties": { "fid": 892, "gbifID": 4322418166, "occurrenceID": "URN:catalog:CLO:EBIRD:OBS1385753880", "order": "Piciformes", "family": "Picidae", "genus": "Yungipicus", "species": "Yungipicus maculatus" }, "geometry": { "type": "Point", "coordinates": [ 121.04728, 14.598908 ] } },
{ "type": "Feature", "properties": { "fid": 893, "gbifID": 3653522075, "occurrenceID": "URN:catalog:CLO:EBIRD:OBS1117792179", "order": "Coraciiformes", "family": "Alcedinidae", "genus": "Todiramphus", "species": "Todiramphus chloris" }, "geometry": { "type": "Point", "coordinates": [ 121.04109, 14.60195 ] } },
{ "type": "Feature", "properties": { "fid": 894, "gbifID": 3658130269, "occurrenceID": "URN:catalog:CLO:EBIRD:OBS1242468436", "order": "Columbiformes", "family": "Columbidae", "genus": "Geopelia", "species": "Geopelia striata" }, "geometry": { "type": "Point", "coordinates": [ 121.04109, 14.60195 ] } },
{ "type": "Feature", "properties": { "fid": 895, "gbifID": 4323509895, "occurrenceID": "URN:catalog:CLO:EBIRD:OBS1350512007", "order": "Passeriformes", "family": "Nectariniidae", "genus": "Cinnyris", "species": "Cinnyris jugularis" }, "geometry": { "type": "Point", "coordinates": [ 121.042046, 14.594734 ] } },
{ "type": "Feature", "properties": { "fid": 896, "gbifID": 3274289061, "occurrenceID": "URN:catalog:CLO:EBIRD:OBS1011600859", "order": "Passeriformes", "family": "Laniidae", "genus": "Lanius", "species": "Lanius cristatus" }, "geometry": { "type": "Point", "coordinates": [ 121.03753, 14.602924 ] } },
{ "type": "Feature", "properties": { "fid": 897, "gbifID": 3590067782, "occurrenceID": "URN:catalog:CLO:EBIRD:OBS1098573476", "order": "Psittaciformes", "family": "Psittacidae", "genus": "Loriculus", "species": "Loriculus philippensis" }, "geometry": { "type": "Point", "coordinates": [ 121.04677, 14.59694 ] } },
{ "type": "Feature", "properties": { "fid": 898, "gbifID": 4315474001, "occurrenceID": "URN:catalog:CLO:EBIRD:OBS1329314366", "order": "Passeriformes", "family": "Nectariniidae", "genus": "Cinnyris", "species": "Cinnyris jugularis" }, "geometry": { "type": "Point", "coordinates": [ 121.04553, 14.597787 ] } },
{ "type": "Feature", "properties": { "fid": 899, "gbifID": 5697908010, "occurrenceID": "URN:catalog:CLO:EBIRD:OBS1956775078", "order": "Piciformes", "family": "Megalaimidae", "genus": "Psilopogon", "species": "Psilopogon haemacephalus" }, "geometry": { "type": "Point", "coordinates": [ 121.04055, 14.605313 ] } },
{ "type": "Feature", "properties": { "fid": 900, "gbifID": 4758399073, "occurrenceID": "URN:catalog:CLO:EBIRD:OBS1911770373", "order": "Apodiformes", "family": "Apodidae", "genus": "Collocalia", "species": "Collocalia marginata" }, "geometry": { "type": "Point", "coordinates": [ 121.05964, 14.584772 ] } },
{ "type": "Feature", "properties": { "fid": 901, "gbifID": 4844359454, "occurrenceID": "URN:catalog:CLO:EBIRD:OBS1956762783", "order": "Passeriformes", "family": "Sturnidae", "genus": "Aplonis", "species": "Aplonis panayensis" }, "geometry": { "type": "Point", "coordinates": [ 121.04055, 14.605313 ] } },
{ "type": "Feature", "properties": { "fid": 902, "gbifID": 4340613579, "occurrenceID": "URN:catalog:CLO:EBIRD:OBS1509740664", "order": "Columbiformes", "family": "Columbidae", "genus": "Geopelia", "species": "Geopelia striata" }, "geometry": { "type": "Point", "coordinates": [ 121.04076, 14.60353 ] } },
{ "type": "Feature", "properties": { "fid": 903, "gbifID": 3590137039, "occurrenceID": "URN:catalog:CLO:EBIRD:OBS1091761606", "order": "Passeriformes", "family": "Rhipiduridae", "genus": "Rhipidura", "species": "Rhipidura nigritorquis" }, "geometry": { "type": "Point", "coordinates": [ 121.04677, 14.59694 ] } },
{ "type": "Feature", "properties": { "fid": 904, "gbifID": 3680493850, "occurrenceID": "URN:catalog:CLO:EBIRD:OBS1117992360", "order": "Passeriformes", "family": "Dicaeidae", "genus": "Dicaeum", "species": "Dicaeum australe" }, "geometry": { "type": "Point", "coordinates": [ 121.04109, 14.60195 ] } },
{ "type": "Feature", "properties": { "fid": 905, "gbifID": 3147909791, "occurrenceID": "URN:catalog:CLO:EBIRD:OBS870451557", "order": "Pelecaniformes", "family": "Ardeidae", "genus": "Egretta", "species": "Egretta garzetta" }, "geometry": { "type": "Point", "coordinates": [ 121.03753, 14.602924 ] } },
{ "type": "Feature", "properties": { "fid": 907, "gbifID": 3523699029, "occurrenceID": "URN:catalog:CLO:EBIRD:OBS1112488566", "order": "Passeriformes", "family": "Sturnidae", "genus": "Aplonis", "species": "Aplonis panayensis" }, "geometry": { "type": "Point", "coordinates": [ 121.04109, 14.60195 ] } },
{ "type": "Feature", "properties": { "fid": 908, "gbifID": 4205859208, "occurrenceID": "URN:catalog:CLO:EBIRD:OBS1357342902", "order": "Apodiformes", "family": "Apodidae", "genus": "Collocalia", "species": "Collocalia marginata" }, "geometry": { "type": "Point", "coordinates": [ 121.04363, 14.594279 ] } },
{ "type": "Feature", "properties": { "fid": 909, "gbifID": 4293004159, "occurrenceID": "URN:catalog:CLO:EBIRD:OBS1320616446", "order": "Pelecaniformes", "family": "Ardeidae", "genus": "Egretta", "species": "Egretta garzetta" }, "geometry": { "type": "Point", "coordinates": [ 121.04109, 14.60195 ] } },
{ "type": "Feature", "properties": { "fid": 910, "gbifID": 3545093739, "occurrenceID": "URN:catalog:CLO:EBIRD:OBS1073190936", "order": "Passeriformes", "family": "Campephagidae", "genus": "Lalage", "species": "Lalage nigra" }, "geometry": { "type": "Point", "coordinates": [ 121.04677, 14.59694 ] } },
{ "type": "Feature", "properties": { "fid": 912, "gbifID": 4266171120, "occurrenceID": "URN:catalog:CLO:EBIRD:OBS1387731655", "order": "Passeriformes", "family": "Passeridae", "genus": "Passer", "species": "Passer montanus" }, "geometry": { "type": "Point", "coordinates": [ 121.05715, 14.580761 ] } },
{ "type": "Feature", "properties": { "fid": 913, "gbifID": 4267201116, "occurrenceID": "URN:catalog:CLO:EBIRD:OBS1586761856", "order": "Passeriformes", "family": "Sturnidae", "genus": "Acridotheres", "species": "Acridotheres cristatellus" }, "geometry": { "type": "Point", "coordinates": [ 121.05332, 14.604934 ] } },
{ "type": "Feature", "properties": { "fid": 914, "gbifID": 3647727677, "occurrenceID": "URN:catalog:CLO:EBIRD:OBS1267078228", "order": "Pelecaniformes", "family": "Ardeidae", "genus": "Egretta", "species": "Egretta garzetta" }, "geometry": { "type": "Point", "coordinates": [ 121.041954, 14.602813 ] } },
{ "type": "Feature", "properties": { "fid": 915, "gbifID": 4821580238, "occurrenceID": "URN:catalog:CLO:EBIRD:OBS1639025781", "order": "Passeriformes", "family": "Rhipiduridae", "genus": "Rhipidura", "species": "Rhipidura nigritorquis" }, "geometry": { "type": "Point", "coordinates": [ 121.04109, 14.60195 ] } },
{ "type": "Feature", "properties": { "fid": 916, "gbifID": 4370207720, "occurrenceID": "URN:catalog:CLO:EBIRD:OBS1430310171", "order": "Passeriformes", "family": "Estrildidae", "genus": "Lonchura", "species": "Lonchura atricapilla" }, "geometry": { "type": "Point", "coordinates": [ 121.04898, 14.589453 ] } },
{ "type": "Feature", "properties": { "fid": 917, "gbifID": 3594778034, "occurrenceID": "URN:catalog:CLO:EBIRD:OBS1094483731", "order": "Passeriformes", "family": "Passeridae", "genus": "Passer", "species": "Passer montanus" }, "geometry": { "type": "Point", "coordinates": [ 121.03964, 14.576538 ] } },
{ "type": "Feature", "properties": { "fid": 920, "gbifID": 4294554215, "occurrenceID": "URN:catalog:CLO:EBIRD:OBS1193952861", "order": "Galliformes", "family": "Phasianidae", "genus": "Gallus", "species": "Gallus gallus" }, "geometry": { "type": "Point", "coordinates": [ 121.03964, 14.576538 ] } },
{ "type": "Feature", "properties": { "fid": 921, "gbifID": 3163007710, "occurrenceID": "URN:catalog:CLO:EBIRD:OBS915653656", "order": "Passeriformes", "family": "Rhipiduridae", "genus": "Rhipidura", "species": "Rhipidura nigritorquis" }, "geometry": { "type": "Point", "coordinates": [ 121.03753, 14.602924 ] } },
{ "type": "Feature", "properties": { "fid": 922, "gbifID": 5352235937, "occurrenceID": "URN:catalog:CLO:EBIRD:OBS2220359433", "order": "Passeriformes", "family": "Pycnonotidae", "genus": "Pycnonotus", "species": "Pycnonotus goiavier" }, "geometry": { "type": "Point", "coordinates": [ 121.0307, 14.605167 ] } },
{ "type": "Feature", "properties": { "fid": 923, "gbifID": 3639522976, "occurrenceID": "URN:catalog:CLO:EBIRD:OBS1140362940", "order": "Passeriformes", "family": "Laniidae", "genus": "Lanius", "species": "Lanius cristatus" }, "geometry": { "type": "Point", "coordinates": [ 121.04044, 14.606056 ] } },
{ "type": "Feature", "properties": { "fid": 924, "gbifID": 5441692294, "occurrenceID": "URN:catalog:CLO:EBIRD:OBS2031188664", "order": "Apodiformes", "family": "Apodidae", "genus": "Collocalia", "species": "Collocalia marginata" }, "geometry": { "type": "Point", "coordinates": [ 121.03191, 14.607874 ] } },
{ "type": "Feature", "properties": { "fid": 925, "gbifID": 3523296777, "occurrenceID": "URN:catalog:CLO:EBIRD:OBS1111248988", "order": "Passeriformes", "family": "Rhipiduridae", "genus": "Rhipidura", "species": "Rhipidura nigritorquis" }, "geometry": { "type": "Point", "coordinates": [ 121.04109, 14.60195 ] } },
{ "type": "Feature", "properties": { "fid": 926, "gbifID": 5526411938, "occurrenceID": "URN:catalog:CLO:EBIRD:OBS1980598993", "order": "Pelecaniformes", "family": "Ardeidae", "genus": "Egretta", "species": "Egretta garzetta" }, "geometry": { "type": "Point", "coordinates": [ 121.04055, 14.605313 ] } },
{ "type": "Feature", "properties": { "fid": 927, "gbifID": 3671405355, "occurrenceID": "URN:catalog:CLO:EBIRD:OBS1102780582", "order": "Passeriformes", "family": "Motacillidae", "genus": "Motacilla", "species": "Motacilla cinerea" }, "geometry": { "type": "Point", "coordinates": [ 121.04109, 14.60195 ] } },
{ "type": "Feature", "properties": { "fid": 928, "gbifID": 3631754616, "occurrenceID": "URN:catalog:CLO:EBIRD:OBS1222162982", "order": "Passeriformes", "family": "Sturnidae", "genus": "Aplonis", "species": "Aplonis panayensis" }, "geometry": { "type": "Point", "coordinates": [ 121.04728, 14.598908 ] } },
{ "type": "Feature", "properties": { "fid": 929, "gbifID": 3643780774, "occurrenceID": "URN:catalog:CLO:EBIRD:OBS1219817901", "order": "Passeriformes", "family": "Zosteropidae", "genus": "Zosterops", "species": "Zosterops meyeni" }, "geometry": { "type": "Point", "coordinates": [ 121.04728, 14.598908 ] } },
{ "type": "Feature", "properties": { "fid": 930, "gbifID": 3593628262, "occurrenceID": "URN:catalog:CLO:EBIRD:OBS1099637905", "order": "Pelecaniformes", "family": "Ardeidae", "genus": "Egretta", "species": "Egretta garzetta" }, "geometry": { "type": "Point", "coordinates": [ 121.04109, 14.60195 ] } },
{ "type": "Feature", "properties": { "fid": 931, "gbifID": 3683769683, "occurrenceID": "URN:catalog:CLO:EBIRD:OBS1116027949", "order": "Passeriformes", "family": "Sturnidae", "genus": "Aplonis", "species": "Aplonis panayensis" }, "geometry": { "type": "Point", "coordinates": [ 121.04109, 14.60195 ] } },
{ "type": "Feature", "properties": { "fid": 932, "gbifID": 3659029072, "occurrenceID": "URN:catalog:CLO:EBIRD:OBS1267078237", "order": "Passeriformes", "family": "Pycnonotidae", "genus": "Pycnonotus", "species": "Pycnonotus goiavier" }, "geometry": { "type": "Point", "coordinates": [ 121.041954, 14.602813 ] } },
{ "type": "Feature", "properties": { "fid": 933, "gbifID": 4185045951, "occurrenceID": "URN:catalog:CLO:EBIRD:OBS1315919613", "order": "Columbiformes", "family": "Columbidae", "genus": "Geopelia", "species": "Geopelia striata" }, "geometry": { "type": "Point", "coordinates": [ 121.041954, 14.602813 ] } },
{ "type": "Feature", "properties": { "fid": 934, "gbifID": 4308637758, "occurrenceID": "URN:catalog:CLO:EBIRD:OBS1465285977", "order": "Passeriformes", "family": "Passeridae", "genus": "Passer", "species": "Passer montanus" }, "geometry": { "type": "Point", "coordinates": [ 121.03708, 14.59188 ] } },
{ "type": "Feature", "properties": { "fid": 936, "gbifID": 3515193203, "occurrenceID": "URN:catalog:CLO:EBIRD:OBS1069482030", "order": "Passeriformes", "family": "Phylloscopidae", "genus": "Phylloscopus", "species": "Phylloscopus borealis" }, "geometry": { "type": "Point", "coordinates": [ 121.04677, 14.59694 ] } },
{ "type": "Feature", "properties": { "fid": 937, "gbifID": 3634384854, "occurrenceID": "URN:catalog:CLO:EBIRD:OBS1192868429", "order": "Pelecaniformes", "family": "Ardeidae", "genus": "Nycticorax", "species": "Nycticorax nycticorax" }, "geometry": { "type": "Point", "coordinates": [ 121.03964, 14.576538 ] } },
{ "type": "Feature", "properties": { "fid": 938, "gbifID": 3602287766, "occurrenceID": "URN:catalog:CLO:EBIRD:OBS1099637908", "order": "Columbiformes", "family": "Columbidae", "genus": "Geopelia", "species": "Geopelia striata" }, "geometry": { "type": "Point", "coordinates": [ 121.04109, 14.60195 ] } },
{ "type": "Feature", "properties": { "fid": 939, "gbifID": 4637955990, "occurrenceID": "URN:catalog:CLO:EBIRD:OBS1629818772", "order": "Passeriformes", "family": "Pycnonotidae", "genus": "Pycnonotus", "species": "Pycnonotus goiavier" }, "geometry": { "type": "Point", "coordinates": [ 121.04297, 14.594615 ] } },
{ "type": "Feature", "properties": { "fid": 940, "gbifID": 3669304035, "occurrenceID": "URN:catalog:CLO:EBIRD:OBS1242462503", "order": "Passeriformes", "family": "Acanthizidae", "genus": "Gerygone", "species": "Gerygone sulphurea" }, "geometry": { "type": "Point", "coordinates": [ 121.04109, 14.60195 ] } },
{ "type": "Feature", "properties": { "fid": 941, "gbifID": 5509162325, "occurrenceID": "URN:catalog:CLO:EBIRD:OBS2527578500", "order": "Piciformes", "family": "Picidae", "genus": "Yungipicus", "species": "Yungipicus maculatus" }, "geometry": { "type": "Point", "coordinates": [ 121.05737, 14.588144 ] } },
{ "type": "Feature", "properties": { "fid": 942, "gbifID": 5313342227, "occurrenceID": "URN:catalog:CLO:EBIRD:OBS2534898626", "order": "Passeriformes", "family": "Sturnidae", "genus": "Agropsar", "species": "Agropsar philippensis" }, "geometry": { "type": "Point", "coordinates": [ 121.03029, 14.610978 ] } },
{ "type": "Feature", "properties": { "fid": 943, "gbifID": 3276326287, "occurrenceID": "URN:catalog:CLO:EBIRD:OBS1002671437", "order": "Passeriformes", "family": "Pycnonotidae", "genus": "Pycnonotus", "species": "Pycnonotus goiavier" }, "geometry": { "type": "Point", "coordinates": [ 121.03753, 14.602924 ] } },
{ "type": "Feature", "properties": { "fid": 944, "gbifID": 3670720415, "occurrenceID": "URN:catalog:CLO:EBIRD:OBS1073188632", "order": "Passeriformes", "family": "Nectariniidae", "genus": "Cinnyris", "species": "Cinnyris jugularis" }, "geometry": { "type": "Point", "coordinates": [ 121.04677, 14.59694 ] } },
{ "type": "Feature", "properties": { "fid": 946, "gbifID": 3549220378, "occurrenceID": "URN:catalog:CLO:EBIRD:OBS1266508560", "order": "Apodiformes", "family": "Apodidae", "genus": "Collocalia", "species": "Collocalia marginata" }, "geometry": { "type": "Point", "coordinates": [ 121.04677, 14.59694 ] } },
{ "type": "Feature", "properties": { "fid": 947, "gbifID": 4291989567, "occurrenceID": "URN:catalog:CLO:EBIRD:OBS1315919621", "order": "Passeriformes", "family": "Passeridae", "genus": "Passer", "species": "Passer montanus" }, "geometry": { "type": "Point", "coordinates": [ 121.041954, 14.602813 ] } },
{ "type": "Feature", "properties": { "fid": 948, "gbifID": 4354302711, "occurrenceID": "URN:catalog:CLO:EBIRD:OBS1339262650", "order": "Passeriformes", "family": "Passeridae", "genus": "Passer", "species": "Passer montanus" }, "geometry": { "type": "Point", "coordinates": [ 121.03861, 14.603591 ] } },
{ "type": "Feature", "properties": { "fid": 949, "gbifID": 3552773507, "occurrenceID": "URN:catalog:CLO:EBIRD:OBS1215786351", "order": "Passeriformes", "family": "Sturnidae", "genus": "Aplonis", "species": "Aplonis panayensis" }, "geometry": { "type": "Point", "coordinates": [ 121.04307, 14.595008 ] } },
{ "type": "Feature", "properties": { "fid": 950, "gbifID": 4302384193, "occurrenceID": "URN:catalog:CLO:EBIRD:OBS1331009385", "order": "Columbiformes", "family": "Columbidae", "genus": "Columba", "species": "Columba livia" }, "geometry": { "type": "Point", "coordinates": [ 121.03753, 14.602924 ] } },
{ "type": "Feature", "properties": { "fid": 952, "gbifID": 3514154464, "occurrenceID": "URN:catalog:CLO:EBIRD:OBS1117989321", "order": "Passeriformes", "family": "Sturnidae", "genus": "Acridotheres", "species": "Acridotheres cristatellus" }, "geometry": { "type": "Point", "coordinates": [ 121.03771, 14.606191 ] } },
{ "type": "Feature", "properties": { "fid": 953, "gbifID": 3149310027, "occurrenceID": "URN:catalog:CLO:EBIRD:OBS865790459", "order": "Columbiformes", "family": "Columbidae", "genus": "Geopelia", "species": "Geopelia striata" }, "geometry": { "type": "Point", "coordinates": [ 121.03753, 14.602924 ] } },
{ "type": "Feature", "properties": { "fid": 954, "gbifID": 3607895093, "occurrenceID": "URN:catalog:CLO:EBIRD:OBS1073188526", "order": "Passeriformes", "family": "Acanthizidae", "genus": "Gerygone", "species": "Gerygone sulphurea" }, "geometry": { "type": "Point", "coordinates": [ 121.04055, 14.605313 ] } },
{ "type": "Feature", "properties": { "fid": 955, "gbifID": 3589556008, "occurrenceID": "URN:catalog:CLO:EBIRD:OBS1079216084", "order": "Passeriformes", "family": "Corvidae", "genus": "Corvus", "species": null }, "geometry": { "type": "Point", "coordinates": [ 121.03964, 14.576538 ] } },
{ "type": "Feature", "properties": { "fid": 956, "gbifID": 5389259674, "occurrenceID": "URN:catalog:CLO:EBIRD:OBS2168014527", "order": "Passeriformes", "family": "Passeridae", "genus": "Passer", "species": "Passer montanus" }, "geometry": { "type": "Point", "coordinates": [ 121.0351, 14.591043 ] } },
{ "type": "Feature", "properties": { "fid": 957, "gbifID": 3656222345, "occurrenceID": "URN:catalog:CLO:EBIRD:OBS1267078242", "order": "Coraciiformes", "family": "Alcedinidae", "genus": "Todiramphus", "species": "Todiramphus chloris" }, "geometry": { "type": "Point", "coordinates": [ 121.041954, 14.602813 ] } },
{ "type": "Feature", "properties": { "fid": 958, "gbifID": 4350759497, "occurrenceID": "URN:catalog:CLO:EBIRD:OBS1357358289", "order": "Pelecaniformes", "family": "Ardeidae", "genus": "Ardea", "species": "Ardea alba" }, "geometry": { "type": "Point", "coordinates": [ 121.04898, 14.589453 ] } },
{ "type": "Feature", "properties": { "fid": 959, "gbifID": 3650350351, "occurrenceID": "URN:catalog:CLO:EBIRD:OBS1219817911", "order": "Passeriformes", "family": "Passeridae", "genus": "Passer", "species": "Passer montanus" }, "geometry": { "type": "Point", "coordinates": [ 121.04728, 14.598908 ] } },
{ "type": "Feature", "properties": { "fid": 960, "gbifID": 4187205443, "occurrenceID": "URN:catalog:CLO:EBIRD:OBS1313293451", "order": "Passeriformes", "family": "Nectariniidae", "genus": "Cinnyris", "species": "Cinnyris jugularis" }, "geometry": { "type": "Point", "coordinates": [ 121.04044, 14.606056 ] } },
{ "type": "Feature", "properties": { "fid": 961, "gbifID": 4839988011, "occurrenceID": "URN:catalog:CLO:EBIRD:OBS1764781949", "order": "Passeriformes", "family": "Sturnidae", "genus": "Aplonis", "species": "Aplonis panayensis" }, "geometry": { "type": "Point", "coordinates": [ 121.05878, 14.588141 ] } },
{ "type": "Feature", "properties": { "fid": 962, "gbifID": 4767100490, "occurrenceID": "URN:catalog:CLO:EBIRD:OBS1601941875", "order": "Pelecaniformes", "family": "Ardeidae", "genus": "Ardea", "species": "Ardea alba" }, "geometry": { "type": "Point", "coordinates": [ 121.05549, 14.583624 ] } },
{ "type": "Feature", "properties": { "fid": 963, "gbifID": 4332848355, "occurrenceID": "URN:catalog:CLO:EBIRD:OBS1313293446", "order": "Columbiformes", "family": "Columbidae", "genus": "Columba", "species": "Columba livia" }, "geometry": { "type": "Point", "coordinates": [ 121.04044, 14.606056 ] } },
{ "type": "Feature", "properties": { "fid": 964, "gbifID": 3553463536, "occurrenceID": "URN:catalog:CLO:EBIRD:OBS1149774705", "order": "Passeriformes", "family": "Passeridae", "genus": "Passer", "species": "Passer montanus" }, "geometry": { "type": "Point", "coordinates": [ 121.05737, 14.588144 ] } },
{ "type": "Feature", "properties": { "fid": 965, "gbifID": 3228872914, "occurrenceID": "URN:catalog:CLO:EBIRD:OBS933608509", "order": "Apodiformes", "family": "Apodidae", "genus": "Collocalia", "species": "Collocalia marginata" }, "geometry": { "type": "Point", "coordinates": [ 121.05384, 14.579544 ] } },
{ "type": "Feature", "properties": { "fid": 966, "gbifID": 4334380512, "occurrenceID": "URN:catalog:CLO:EBIRD:OBS1384406477", "order": "Passeriformes", "family": "Passeridae", "genus": "Passer", "species": "Passer montanus" }, "geometry": { "type": "Point", "coordinates": [ 121.05715, 14.580761 ] } },
{ "type": "Feature", "properties": { "fid": 967, "gbifID": 4302143844, "occurrenceID": "URN:catalog:CLO:EBIRD:OBS1320624414", "order": "Columbiformes", "family": "Columbidae", "genus": "Columba", "species": "Columba livia" }, "geometry": { "type": "Point", "coordinates": [ 121.04109, 14.60195 ] } },
{ "type": "Feature", "properties": { "fid": 968, "gbifID": 4651891501, "occurrenceID": "URN:catalog:CLO:EBIRD:OBS1882362488", "order": "Passeriformes", "family": "Dicaeidae", "genus": "Dicaeum", "species": "Dicaeum australe" }, "geometry": { "type": "Point", "coordinates": [ 121.03203, 14.607486 ] } },
{ "type": "Feature", "properties": { "fid": 969, "gbifID": 4330999809, "occurrenceID": "URN:catalog:CLO:EBIRD:OBS1336401560", "order": "Passeriformes", "family": "Pycnonotidae", "genus": "Pycnonotus", "species": "Pycnonotus goiavier" }, "geometry": { "type": "Point", "coordinates": [ 121.04904, 14.589351 ] } },
{ "type": "Feature", "properties": { "fid": 970, "gbifID": 4684139911, "occurrenceID": "URN:catalog:CLO:EBIRD:OBS1780341742", "order": "Apodiformes", "family": "Apodidae", "genus": "Collocalia", "species": "Collocalia marginata" }, "geometry": { "type": "Point", "coordinates": [ 121.05693, 14.582642 ] } },
{ "type": "Feature", "properties": { "fid": 971, "gbifID": 4200499765, "occurrenceID": "URN:catalog:CLO:EBIRD:OBS1572207375", "order": "Apodiformes", "family": "Apodidae", "genus": "Collocalia", "species": "Collocalia marginata" }, "geometry": { "type": "Point", "coordinates": [ 121.05711, 14.580716 ] } },
{ "type": "Feature", "properties": { "fid": 973, "gbifID": 3570298950, "occurrenceID": "URN:catalog:CLO:EBIRD:OBS1215786345", "order": "Passeriformes", "family": "Passeridae", "genus": "Passer", "species": "Passer montanus" }, "geometry": { "type": "Point", "coordinates": [ 121.04307, 14.595008 ] } },
{ "type": "Feature", "properties": { "fid": 974, "gbifID": 4299787558, "occurrenceID": "URN:catalog:CLO:EBIRD:OBS1588575179", "order": "Passeriformes", "family": "Rhipiduridae", "genus": "Rhipidura", "species": "Rhipidura nigritorquis" }, "geometry": { "type": "Point", "coordinates": [ 121.05332, 14.604934 ] } },
{ "type": "Feature", "properties": { "fid": 975, "gbifID": 3671194211, "occurrenceID": "URN:catalog:CLO:EBIRD:OBS1082880925", "order": "Passeriformes", "family": "Oriolidae", "genus": "Oriolus", "species": "Oriolus chinensis" }, "geometry": { "type": "Point", "coordinates": [ 121.04677, 14.59694 ] } },
{ "type": "Feature", "properties": { "fid": 976, "gbifID": 4211971039, "occurrenceID": "URN:catalog:CLO:EBIRD:OBS1336401562", "order": "Apodiformes", "family": "Apodidae", "genus": "Collocalia", "species": "Collocalia marginata" }, "geometry": { "type": "Point", "coordinates": [ 121.04904, 14.589351 ] } },
{ "type": "Feature", "properties": { "fid": 977, "gbifID": 4824231299, "occurrenceID": "URN:catalog:CLO:EBIRD:OBS1901446144", "order": "Passeriformes", "family": "Nectariniidae", "genus": "Cinnyris", "species": "Cinnyris jugularis" }, "geometry": { "type": "Point", "coordinates": [ 121.03203, 14.607486 ] } },
{ "type": "Feature", "properties": { "fid": 978, "gbifID": 5366417544, "occurrenceID": "URN:catalog:CLO:EBIRD:OBS1956750324", "order": "Columbiformes", "family": "Columbidae", "genus": "Geopelia", "species": "Geopelia striata" }, "geometry": { "type": "Point", "coordinates": [ 121.04055, 14.605313 ] } },
{ "type": "Feature", "properties": { "fid": 979, "gbifID": 5619618148, "occurrenceID": "URN:catalog:CLO:EBIRD:OBS2566782839", "order": "Passeriformes", "family": "Sturnidae", "genus": "Agropsar", "species": "Agropsar philippensis" }, "geometry": { "type": "Point", "coordinates": [ 121.031654, 14.611538 ] } },
{ "type": "Feature", "properties": { "fid": 980, "gbifID": 3632560891, "occurrenceID": "URN:catalog:CLO:EBIRD:OBS1192843902", "order": "Passeriformes", "family": "Sturnidae", "genus": "Aplonis", "species": "Aplonis panayensis" }, "geometry": { "type": "Point", "coordinates": [ 121.03964, 14.576538 ] } },
{ "type": "Feature", "properties": { "fid": 981, "gbifID": 3625481010, "occurrenceID": "URN:catalog:CLO:EBIRD:OBS1117792180", "order": "Pelecaniformes", "family": "Ardeidae", "genus": "Egretta", "species": "Egretta garzetta" }, "geometry": { "type": "Point", "coordinates": [ 121.04109, 14.60195 ] } },
{ "type": "Feature", "properties": { "fid": 982, "gbifID": 3569265492, "occurrenceID": "URN:catalog:CLO:EBIRD:OBS1215786344", "order": "Passeriformes", "family": "Corvidae", "genus": "Corvus", "species": null }, "geometry": { "type": "Point", "coordinates": [ 121.04307, 14.595008 ] } },
{ "type": "Feature", "properties": { "fid": 983, "gbifID": 3689024349, "occurrenceID": "URN:catalog:CLO:EBIRD:OBS1267079749", "order": "Passeriformes", "family": "Dicaeidae", "genus": "Dicaeum", "species": "Dicaeum australe" }, "geometry": { "type": "Point", "coordinates": [ 121.041954, 14.602813 ] } },
{ "type": "Feature", "properties": { "fid": 984, "gbifID": 3631730910, "occurrenceID": "URN:catalog:CLO:EBIRD:OBS1274963889", "order": "Passeriformes", "family": "Dicaeidae", "genus": "Dicaeum", "species": "Dicaeum australe" }, "geometry": { "type": "Point", "coordinates": [ 121.041954, 14.602813 ] } },
{ "type": "Feature", "properties": { "fid": 985, "gbifID": 4622659668, "occurrenceID": "URN:catalog:CLO:EBIRD:OBS1639025776", "order": "Psittaciformes", "family": "Psittacidae", "genus": "Loriculus", "species": "Loriculus philippensis" }, "geometry": { "type": "Point", "coordinates": [ 121.04109, 14.60195 ] } },
{ "type": "Feature", "properties": { "fid": 986, "gbifID": 4315769954, "occurrenceID": "URN:catalog:CLO:EBIRD:OBS1479578040", "order": "Piciformes", "family": "Megalaimidae", "genus": "Psilopogon", "species": "Psilopogon haemacephalus" }, "geometry": { "type": "Point", "coordinates": [ 121.05737, 14.588144 ] } },
{ "type": "Feature", "properties": { "fid": 987, "gbifID": 5340513483, "occurrenceID": "URN:catalog:CLO:EBIRD:OBS1956773899", "order": "Columbiformes", "family": "Columbidae", "genus": "Geopelia", "species": "Geopelia striata" }, "geometry": { "type": "Point", "coordinates": [ 121.04055, 14.605313 ] } },
{ "type": "Feature", "properties": { "fid": 989, "gbifID": 4282935997, "occurrenceID": "URN:catalog:CLO:EBIRD:OBS1313295350", "order": "Pelecaniformes", "family": "Ardeidae", "genus": "Egretta", "species": "Egretta garzetta" }, "geometry": { "type": "Point", "coordinates": [ 121.04044, 14.606056 ] } },
{ "type": "Feature", "properties": { "fid": 990, "gbifID": 4192099169, "occurrenceID": "URN:catalog:CLO:EBIRD:OBS1328069999", "order": "Passeriformes", "family": "Dicaeidae", "genus": "Dicaeum", "species": "Dicaeum australe" }, "geometry": { "type": "Point", "coordinates": [ 121.03391, 14.604286 ] } },
{ "type": "Feature", "properties": { "fid": 991, "gbifID": 3512169474, "occurrenceID": "URN:catalog:CLO:EBIRD:OBS1117989310", "order": "Gruiformes", "family": "Rallidae", "genus": "Amaurornis", "species": "Amaurornis phoenicurus" }, "geometry": { "type": "Point", "coordinates": [ 121.04109, 14.60195 ] } },
{ "type": "Feature", "properties": { "fid": 992, "gbifID": 3283811120, "occurrenceID": "URN:catalog:CLO:EBIRD:OBS1004885098", "order": "Coraciiformes", "family": "Meropidae", "genus": "Merops", "species": "Merops philippinus" }, "geometry": { "type": "Point", "coordinates": [ 121.03753, 14.602924 ] } },
{ "type": "Feature", "properties": { "fid": 993, "gbifID": 3682217457, "occurrenceID": "URN:catalog:CLO:EBIRD:OBS1117992342", "order": "Passeriformes", "family": "Passeridae", "genus": "Passer", "species": "Passer montanus" }, "geometry": { "type": "Point", "coordinates": [ 121.038605, 14.603709 ] } },
{ "type": "Feature", "properties": { "fid": 994, "gbifID": 5367014360, "occurrenceID": "URN:catalog:CLO:EBIRD:OBS2566707212", "order": "Passeriformes", "family": "Sturnidae", "genus": "Aplonis", "species": "Aplonis panayensis" }, "geometry": { "type": "Point", "coordinates": [ 121.031654, 14.611538 ] } },
{ "type": "Feature", "properties": { "fid": 995, "gbifID": 3597965229, "occurrenceID": "URN:catalog:CLO:EBIRD:OBS1099637906", "order": "Passeriformes", "family": "Oriolidae", "genus": "Oriolus", "species": "Oriolus chinensis" }, "geometry": { "type": "Point", "coordinates": [ 121.04109, 14.60195 ] } },
{ "type": "Feature", "properties": { "fid": 996, "gbifID": 5664365464, "occurrenceID": "URN:catalog:CLO:EBIRD:OBS2540247944", "order": "Passeriformes", "family": "Nectariniidae", "genus": "Cinnyris", "species": "Cinnyris jugularis" }, "geometry": { "type": "Point", "coordinates": [ 121.04055, 14.605313 ] } },
{ "type": "Feature", "properties": { "fid": 997, "gbifID": 5521115131, "occurrenceID": "URN:catalog:CLO:EBIRD:OBS2540247941", "order": "Coraciiformes", "family": "Alcedinidae", "genus": "Alcedo", "species": "Alcedo atthis" }, "geometry": { "type": "Point", "coordinates": [ 121.04055, 14.605313 ] } },
{ "type": "Feature", "properties": { "fid": 998, "gbifID": 4256050308, "occurrenceID": "URN:catalog:CLO:EBIRD:OBS1465285976", "order": "Passeriformes", "family": "Pycnonotidae", "genus": "Pycnonotus", "species": "Pycnonotus goiavier" }, "geometry": { "type": "Point", "coordinates": [ 121.03708, 14.59188 ] } },
{ "type": "Feature", "properties": { "fid": 999, "gbifID": 4696778733, "occurrenceID": "URN:catalog:CLO:EBIRD:OBS1628948083", "order": "Columbiformes", "family": "Columbidae", "genus": "Geopelia", "species": "Geopelia striata" }, "geometry": { "type": "Point", "coordinates": [ 121.058624, 14.588141 ] } },
{ "type": "Feature", "properties": { "fid": 1000, "gbifID": 4700513492, "occurrenceID": "URN:catalog:CLO:EBIRD:OBS1630537308", "order": "Passeriformes", "family": "Motacillidae", "genus": "Motacilla", "species": "Motacilla cinerea" }, "geometry": { "type": "Point", "coordinates": [ 121.04677, 14.59694 ] } },
{ "type": "Feature", "properties": { "fid": 1001, "gbifID": 4796936462, "occurrenceID": "URN:catalog:CLO:EBIRD:OBS1853824759", "order": "Passeriformes", "family": "Sturnidae", "genus": "Aplonis", "species": "Aplonis panayensis" }, "geometry": { "type": "Point", "coordinates": [ 121.05878, 14.588141 ] } },
{ "type": "Feature", "properties": { "fid": 1002, "gbifID": 3515915214, "occurrenceID": "URN:catalog:CLO:EBIRD:OBS1112488563", "order": "Passeriformes", "family": "Oriolidae", "genus": "Oriolus", "species": "Oriolus chinensis" }, "geometry": { "type": "Point", "coordinates": [ 121.03771, 14.606191 ] } },
{ "type": "Feature", "properties": { "fid": 1003, "gbifID": 4317049956, "occurrenceID": "URN:catalog:CLO:EBIRD:OBS1429755148", "order": "Strigiformes", "family": "Strigidae", "genus": "Otus", "species": "Otus megalotis" }, "geometry": { "type": "Point", "coordinates": [ 121.04898, 14.589453 ] } },
{ "type": "Feature", "properties": { "fid": 1004, "gbifID": 4204968923, "occurrenceID": "URN:catalog:CLO:EBIRD:OBS1430310167", "order": "Passeriformes", "family": "Rhipiduridae", "genus": "Rhipidura", "species": "Rhipidura nigritorquis" }, "geometry": { "type": "Point", "coordinates": [ 121.04898, 14.589453 ] } },
{ "type": "Feature", "properties": { "fid": 1005, "gbifID": 3281735586, "occurrenceID": "URN:catalog:CLO:EBIRD:OBS996913413", "order": "Passeriformes", "family": "Sturnidae", "genus": "Aplonis", "species": "Aplonis panayensis" }, "geometry": { "type": "Point", "coordinates": [ 121.03753, 14.602924 ] } },
{ "type": "Feature", "properties": { "fid": 1006, "gbifID": 3236835015, "occurrenceID": "URN:catalog:CLO:EBIRD:OBS922352522", "order": "Passeriformes", "family": "Passeridae", "genus": "Passer", "species": "Passer montanus" }, "geometry": { "type": "Point", "coordinates": [ 121.03753, 14.602924 ] } },
{ "type": "Feature", "properties": { "fid": 1009, "gbifID": 4825247050, "occurrenceID": "URN:catalog:CLO:EBIRD:OBS1726712613", "order": "Passeriformes", "family": "Campephagidae", "genus": "Lalage", "species": "Lalage nigra" }, "geometry": { "type": "Point", "coordinates": [ 121.04109, 14.60195 ] } },
{ "type": "Feature", "properties": { "fid": 1010, "gbifID": 5357401047, "occurrenceID": "URN:catalog:CLO:EBIRD:OBS1980598995", "order": "Coraciiformes", "family": "Alcedinidae", "genus": "Todiramphus", "species": "Todiramphus chloris" }, "geometry": { "type": "Point", "coordinates": [ 121.04055, 14.605313 ] } },
{ "type": "Feature", "properties": { "fid": 1011, "gbifID": 4769588794, "occurrenceID": "URN:catalog:CLO:EBIRD:OBS1609959568", "order": "Passeriformes", "family": "Passeridae", "genus": "Passer", "species": "Passer montanus" }, "geometry": { "type": "Point", "coordinates": [ 121.04109, 14.60195 ] } },
{ "type": "Feature", "properties": { "fid": 1012, "gbifID": 4754838207, "occurrenceID": "URN:catalog:CLO:EBIRD:OBS1756524333", "order": "Charadriiformes", "family": "Laridae", "genus": "Chlidonias", "species": "Chlidonias hybrida" }, "geometry": { "type": "Point", "coordinates": [ 121.0462, 14.568489 ] } },
{ "type": "Feature", "properties": { "fid": 1013, "gbifID": 3597049135, "occurrenceID": "URN:catalog:CLO:EBIRD:OBS1119129880", "order": "Passeriformes", "family": "Passeridae", "genus": "Passer", "species": "Passer montanus" }, "geometry": { "type": "Point", "coordinates": [ 121.03753, 14.602924 ] } },
{ "type": "Feature", "properties": { "fid": 1014, "gbifID": 4264765578, "occurrenceID": "URN:catalog:CLO:EBIRD:OBS1361347064", "order": "Columbiformes", "family": "Columbidae", "genus": "Geopelia", "species": "Geopelia striata" }, "geometry": { "type": "Point", "coordinates": [ 121.038605, 14.603709 ] } },
{ "type": "Feature", "properties": { "fid": 1015, "gbifID": 3673435047, "occurrenceID": "URN:catalog:CLO:EBIRD:OBS1077834927", "order": "Passeriformes", "family": "Passeridae", "genus": "Passer", "species": "Passer montanus" }, "geometry": { "type": "Point", "coordinates": [ 121.03964, 14.576538 ] } },
{ "type": "Feature", "properties": { "fid": 1016, "gbifID": 3544702250, "occurrenceID": "URN:catalog:CLO:EBIRD:OBS1114411733", "order": "Passeriformes", "family": "Phylloscopidae", "genus": "Phylloscopus", "species": "Phylloscopus borealis" }, "geometry": { "type": "Point", "coordinates": [ 121.04109, 14.60195 ] } },
{ "type": "Feature", "properties": { "fid": 1017, "gbifID": 3661293347, "occurrenceID": "URN:catalog:CLO:EBIRD:OBS1242468437", "order": "Passeriformes", "family": "Passeridae", "genus": "Passer", "species": "Passer montanus" }, "geometry": { "type": "Point", "coordinates": [ 121.04109, 14.60195 ] } },
{ "type": "Feature", "properties": { "fid": 1018, "gbifID": 3628538895, "occurrenceID": "URN:catalog:CLO:EBIRD:OBS1073188529", "order": "Coraciiformes", "family": "Alcedinidae", "genus": "Halcyon", "species": "Halcyon gularis" }, "geometry": { "type": "Point", "coordinates": [ 121.04055, 14.605313 ] } },
{ "type": "Feature", "properties": { "fid": 1019, "gbifID": 3652028358, "occurrenceID": "URN:catalog:CLO:EBIRD:OBS1117792178", "order": "Passeriformes", "family": "Passeridae", "genus": "Passer", "species": "Passer montanus" }, "geometry": { "type": "Point", "coordinates": [ 121.04109, 14.60195 ] } },
{ "type": "Feature", "properties": { "fid": 1020, "gbifID": 3243882785, "occurrenceID": "URN:catalog:CLO:EBIRD:OBS848844811", "order": "Apodiformes", "family": "Apodidae", "genus": "Collocalia", "species": "Collocalia marginata" }, "geometry": { "type": "Point", "coordinates": [ 121.04612, 14.568563 ] } },
{ "type": "Feature", "properties": { "fid": 1021, "gbifID": 3624500376, "occurrenceID": "URN:catalog:CLO:EBIRD:OBS1274963885", "order": "Psittaciformes", "family": "Psittacidae", "genus": "Loriculus", "species": "Loriculus philippensis" }, "geometry": { "type": "Point", "coordinates": [ 121.041954, 14.602813 ] } },
{ "type": "Feature", "properties": { "fid": 1022, "gbifID": 3525463923, "occurrenceID": "URN:catalog:CLO:EBIRD:OBS1054332206", "order": "Columbiformes", "family": "Columbidae", "genus": "Spilopelia", "species": "Spilopelia chinensis" }, "geometry": { "type": "Point", "coordinates": [ 121.03753, 14.602924 ] } },
{ "type": "Feature", "properties": { "fid": 1023, "gbifID": 4361450779, "occurrenceID": "URN:catalog:CLO:EBIRD:OBS1430310174", "order": "Passeriformes", "family": "Paridae", "genus": "Periparus", "species": "Periparus elegans" }, "geometry": { "type": "Point", "coordinates": [ 121.04898, 14.589453 ] } },
{ "type": "Feature", "properties": { "fid": 1024, "gbifID": 3573219357, "occurrenceID": "URN:catalog:CLO:EBIRD:OBS1246521927", "order": "Apodiformes", "family": "Apodidae", "genus": "Aerodramus", "species": "Aerodramus amelis" }, "geometry": { "type": "Point", "coordinates": [ 121.04728, 14.598908 ] } },
{ "type": "Feature", "properties": { "fid": 1025, "gbifID": 3277178246, "occurrenceID": "URN:catalog:CLO:EBIRD:OBS1011598507", "order": "Passeriformes", "family": "Pycnonotidae", "genus": "Pycnonotus", "species": "Pycnonotus goiavier" }, "geometry": { "type": "Point", "coordinates": [ 121.03753, 14.602924 ] } },
{ "type": "Feature", "properties": { "fid": 1026, "gbifID": 4703728253, "occurrenceID": "URN:catalog:CLO:EBIRD:OBS1629820296", "order": "Passeriformes", "family": "Campephagidae", "genus": "Lalage", "species": "Lalage nigra" }, "geometry": { "type": "Point", "coordinates": [ 121.04297, 14.594615 ] } },
{ "type": "Feature", "properties": { "fid": 1027, "gbifID": 3598232911, "occurrenceID": "URN:catalog:CLO:EBIRD:OBS1085780586", "order": "Passeriformes", "family": "Passeridae", "genus": "Passer", "species": "Passer montanus" }, "geometry": { "type": "Point", "coordinates": [ 121.03964, 14.576538 ] } },
{ "type": "Feature", "properties": { "fid": 1028, "gbifID": 3607494937, "occurrenceID": "URN:catalog:CLO:EBIRD:OBS1132503806", "order": "Coraciiformes", "family": "Alcedinidae", "genus": "Todiramphus", "species": "Todiramphus chloris" }, "geometry": { "type": "Point", "coordinates": [ 121.040436, 14.605678 ] } },
{ "type": "Feature", "properties": { "fid": 1029, "gbifID": 3563381017, "occurrenceID": "URN:catalog:CLO:EBIRD:OBS1069482029", "order": "Passeriformes", "family": "Passeridae", "genus": "Passer", "species": "Passer montanus" }, "geometry": { "type": "Point", "coordinates": [ 121.04677, 14.59694 ] } },
{ "type": "Feature", "properties": { "fid": 1030, "gbifID": 3550745858, "occurrenceID": "URN:catalog:CLO:EBIRD:OBS1192337460", "order": "Passeriformes", "family": "Passeridae", "genus": "Passer", "species": "Passer montanus" }, "geometry": { "type": "Point", "coordinates": [ 121.03964, 14.576538 ] } },
{ "type": "Feature", "properties": { "fid": 1031, "gbifID": 4292236595, "occurrenceID": "URN:catalog:CLO:EBIRD:OBS1323152447", "order": "Psittaciformes", "family": "Psittacidae", "genus": "Loriculus", "species": "Loriculus philippensis" }, "geometry": { "type": "Point", "coordinates": [ 121.04109, 14.60195 ] } },
{ "type": "Feature", "properties": { "fid": 1032, "gbifID": 3593093609, "occurrenceID": "URN:catalog:CLO:EBIRD:OBS1091761605", "order": "Passeriformes", "family": "Zosteropidae", "genus": "Zosterops", "species": "Zosterops meyeni" }, "geometry": { "type": "Point", "coordinates": [ 121.04677, 14.59694 ] } },
{ "type": "Feature", "properties": { "fid": 1033, "gbifID": 3672530363, "occurrenceID": "URN:catalog:CLO:EBIRD:OBS1111246210", "order": "Coraciiformes", "family": "Alcedinidae", "genus": "Todiramphus", "species": "Todiramphus chloris" }, "geometry": { "type": "Point", "coordinates": [ 121.04109, 14.60195 ] } },
{ "type": "Feature", "properties": { "fid": 1034, "gbifID": 3628883100, "occurrenceID": "URN:catalog:CLO:EBIRD:OBS1095329831", "order": "Passeriformes", "family": "Hirundinidae", "genus": "Hirundo", "species": "Hirundo rustica" }, "geometry": { "type": "Point", "coordinates": [ 121.03964, 14.576538 ] } },
{ "type": "Feature", "properties": { "fid": 1035, "gbifID": 3666113365, "occurrenceID": "URN:catalog:CLO:EBIRD:OBS1119956130", "order": "Passeriformes", "family": "Dicaeidae", "genus": "Dicaeum", "species": "Dicaeum australe" }, "geometry": { "type": "Point", "coordinates": [ 121.04109, 14.60195 ] } },
{ "type": "Feature", "properties": { "fid": 1036, "gbifID": 4292605109, "occurrenceID": "URN:catalog:CLO:EBIRD:OBS1350512001", "order": "Passeriformes", "family": "Dicaeidae", "genus": "Dicaeum", "species": "Dicaeum australe" }, "geometry": { "type": "Point", "coordinates": [ 121.042046, 14.594734 ] } },
{ "type": "Feature", "properties": { "fid": 1037, "gbifID": 4317177803, "occurrenceID": "URN:catalog:CLO:EBIRD:OBS1361347066", "order": "Passeriformes", "family": "Acanthizidae", "genus": "Gerygone", "species": "Gerygone sulphurea" }, "geometry": { "type": "Point", "coordinates": [ 121.038605, 14.603709 ] } },
{ "type": "Feature", "properties": { "fid": 1038, "gbifID": 3511734891, "occurrenceID": "URN:catalog:CLO:EBIRD:OBS1049205643", "order": "Passeriformes", "family": "Pycnonotidae", "genus": "Pycnonotus", "species": "Pycnonotus goiavier" }, "geometry": { "type": "Point", "coordinates": [ 121.03753, 14.602924 ] } },
{ "type": "Feature", "properties": { "fid": 1039, "gbifID": 3678481172, "occurrenceID": "URN:catalog:CLO:EBIRD:OBS1102780587", "order": "Pelecaniformes", "family": "Ardeidae", "genus": "Nycticorax", "species": "Nycticorax caledonicus" }, "geometry": { "type": "Point", "coordinates": [ 121.04109, 14.60195 ] } },
{ "type": "Feature", "properties": { "fid": 1040, "gbifID": 4324063201, "occurrenceID": "URN:catalog:CLO:EBIRD:OBS1344447026", "order": "Passeriformes", "family": "Rhipiduridae", "genus": "Rhipidura", "species": "Rhipidura nigritorquis" }, "geometry": { "type": "Point", "coordinates": [ 121.04728, 14.598908 ] } },
{ "type": "Feature", "properties": { "fid": 1041, "gbifID": 3604728838, "occurrenceID": "URN:catalog:CLO:EBIRD:OBS1098581586", "order": "Passeriformes", "family": "Rhipiduridae", "genus": "Rhipidura", "species": "Rhipidura nigritorquis" }, "geometry": { "type": "Point", "coordinates": [ 121.03753, 14.602924 ] } },
{ "type": "Feature", "properties": { "fid": 1042, "gbifID": 4813852024, "occurrenceID": "URN:catalog:CLO:EBIRD:OBS1911770372", "order": "Passeriformes", "family": "Hirundinidae", "genus": "Hirundo", "species": "Hirundo javanica" }, "geometry": { "type": "Point", "coordinates": [ 121.05964, 14.584772 ] } },
{ "type": "Feature", "properties": { "fid": 1043, "gbifID": 5580269443, "occurrenceID": "URN:catalog:CLO:EBIRD:OBS2031188661", "order": "Passeriformes", "family": "Laniidae", "genus": "Lanius", "species": "Lanius cristatus" }, "geometry": { "type": "Point", "coordinates": [ 121.03191, 14.607874 ] } },
{ "type": "Feature", "properties": { "fid": 1045, "gbifID": 4316115417, "occurrenceID": "URN:catalog:CLO:EBIRD:OBS1357342915", "order": "Charadriiformes", "family": "Scolopacidae", "genus": "Actitis", "species": "Actitis hypoleucos" }, "geometry": { "type": "Point", "coordinates": [ 121.04363, 14.594279 ] } },
{ "type": "Feature", "properties": { "fid": 1046, "gbifID": 3587574865, "occurrenceID": "URN:catalog:CLO:EBIRD:OBS1082871773", "order": "Passeriformes", "family": "Artamidae", "genus": "Artamus", "species": "Artamus leucorhynchos" }, "geometry": { "type": "Point", "coordinates": [ 121.04677, 14.59694 ] } },
{ "type": "Feature", "properties": { "fid": 1047, "gbifID": 3595388181, "occurrenceID": "URN:catalog:CLO:EBIRD:OBS1132503802", "order": "Passeriformes", "family": "Zosteropidae", "genus": "Zosterops", "species": "Zosterops meyeni" }, "geometry": { "type": "Point", "coordinates": [ 121.040436, 14.605678 ] } },
{ "type": "Feature", "properties": { "fid": 1048, "gbifID": 3647923678, "occurrenceID": "URN:catalog:CLO:EBIRD:OBS1259559257", "order": "Passeriformes", "family": "Passeridae", "genus": "Passer", "species": "Passer montanus" }, "geometry": { "type": "Point", "coordinates": [ 121.03964, 14.576538 ] } },
{ "type": "Feature", "properties": { "fid": 1049, "gbifID": 5588334970, "occurrenceID": "URN:catalog:CLO:EBIRD:OBS1949798050", "order": "Passeriformes", "family": "Artamidae", "genus": "Artamus", "species": "Artamus leucorhynchos" }, "geometry": { "type": "Point", "coordinates": [ 121.049225, 14.589323 ] } },
{ "type": "Feature", "properties": { "fid": 1050, "gbifID": 4843535149, "occurrenceID": "URN:catalog:CLO:EBIRD:OBS1726712617", "order": "Passeriformes", "family": "Oriolidae", "genus": "Oriolus", "species": "Oriolus chinensis" }, "geometry": { "type": "Point", "coordinates": [ 121.04109, 14.60195 ] } },
{ "type": "Feature", "properties": { "fid": 1051, "gbifID": 3660521390, "occurrenceID": "URN:catalog:CLO:EBIRD:OBS1140362948", "order": "Passeriformes", "family": "Passeridae", "genus": "Passer", "species": "Passer montanus" }, "geometry": { "type": "Point", "coordinates": [ 121.04044, 14.606056 ] } },
{ "type": "Feature", "properties": { "fid": 1052, "gbifID": 3618949559, "occurrenceID": "URN:catalog:CLO:EBIRD:OBS1274963881", "order": "Passeriformes", "family": "Acanthizidae", "genus": "Gerygone", "species": "Gerygone sulphurea" }, "geometry": { "type": "Point", "coordinates": [ 121.041954, 14.602813 ] } },
{ "type": "Feature", "properties": { "fid": 1053, "gbifID": 4801923530, "occurrenceID": "URN:catalog:CLO:EBIRD:OBS1846539960", "order": "Passeriformes", "family": "Sturnidae", "genus": "Aplonis", "species": "Aplonis panayensis" }, "geometry": { "type": "Point", "coordinates": [ 121.05878, 14.588141 ] } },
{ "type": "Feature", "properties": { "fid": 1054, "gbifID": 3599657959, "occurrenceID": "URN:catalog:CLO:EBIRD:OBS1099637907", "order": "Pelecaniformes", "family": "Ardeidae", "genus": "Nycticorax", "species": "Nycticorax caledonicus" }, "geometry": { "type": "Point", "coordinates": [ 121.04109, 14.60195 ] } },
{ "type": "Feature", "properties": { "fid": 1055, "gbifID": 4255255129, "occurrenceID": "URN:catalog:CLO:EBIRD:OBS1385753883", "order": "Passeriformes", "family": "Acanthizidae", "genus": "Gerygone", "species": "Gerygone sulphurea" }, "geometry": { "type": "Point", "coordinates": [ 121.04728, 14.598908 ] } },
{ "type": "Feature", "properties": { "fid": 1056, "gbifID": 3672948761, "occurrenceID": "URN:catalog:CLO:EBIRD:OBS1111246211", "order": "Pelecaniformes", "family": "Ardeidae", "genus": "Egretta", "species": "Egretta garzetta" }, "geometry": { "type": "Point", "coordinates": [ 121.04109, 14.60195 ] } },
{ "type": "Feature", "properties": { "fid": 1057, "gbifID": 3670576585, "occurrenceID": "URN:catalog:CLO:EBIRD:OBS1122473260", "order": "Passeriformes", "family": "Acanthizidae", "genus": "Gerygone", "species": "Gerygone sulphurea" }, "geometry": { "type": "Point", "coordinates": [ 121.038605, 14.603709 ] } },
{ "type": "Feature", "properties": { "fid": 1058, "gbifID": 4302351159, "occurrenceID": "URN:catalog:CLO:EBIRD:OBS1324179803", "order": "Passeriformes", "family": "Acanthizidae", "genus": "Gerygone", "species": "Gerygone sulphurea" }, "geometry": { "type": "Point", "coordinates": [ 121.05536, 14.590787 ] } },
{ "type": "Feature", "properties": { "fid": 1059, "gbifID": 3196036673, "occurrenceID": "URN:catalog:CLO:EBIRD:OBS1008206978", "order": "Passeriformes", "family": "Acanthizidae", "genus": "Gerygone", "species": "Gerygone sulphurea" }, "geometry": { "type": "Point", "coordinates": [ 121.04898, 14.589453 ] } },
{ "type": "Feature", "properties": { "fid": 1060, "gbifID": 3518957415, "occurrenceID": "URN:catalog:CLO:EBIRD:OBS1112488575", "order": "Gruiformes", "family": "Rallidae", "genus": "Amaurornis", "species": "Amaurornis phoenicurus" }, "geometry": { "type": "Point", "coordinates": [ 121.04109, 14.60195 ] } },
{ "type": "Feature", "properties": { "fid": 1061, "gbifID": 3553717288, "occurrenceID": "URN:catalog:CLO:EBIRD:OBS1251715627", "order": "Columbiformes", "family": "Columbidae", "genus": "Geopelia", "species": "Geopelia striata" }, "geometry": { "type": "Point", "coordinates": [ 121.041954, 14.602813 ] } },
{ "type": "Feature", "properties": { "fid": 1062, "gbifID": 4240029375, "occurrenceID": "URN:catalog:CLO:EBIRD:OBS1361347067", "order": "Passeriformes", "family": "Pycnonotidae", "genus": "Pycnonotus", "species": "Pycnonotus goiavier" }, "geometry": { "type": "Point", "coordinates": [ 121.038605, 14.603709 ] } },
{ "type": "Feature", "properties": { "fid": 1064, "gbifID": 4659993967, "occurrenceID": "URN:catalog:CLO:EBIRD:OBS1896485963", "order": "Passeriformes", "family": "Pycnonotidae", "genus": "Pycnonotus", "species": "Pycnonotus goiavier" }, "geometry": { "type": "Point", "coordinates": [ 121.05878, 14.588141 ] } },
{ "type": "Feature", "properties": { "fid": 1065, "gbifID": 3185594280, "occurrenceID": "URN:catalog:CLO:EBIRD:OBS998238276", "order": "Piciformes", "family": "Megalaimidae", "genus": "Psilopogon", "species": "Psilopogon haemacephalus" }, "geometry": { "type": "Point", "coordinates": [ 121.03753, 14.602924 ] } },
{ "type": "Feature", "properties": { "fid": 1066, "gbifID": 3286974837, "occurrenceID": "URN:catalog:CLO:EBIRD:OBS962390845", "order": "Piciformes", "family": "Megalaimidae", "genus": "Psilopogon", "species": "Psilopogon haemacephalus" }, "geometry": { "type": "Point", "coordinates": [ 121.05856, 14.588318 ] } },
{ "type": "Feature", "properties": { "fid": 1067, "gbifID": 3636418621, "occurrenceID": "URN:catalog:CLO:EBIRD:OBS1220882740", "order": "Piciformes", "family": "Megalaimidae", "genus": "Psilopogon", "species": "Psilopogon haemacephalus" }, "geometry": { "type": "Point", "coordinates": [ 121.04728, 14.598908 ] } },
{ "type": "Feature", "properties": { "fid": 1068, "gbifID": 4320475691, "occurrenceID": "URN:catalog:CLO:EBIRD:OBS1331009393", "order": "Passeriformes", "family": "Oriolidae", "genus": "Oriolus", "species": "Oriolus chinensis" }, "geometry": { "type": "Point", "coordinates": [ 121.03753, 14.602924 ] } },
{ "type": "Feature", "properties": { "fid": 1069, "gbifID": 3191312461, "occurrenceID": "URN:catalog:CLO:EBIRD:OBS1008206977", "order": "Passeriformes", "family": "Rhipiduridae", "genus": "Rhipidura", "species": "Rhipidura nigritorquis" }, "geometry": { "type": "Point", "coordinates": [ 121.04898, 14.589453 ] } },
{ "type": "Feature", "properties": { "fid": 1072, "gbifID": 4290258089, "occurrenceID": "URN:catalog:CLO:EBIRD:OBS1192868432", "order": "Galliformes", "family": "Phasianidae", "genus": "Gallus", "species": "Gallus gallus" }, "geometry": { "type": "Point", "coordinates": [ 121.03964, 14.576538 ] } },
{ "type": "Feature", "properties": { "fid": 1073, "gbifID": 4342202150, "occurrenceID": "URN:catalog:CLO:EBIRD:OBS1587381484", "order": "Passeriformes", "family": "Acanthizidae", "genus": "Gerygone", "species": "Gerygone sulphurea" }, "geometry": { "type": "Point", "coordinates": [ 121.05332, 14.604934 ] } },
{ "type": "Feature", "properties": { "fid": 1074, "gbifID": 3645180967, "occurrenceID": "URN:catalog:CLO:EBIRD:OBS1216850773", "order": "Passeriformes", "family": "Rhipiduridae", "genus": "Rhipidura", "species": "Rhipidura nigritorquis" }, "geometry": { "type": "Point", "coordinates": [ 121.04109, 14.60195 ] } },
{ "type": "Feature", "properties": { "fid": 1075, "gbifID": 3224793962, "occurrenceID": "URN:catalog:CLO:EBIRD:OBS865788035", "order": "Passeriformes", "family": "Pycnonotidae", "genus": "Pycnonotus", "species": "Pycnonotus goiavier" }, "geometry": { "type": "Point", "coordinates": [ 121.03753, 14.602924 ] } },
{ "type": "Feature", "properties": { "fid": 1076, "gbifID": 3150769563, "occurrenceID": "URN:catalog:CLO:EBIRD:OBS915653654", "order": "Passeriformes", "family": "Nectariniidae", "genus": "Cinnyris", "species": "Cinnyris jugularis" }, "geometry": { "type": "Point", "coordinates": [ 121.03753, 14.602924 ] } },
{ "type": "Feature", "properties": { "fid": 1077, "gbifID": 3600832672, "occurrenceID": "URN:catalog:CLO:EBIRD:OBS1233303396", "order": "Passeriformes", "family": "Nectariniidae", "genus": "Cinnyris", "species": "Cinnyris jugularis" }, "geometry": { "type": "Point", "coordinates": [ 121.041954, 14.602813 ] } },
{ "type": "Feature", "properties": { "fid": 1078, "gbifID": 3290288952, "occurrenceID": "URN:catalog:CLO:EBIRD:OBS1000064006", "order": "Psittaciformes", "family": "Psittacidae", "genus": "Loriculus", "species": "Loriculus philippensis" }, "geometry": { "type": "Point", "coordinates": [ 121.03753, 14.602924 ] } },
{ "type": "Feature", "properties": { "fid": 1079, "gbifID": 4393966589, "occurrenceID": "URN:catalog:CLO:EBIRD:OBS1518646408", "order": "Passeriformes", "family": "Pycnonotidae", "genus": "Pycnonotus", "species": "Pycnonotus goiavier" }, "geometry": { "type": "Point", "coordinates": [ 121.04677, 14.59694 ] } },
{ "type": "Feature", "properties": { "fid": 1080, "gbifID": 5549920554, "occurrenceID": "URN:catalog:CLO:EBIRD:OBS1956776316", "order": "Passeriformes", "family": "Pycnonotidae", "genus": "Pycnonotus", "species": "Pycnonotus goiavier" }, "geometry": { "type": "Point", "coordinates": [ 121.04055, 14.605313 ] } },
{ "type": "Feature", "properties": { "fid": 1081, "gbifID": 3288474819, "occurrenceID": "URN:catalog:CLO:EBIRD:OBS962390844", "order": "Columbiformes", "family": "Columbidae", "genus": "Geopelia", "species": "Geopelia striata" }, "geometry": { "type": "Point", "coordinates": [ 121.05856, 14.588318 ] } },
{ "type": "Feature", "properties": { "fid": 1082, "gbifID": 5682477494, "occurrenceID": "URN:catalog:CLO:EBIRD:OBS1953183283", "order": "Apodiformes", "family": "Apodidae", "genus": "Collocalia", "species": "Collocalia marginata" }, "geometry": { "type": "Point", "coordinates": [ 121.04774, 14.589665 ] } },
{ "type": "Feature", "properties": { "fid": 1083, "gbifID": 5504506924, "occurrenceID": "URN:catalog:CLO:EBIRD:OBS1954981488", "order": "Columbiformes", "family": "Columbidae", "genus": "Geopelia", "species": "Geopelia striata" }, "geometry": { "type": "Point", "coordinates": [ 121.05694, 14.590089 ] } },
{ "type": "Feature", "properties": { "fid": 1084, "gbifID": 5454901388, "occurrenceID": "URN:catalog:CLO:EBIRD:OBS2040682530", "order": "Apodiformes", "family": "Apodidae", "genus": "Collocalia", "species": "Collocalia marginata" }, "geometry": { "type": "Point", "coordinates": [ 121.03203, 14.607486 ] } },
{ "type": "Feature", "properties": { "fid": 1085, "gbifID": 4660480437, "occurrenceID": "URN:catalog:CLO:EBIRD:OBS1726715786", "order": "Coraciiformes", "family": "Alcedinidae", "genus": "Todiramphus", "species": "Todiramphus chloris" }, "geometry": { "type": "Point", "coordinates": [ 121.04109, 14.60195 ] } },
{ "type": "Feature", "properties": { "fid": 1086, "gbifID": 4238347736, "occurrenceID": "URN:catalog:CLO:EBIRD:OBS1385753881", "order": "Columbiformes", "family": "Columbidae", "genus": "Columba", "species": "Columba livia" }, "geometry": { "type": "Point", "coordinates": [ 121.04728, 14.598908 ] } },
{ "type": "Feature", "properties": { "fid": 1087, "gbifID": 4615451545, "occurrenceID": "URN:catalog:CLO:EBIRD:OBS1633569811", "order": "Passeriformes", "family": "Pycnonotidae", "genus": "Pycnonotus", "species": "Pycnonotus goiavier" }, "geometry": { "type": "Point", "coordinates": [ 121.04015, 14.605008 ] } },
{ "type": "Feature", "properties": { "fid": 1088, "gbifID": 5380797616, "occurrenceID": "URN:catalog:CLO:EBIRD:OBS2414893833", "order": "Passeriformes", "family": "Dicaeidae", "genus": "Dicaeum", "species": "Dicaeum australe" }, "geometry": { "type": "Point", "coordinates": [ 121.05601, 14.603744 ] } },
{ "type": "Feature", "properties": { "fid": 1089, "gbifID": 4200388207, "occurrenceID": "URN:catalog:CLO:EBIRD:OBS1470005510", "order": "Apodiformes", "family": "Apodidae", "genus": "Collocalia", "species": "Collocalia marginata" }, "geometry": { "type": "Point", "coordinates": [ 121.03708, 14.59188 ] } },
{ "type": "Feature", "properties": { "fid": 1090, "gbifID": 4744554052, "occurrenceID": "URN:catalog:CLO:EBIRD:OBS1737370497", "order": "Psittaciformes", "family": "Psittacidae", "genus": "Cacatua", "species": "Cacatua alba" }, "geometry": { "type": "Point", "coordinates": [ 121.04898, 14.589453 ] } },
{ "type": "Feature", "properties": { "fid": 1092, "gbifID": 3640928957, "occurrenceID": "URN:catalog:CLO:EBIRD:OBS1241367927", "order": "Passeriformes", "family": "Rhipiduridae", "genus": "Rhipidura", "species": "Rhipidura nigritorquis" }, "geometry": { "type": "Point", "coordinates": [ 121.041954, 14.602813 ] } },
{ "type": "Feature", "properties": { "fid": 1094, "gbifID": 5549480552, "occurrenceID": "URN:catalog:CLO:EBIRD:OBS1949798051", "order": "Apodiformes", "family": "Apodidae", "genus": "Collocalia", "species": "Collocalia marginata" }, "geometry": { "type": "Point", "coordinates": [ 121.049225, 14.589323 ] } },
{ "type": "Feature", "properties": { "fid": 1095, "gbifID": 3170822811, "occurrenceID": "URN:catalog:CLO:EBIRD:OBS920391202", "order": "Passeriformes", "family": "Passeridae", "genus": "Passer", "species": "Passer montanus" }, "geometry": { "type": "Point", "coordinates": [ 121.03753, 14.602924 ] } },
{ "type": "Feature", "properties": { "fid": 1096, "gbifID": 3654307750, "occurrenceID": "URN:catalog:CLO:EBIRD:OBS1267078235", "order": "Passeriformes", "family": "Passeridae", "genus": "Passer", "species": "Passer montanus" }, "geometry": { "type": "Point", "coordinates": [ 121.041954, 14.602813 ] } },
{ "type": "Feature", "properties": { "fid": 1097, "gbifID": 3605963675, "occurrenceID": "URN:catalog:CLO:EBIRD:OBS1196985282", "order": "Passeriformes", "family": "Passeridae", "genus": "Passer", "species": "Passer montanus" }, "geometry": { "type": "Point", "coordinates": [ 121.03964, 14.576538 ] } },
{ "type": "Feature", "properties": { "fid": 1098, "gbifID": 4800452211, "occurrenceID": "URN:catalog:CLO:EBIRD:OBS1833420639", "order": "Passeriformes", "family": "Pycnonotidae", "genus": "Pycnonotus", "species": "Pycnonotus goiavier" }, "geometry": { "type": "Point", "coordinates": [ 121.03081, 14.60444 ] } },
{ "type": "Feature", "properties": { "fid": 1099, "gbifID": 4353867799, "occurrenceID": "URN:catalog:CLO:EBIRD:OBS1339262651", "order": "Passeriformes", "family": "Laniidae", "genus": "Lanius", "species": "Lanius cristatus" }, "geometry": { "type": "Point", "coordinates": [ 121.03861, 14.603591 ] } },
{ "type": "Feature", "properties": { "fid": 1100, "gbifID": 3282722656, "occurrenceID": "URN:catalog:CLO:EBIRD:OBS996913138", "order": "Passeriformes", "family": "Nectariniidae", "genus": "Cinnyris", "species": "Cinnyris jugularis" }, "geometry": { "type": "Point", "coordinates": [ 121.03753, 14.602924 ] } },
{ "type": "Feature", "properties": { "fid": 1101, "gbifID": 3250340618, "occurrenceID": "URN:catalog:CLO:EBIRD:OBS915635963", "order": "Passeriformes", "family": "Pycnonotidae", "genus": "Pycnonotus", "species": "Pycnonotus goiavier" }, "geometry": { "type": "Point", "coordinates": [ 121.03753, 14.602924 ] } },
{ "type": "Feature", "properties": { "fid": 1103, "gbifID": 4703659261, "occurrenceID": "URN:catalog:CLO:EBIRD:OBS1630537586", "order": "Passeriformes", "family": "Oriolidae", "genus": "Oriolus", "species": "Oriolus chinensis" }, "geometry": { "type": "Point", "coordinates": [ 121.04677, 14.59694 ] } },
{ "type": "Feature", "properties": { "fid": 1104, "gbifID": 4711435989, "occurrenceID": "URN:catalog:CLO:EBIRD:OBS1639025168", "order": "Pelecaniformes", "family": "Ardeidae", "genus": "Botaurus", "species": null }, "geometry": { "type": "Point", "coordinates": [ 121.04109, 14.60195 ] } },
{ "type": "Feature", "properties": { "fid": 1105, "gbifID": 3153873690, "occurrenceID": "URN:catalog:CLO:EBIRD:OBS915653650", "order": "Passeriformes", "family": "Passeridae", "genus": "Passer", "species": "Passer montanus" }, "geometry": { "type": "Point", "coordinates": [ 121.03753, 14.602924 ] } },
{ "type": "Feature", "properties": { "fid": 1107, "gbifID": 3508198308, "occurrenceID": "URN:catalog:CLO:EBIRD:OBS1049205641", "order": "Passeriformes", "family": "Passeridae", "genus": "Passer", "species": "Passer montanus" }, "geometry": { "type": "Point", "coordinates": [ 121.03753, 14.602924 ] } },
{ "type": "Feature", "properties": { "fid": 1108, "gbifID": 3507981213, "occurrenceID": "URN:catalog:CLO:EBIRD:OBS1077294261", "order": "Falconiformes", "family": "Falconidae", "genus": "Falco", "species": "Falco peregrinus" }, "geometry": { "type": "Point", "coordinates": [ 121.049774, 14.57231 ] } },
{ "type": "Feature", "properties": { "fid": 1109, "gbifID": 3670787492, "occurrenceID": "URN:catalog:CLO:EBIRD:OBS1119956126", "order": "Psittaciformes", "family": "Psittacidae", "genus": "Loriculus", "species": "Loriculus philippensis" }, "geometry": { "type": "Point", "coordinates": [ 121.04109, 14.60195 ] } },
{ "type": "Feature", "properties": { "fid": 1111, "gbifID": 5640221106, "occurrenceID": "URN:catalog:CLO:EBIRD:OBS1952214168", "order": "Passeriformes", "family": "Pycnonotidae", "genus": "Pycnonotus", "species": "Pycnonotus goiavier" }, "geometry": { "type": "Point", "coordinates": [ 121.04774, 14.589665 ] } },
{ "type": "Feature", "properties": { "fid": 1112, "gbifID": 3565854409, "occurrenceID": "URN:catalog:CLO:EBIRD:OBS1215786355", "order": "Apodiformes", "family": "Apodidae", "genus": "Collocalia", "species": "Collocalia troglodytes" }, "geometry": { "type": "Point", "coordinates": [ 121.04307, 14.595008 ] } },
{ "type": "Feature", "properties": { "fid": 1113, "gbifID": 4368209164, "occurrenceID": "URN:catalog:CLO:EBIRD:OBS1385753888", "order": "Passeriformes", "family": "Artamidae", "genus": "Artamus", "species": "Artamus leucorhynchos" }, "geometry": { "type": "Point", "coordinates": [ 121.04728, 14.598908 ] } },
{ "type": "Feature", "properties": { "fid": 1114, "gbifID": 4650736322, "occurrenceID": "URN:catalog:CLO:EBIRD:OBS1780341741", "order": "Passeriformes", "family": "Sturnidae", "genus": "Aplonis", "species": "Aplonis panayensis" }, "geometry": { "type": "Point", "coordinates": [ 121.05693, 14.582642 ] } },
{ "type": "Feature", "properties": { "fid": 1115, "gbifID": 4208079883, "occurrenceID": "URN:catalog:CLO:EBIRD:OBS1429755152", "order": "Passeriformes", "family": "Paridae", "genus": "Periparus", "species": "Periparus elegans" }, "geometry": { "type": "Point", "coordinates": [ 121.04898, 14.589453 ] } },
{ "type": "Feature", "properties": { "fid": 1116, "gbifID": 3560284847, "occurrenceID": "URN:catalog:CLO:EBIRD:OBS1266508547", "order": "Passeriformes", "family": "Motacillidae", "genus": "Motacilla", "species": "Motacilla cinerea" }, "geometry": { "type": "Point", "coordinates": [ 121.04677, 14.59694 ] } },
{ "type": "Feature", "properties": { "fid": 1117, "gbifID": 4831873832, "occurrenceID": "URN:catalog:CLO:EBIRD:OBS1726712611", "order": "Passeriformes", "family": "Sturnidae", "genus": "Aplonis", "species": "Aplonis panayensis" }, "geometry": { "type": "Point", "coordinates": [ 121.04109, 14.60195 ] } },
{ "type": "Feature", "properties": { "fid": 1118, "gbifID": 4792428135, "occurrenceID": "URN:catalog:CLO:EBIRD:OBS1814720159", "order": "Passeriformes", "family": "Sturnidae", "genus": "Aplonis", "species": "Aplonis panayensis" }, "geometry": { "type": "Point", "coordinates": [ 121.05878, 14.588141 ] } },
{ "type": "Feature", "properties": { "fid": 1119, "gbifID": 4826242370, "occurrenceID": "URN:catalog:CLO:EBIRD:OBS1737370503", "order": "Passeriformes", "family": "Acanthizidae", "genus": "Gerygone", "species": "Gerygone sulphurea" }, "geometry": { "type": "Point", "coordinates": [ 121.04898, 14.589453 ] } },
{ "type": "Feature", "properties": { "fid": 1120, "gbifID": 3522909762, "occurrenceID": "URN:catalog:CLO:EBIRD:OBS1049205645", "order": "Psittaciformes", "family": "Psittacidae", "genus": "Loriculus", "species": "Loriculus philippensis" }, "geometry": { "type": "Point", "coordinates": [ 121.03753, 14.602924 ] } },
{ "type": "Feature", "properties": { "fid": 1121, "gbifID": 3651112289, "occurrenceID": "URN:catalog:CLO:EBIRD:OBS1219817903", "order": "Columbiformes", "family": "Columbidae", "genus": "Columba", "species": "Columba livia" }, "geometry": { "type": "Point", "coordinates": [ 121.04728, 14.598908 ] } },
{ "type": "Feature", "properties": { "fid": 1122, "gbifID": 3595840614, "occurrenceID": "URN:catalog:CLO:EBIRD:OBS1111341792", "order": "Passeriformes", "family": "Oriolidae", "genus": "Oriolus", "species": "Oriolus chinensis" }, "geometry": { "type": "Point", "coordinates": [ 121.03771, 14.606191 ] } },
{ "type": "Feature", "properties": { "fid": 1123, "gbifID": 4190402531, "occurrenceID": "URN:catalog:CLO:EBIRD:OBS1323152449", "order": "Passeriformes", "family": "Dicaeidae", "genus": "Dicaeum", "species": "Dicaeum australe" }, "geometry": { "type": "Point", "coordinates": [ 121.04109, 14.60195 ] } },
{ "type": "Feature", "properties": { "fid": 1124, "gbifID": 3672975976, "occurrenceID": "URN:catalog:CLO:EBIRD:OBS1121876297", "order": "Passeriformes", "family": "Rhipiduridae", "genus": "Rhipidura", "species": "Rhipidura nigritorquis" }, "geometry": { "type": "Point", "coordinates": [ 121.02639, 14.606391 ] } },
{ "type": "Feature", "properties": { "fid": 1125, "gbifID": 4190603018, "occurrenceID": "URN:catalog:CLO:EBIRD:OBS1331009390", "order": "Passeriformes", "family": "Laniidae", "genus": "Lanius", "species": "Lanius cristatus" }, "geometry": { "type": "Point", "coordinates": [ 121.03753, 14.602924 ] } },
{ "type": "Feature", "properties": { "fid": 1126, "gbifID": 3674771225, "occurrenceID": "URN:catalog:CLO:EBIRD:OBS1102780584", "order": "Passeriformes", "family": "Laniidae", "genus": "Lanius", "species": "Lanius cristatus" }, "geometry": { "type": "Point", "coordinates": [ 121.04109, 14.60195 ] } },
{ "type": "Feature", "properties": { "fid": 1127, "gbifID": 3624722660, "occurrenceID": "URN:catalog:CLO:EBIRD:OBS1116026405", "order": "Passeriformes", "family": "Nectariniidae", "genus": "Cinnyris", "species": "Cinnyris jugularis" }, "geometry": { "type": "Point", "coordinates": [ 121.038605, 14.603709 ] } },
{ "type": "Feature", "properties": { "fid": 1128, "gbifID": 4786511281, "occurrenceID": "URN:catalog:CLO:EBIRD:OBS1737370502", "order": "Passeriformes", "family": "Campephagidae", "genus": "Lalage", "species": "Lalage nigra" }, "geometry": { "type": "Point", "coordinates": [ 121.04898, 14.589453 ] } },
{ "type": "Feature", "properties": { "fid": 1129, "gbifID": 5513443396, "occurrenceID": "URN:catalog:CLO:EBIRD:OBS2540247947", "order": "Passeriformes", "family": "Pycnonotidae", "genus": "Pycnonotus", "species": "Pycnonotus goiavier" }, "geometry": { "type": "Point", "coordinates": [ 121.04055, 14.605313 ] } },
{ "type": "Feature", "properties": { "fid": 1130, "gbifID": 3175537768, "occurrenceID": "URN:catalog:CLO:EBIRD:OBS934973640", "order": "Passeriformes", "family": "Acanthizidae", "genus": "Gerygone", "species": "Gerygone sulphurea" }, "geometry": { "type": "Point", "coordinates": [ 121.05384, 14.579544 ] } },
{ "type": "Feature", "properties": { "fid": 1131, "gbifID": 4842704008, "occurrenceID": "URN:catalog:CLO:EBIRD:OBS1726712719", "order": "Psittaciformes", "family": "Psittacidae", "genus": "Loriculus", "species": "Loriculus philippensis" }, "geometry": { "type": "Point", "coordinates": [ 121.04109, 14.60195 ] } },
{ "type": "Feature", "properties": { "fid": 1132, "gbifID": 3516382494, "occurrenceID": "URN:catalog:CLO:EBIRD:OBS1080841862", "order": "Passeriformes", "family": "Passeridae", "genus": "Passer", "species": "Passer montanus" }, "geometry": { "type": "Point", "coordinates": [ 121.03964, 14.576538 ] } },
{ "type": "Feature", "properties": { "fid": 1133, "gbifID": 3507124259, "occurrenceID": "URN:catalog:CLO:EBIRD:OBS1084314127", "order": "Passeriformes", "family": "Campephagidae", "genus": "Lalage", "species": "Lalage nigra" }, "geometry": { "type": "Point", "coordinates": [ 121.04677, 14.59694 ] } },
{ "type": "Feature", "properties": { "fid": 1135, "gbifID": 4382602762, "occurrenceID": "URN:catalog:CLO:EBIRD:OBS1518646413", "order": "Passeriformes", "family": "Passeridae", "genus": "Passer", "species": "Passer montanus" }, "geometry": { "type": "Point", "coordinates": [ 121.04677, 14.59694 ] } },
{ "type": "Feature", "properties": { "fid": 1136, "gbifID": 3529903295, "occurrenceID": "URN:catalog:CLO:EBIRD:OBS1054332209", "order": "Piciformes", "family": "Megalaimidae", "genus": "Psilopogon", "species": "Psilopogon haemacephalus" }, "geometry": { "type": "Point", "coordinates": [ 121.03753, 14.602924 ] } },
{ "type": "Feature", "properties": { "fid": 1137, "gbifID": 3240678716, "occurrenceID": "URN:catalog:CLO:EBIRD:OBS915635964", "order": "Piciformes", "family": "Megalaimidae", "genus": "Psilopogon", "species": "Psilopogon haemacephalus" }, "geometry": { "type": "Point", "coordinates": [ 121.03753, 14.602924 ] } },
{ "type": "Feature", "properties": { "fid": 1138, "gbifID": 3507905546, "occurrenceID": "URN:catalog:CLO:EBIRD:OBS1083433228", "order": "Passeriformes", "family": "Laniidae", "genus": "Lanius", "species": "Lanius cristatus" }, "geometry": { "type": "Point", "coordinates": [ 121.051506, 14.603355 ] } },
{ "type": "Feature", "properties": { "fid": 1140, "gbifID": 3582764982, "occurrenceID": "URN:catalog:CLO:EBIRD:OBS1237382201", "order": "Columbiformes", "family": "Columbidae", "genus": "Columba", "species": "Columba livia" }, "geometry": { "type": "Point", "coordinates": [ 121.04307, 14.595008 ] } },
{ "type": "Feature", "properties": { "fid": 1141, "gbifID": 4845596298, "occurrenceID": "URN:catalog:CLO:EBIRD:OBS1956762785", "order": "Piciformes", "family": "Picidae", "genus": "Yungipicus", "species": "Yungipicus maculatus" }, "geometry": { "type": "Point", "coordinates": [ 121.04055, 14.605313 ] } },
{ "type": "Feature", "properties": { "fid": 1142, "gbifID": 3602804873, "occurrenceID": "URN:catalog:CLO:EBIRD:OBS1119129884", "order": "Passeriformes", "family": "Pycnonotidae", "genus": "Pycnonotus", "species": "Pycnonotus goiavier" }, "geometry": { "type": "Point", "coordinates": [ 121.03753, 14.602924 ] } },
{ "type": "Feature", "properties": { "fid": 1144, "gbifID": 3236801107, "occurrenceID": "URN:catalog:CLO:EBIRD:OBS922352523", "order": "Passeriformes", "family": "Sturnidae", "genus": "Aplonis", "species": "Aplonis panayensis" }, "geometry": { "type": "Point", "coordinates": [ 121.03753, 14.602924 ] } },
{ "type": "Feature", "properties": { "fid": 1145, "gbifID": 3589102685, "occurrenceID": "URN:catalog:CLO:EBIRD:OBS1099637911", "order": "Coraciiformes", "family": "Alcedinidae", "genus": "Todiramphus", "species": "Todiramphus chloris" }, "geometry": { "type": "Point", "coordinates": [ 121.04109, 14.60195 ] } },
{ "type": "Feature", "properties": { "fid": 1146, "gbifID": 3510537406, "occurrenceID": "URN:catalog:CLO:EBIRD:OBS1111348376", "order": "Passeriformes", "family": "Laniidae", "genus": "Lanius", "species": "Lanius cristatus" }, "geometry": { "type": "Point", "coordinates": [ 121.03771, 14.606191 ] } },
{ "type": "Feature", "properties": { "fid": 1147, "gbifID": 5520148704, "occurrenceID": "URN:catalog:CLO:EBIRD:OBS2019954477", "order": "Passeriformes", "family": "Rhipiduridae", "genus": "Rhipidura", "species": "Rhipidura nigritorquis" }, "geometry": { "type": "Point", "coordinates": [ 121.03203, 14.607486 ] } },
{ "type": "Feature", "properties": { "fid": 1148, "gbifID": 4843020281, "occurrenceID": "URN:catalog:CLO:EBIRD:OBS1737370496", "order": "Pelecaniformes", "family": "Ardeidae", "genus": "Butorides", "species": "Butorides striata" }, "geometry": { "type": "Point", "coordinates": [ 121.04898, 14.589453 ] } },
{ "type": "Feature", "properties": { "fid": 1149, "gbifID": 4637762940, "occurrenceID": "URN:catalog:CLO:EBIRD:OBS1726709401", "order": "Passeriformes", "family": "Pycnonotidae", "genus": "Pycnonotus", "species": "Pycnonotus goiavier" }, "geometry": { "type": "Point", "coordinates": [ 121.04109, 14.60195 ] } },
{ "type": "Feature", "properties": { "fid": 1150, "gbifID": 4613181753, "occurrenceID": "URN:catalog:CLO:EBIRD:OBS1721901516", "order": "Passeriformes", "family": "Acanthizidae", "genus": "Gerygone", "species": "Gerygone sulphurea" }, "geometry": { "type": "Point", "coordinates": [ 121.04898, 14.589453 ] } },
{ "type": "Feature", "properties": { "fid": 1151, "gbifID": 3234826504, "occurrenceID": "URN:catalog:CLO:EBIRD:OBS848445253", "order": "Pelecaniformes", "family": "Ardeidae", "genus": "Egretta", "species": "Egretta garzetta" }, "geometry": { "type": "Point", "coordinates": [ 121.04612, 14.568563 ] } },
{ "type": "Feature", "properties": { "fid": 1152, "gbifID": 4735233638, "occurrenceID": "URN:catalog:CLO:EBIRD:OBS1882362485", "order": "Apodiformes", "family": "Apodidae", "genus": "Collocalia", "species": "Collocalia marginata" }, "geometry": { "type": "Point", "coordinates": [ 121.03203, 14.607486 ] } },
{ "type": "Feature", "properties": { "fid": 1153, "gbifID": 3544554143, "occurrenceID": "URN:catalog:CLO:EBIRD:OBS1114411732", "order": "Passeriformes", "family": "Passeridae", "genus": "Passer", "species": "Passer montanus" }, "geometry": { "type": "Point", "coordinates": [ 121.04109, 14.60195 ] } },
{ "type": "Feature", "properties": { "fid": 1154, "gbifID": 5488581892, "occurrenceID": "URN:catalog:CLO:EBIRD:OBS2717693447", "order": "Passeriformes", "family": "Rhipiduridae", "genus": "Rhipidura", "species": "Rhipidura nigritorquis" }, "geometry": { "type": "Point", "coordinates": [ 121.04332, 14.585162 ] } },
{ "type": "Feature", "properties": { "fid": 1155, "gbifID": 4377756129, "occurrenceID": "URN:catalog:CLO:EBIRD:OBS1588668476", "order": "Apodiformes", "family": "Apodidae", "genus": "Collocalia", "species": "Collocalia marginata" }, "geometry": { "type": "Point", "coordinates": [ 121.05332, 14.604934 ] } },
{ "type": "Feature", "properties": { "fid": 1156, "gbifID": 3296878860, "occurrenceID": "URN:catalog:CLO:EBIRD:OBS1000064008", "order": "Passeriformes", "family": "Oriolidae", "genus": "Oriolus", "species": "Oriolus chinensis" }, "geometry": { "type": "Point", "coordinates": [ 121.03753, 14.602924 ] } },
{ "type": "Feature", "properties": { "fid": 1157, "gbifID": 3562471315, "occurrenceID": "URN:catalog:CLO:EBIRD:OBS1215786354", "order": "Passeriformes", "family": "Pycnonotidae", "genus": "Pycnonotus", "species": "Pycnonotus goiavier" }, "geometry": { "type": "Point", "coordinates": [ 121.04307, 14.595008 ] } },
{ "type": "Feature", "properties": { "fid": 1158, "gbifID": 4202928851, "occurrenceID": "URN:catalog:CLO:EBIRD:OBS1329314378", "order": "Columbiformes", "family": "Columbidae", "genus": "Geopelia", "species": "Geopelia striata" }, "geometry": { "type": "Point", "coordinates": [ 121.04553, 14.597787 ] } },
{ "type": "Feature", "properties": { "fid": 1159, "gbifID": 4355342456, "occurrenceID": "URN:catalog:CLO:EBIRD:OBS1389046821", "order": "Passeriformes", "family": "Zosteropidae", "genus": "Zosterops", "species": "Zosterops meyeni" }, "geometry": { "type": "Point", "coordinates": [ 121.05964, 14.584772 ] } },
{ "type": "Feature", "properties": { "fid": 1160, "gbifID": 3583130582, "occurrenceID": "URN:catalog:CLO:EBIRD:OBS1246521933", "order": "Passeriformes", "family": "Zosteropidae", "genus": "Zosterops", "species": "Zosterops meyeni" }, "geometry": { "type": "Point", "coordinates": [ 121.04728, 14.598908 ] } },
{ "type": "Feature", "properties": { "fid": 1161, "gbifID": 3634679059, "occurrenceID": "URN:catalog:CLO:EBIRD:OBS1241367930", "order": "Columbiformes", "family": "Columbidae", "genus": "Columba", "species": "Columba livia" }, "geometry": { "type": "Point", "coordinates": [ 121.041954, 14.602813 ] } },
{ "type": "Feature", "properties": { "fid": 1162, "gbifID": 3233332556, "occurrenceID": "URN:catalog:CLO:EBIRD:OBS915640001", "order": "Passeriformes", "family": "Passeridae", "genus": "Passer", "species": "Passer montanus" }, "geometry": { "type": "Point", "coordinates": [ 121.03753, 14.602924 ] } },
{ "type": "Feature", "properties": { "fid": 1163, "gbifID": 3574840561, "occurrenceID": "URN:catalog:CLO:EBIRD:OBS1246521932", "order": "Passeriformes", "family": "Corvidae", "genus": "Corvus", "species": null }, "geometry": { "type": "Point", "coordinates": [ 121.04728, 14.598908 ] } },
{ "type": "Feature", "properties": { "fid": 1164, "gbifID": 3572106253, "occurrenceID": "URN:catalog:CLO:EBIRD:OBS1237382191", "order": "Passeriformes", "family": "Laniidae", "genus": "Lanius", "species": "Lanius cristatus" }, "geometry": { "type": "Point", "coordinates": [ 121.04307, 14.595008 ] } },
{ "type": "Feature", "properties": { "fid": 1165, "gbifID": 3173695669, "occurrenceID": "URN:catalog:CLO:EBIRD:OBS920391201", "order": "Passeriformes", "family": "Sturnidae", "genus": "Aplonis", "species": "Aplonis panayensis" }, "geometry": { "type": "Point", "coordinates": [ 121.03753, 14.602924 ] } },
{ "type": "Feature", "properties": { "fid": 1166, "gbifID": 3618682033, "occurrenceID": "URN:catalog:CLO:EBIRD:OBS1119129879", "order": "Passeriformes", "family": "Rhipiduridae", "genus": "Rhipidura", "species": "Rhipidura nigritorquis" }, "geometry": { "type": "Point", "coordinates": [ 121.03753, 14.602924 ] } },
{ "type": "Feature", "properties": { "fid": 1167, "gbifID": 4364775020, "occurrenceID": "URN:catalog:CLO:EBIRD:OBS1587340811", "order": "Passeriformes", "family": "Pycnonotidae", "genus": "Pycnonotus", "species": "Pycnonotus goiavier" }, "geometry": { "type": "Point", "coordinates": [ 121.05332, 14.604934 ] } },
{ "type": "Feature", "properties": { "fid": 1168, "gbifID": 4708278326, "occurrenceID": "URN:catalog:CLO:EBIRD:OBS1639025164", "order": "Passeriformes", "family": "Rhipiduridae", "genus": "Rhipidura", "species": "Rhipidura nigritorquis" }, "geometry": { "type": "Point", "coordinates": [ 121.04109, 14.60195 ] } },
{ "type": "Feature", "properties": { "fid": 1169, "gbifID": 4689086399, "occurrenceID": "URN:catalog:CLO:EBIRD:OBS1726709405", "order": "Columbiformes", "family": "Columbidae", "genus": "Columba", "species": "Columba livia" }, "geometry": { "type": "Point", "coordinates": [ 121.04109, 14.60195 ] } },
{ "type": "Feature", "properties": { "fid": 1170, "gbifID": 4199281001, "occurrenceID": "URN:catalog:CLO:EBIRD:OBS1429755147", "order": "Columbiformes", "family": "Columbidae", "genus": "Geopelia", "species": "Geopelia striata" }, "geometry": { "type": "Point", "coordinates": [ 121.04898, 14.589453 ] } },
{ "type": "Feature", "properties": { "fid": 1171, "gbifID": 3553303631, "occurrenceID": "URN:catalog:CLO:EBIRD:OBS1192337461", "order": "Passeriformes", "family": "Sturnidae", "genus": "Aplonis", "species": "Aplonis panayensis" }, "geometry": { "type": "Point", "coordinates": [ 121.03964, 14.576538 ] } },
{ "type": "Feature", "properties": { "fid": 1172, "gbifID": 4259886584, "occurrenceID": "URN:catalog:CLO:EBIRD:OBS1361347065", "order": "Passeriformes", "family": "Passeridae", "genus": "Passer", "species": "Passer montanus" }, "geometry": { "type": "Point", "coordinates": [ 121.038605, 14.603709 ] } },
{ "type": "Feature", "properties": { "fid": 1173, "gbifID": 4639209913, "occurrenceID": "URN:catalog:CLO:EBIRD:OBS1639029375", "order": "Piciformes", "family": "Megalaimidae", "genus": "Psilopogon", "species": "Psilopogon haemacephalus" }, "geometry": { "type": "Point", "coordinates": [ 121.02962, 14.605055 ] } },
{ "type": "Feature", "properties": { "fid": 1174, "gbifID": 3538477937, "occurrenceID": "URN:catalog:CLO:EBIRD:OBS1251715621", "order": "Pelecaniformes", "family": "Ardeidae", "genus": "Egretta", "species": "Egretta garzetta" }, "geometry": { "type": "Point", "coordinates": [ 121.041954, 14.602813 ] } },
{ "type": "Feature", "properties": { "fid": 1176, "gbifID": 3683778463, "occurrenceID": "URN:catalog:CLO:EBIRD:OBS1117992339", "order": "Passeriformes", "family": "Rhipiduridae", "genus": "Rhipidura", "species": "Rhipidura nigritorquis" }, "geometry": { "type": "Point", "coordinates": [ 121.04044, 14.606056 ] } },
{ "type": "Feature", "properties": { "fid": 1177, "gbifID": 3688394648, "occurrenceID": "URN:catalog:CLO:EBIRD:OBS1267079740", "order": "Columbiformes", "family": "Columbidae", "genus": "Geopelia", "species": "Geopelia striata" }, "geometry": { "type": "Point", "coordinates": [ 121.041954, 14.602813 ] } },
{ "type": "Feature", "properties": { "fid": 1179, "gbifID": 4234130512, "occurrenceID": "URN:catalog:CLO:EBIRD:OBS1361349417", "order": "Passeriformes", "family": "Passeridae", "genus": "Passer", "species": "Passer montanus" }, "geometry": { "type": "Point", "coordinates": [ 121.042046, 14.594734 ] } },
{ "type": "Feature", "properties": { "fid": 1180, "gbifID": 4314877476, "occurrenceID": "URN:catalog:CLO:EBIRD:OBS1339262644", "order": "Gruiformes", "family": "Rallidae", "genus": "Amaurornis", "species": "Amaurornis phoenicurus" }, "geometry": { "type": "Point", "coordinates": [ 121.03861, 14.603591 ] } },
{ "type": "Feature", "properties": { "fid": 1181, "gbifID": 4732944137, "occurrenceID": "URN:catalog:CLO:EBIRD:OBS1726709399", "order": "Columbiformes", "family": "Columbidae", "genus": "Geopelia", "species": "Geopelia striata" }, "geometry": { "type": "Point", "coordinates": [ 121.04109, 14.60195 ] } },
{ "type": "Feature", "properties": { "fid": 1182, "gbifID": 4617637606, "occurrenceID": "URN:catalog:CLO:EBIRD:OBS1726725206", "order": "Coraciiformes", "family": "Alcedinidae", "genus": "Todiramphus", "species": "Todiramphus chloris" }, "geometry": { "type": "Point", "coordinates": [ 121.04109, 14.60195 ] } },
{ "type": "Feature", "properties": { "fid": 1183, "gbifID": 3657812864, "occurrenceID": "URN:catalog:CLO:EBIRD:OBS1241360928", "order": "Pelecaniformes", "family": "Ardeidae", "genus": "Ardea", "species": null }, "geometry": { "type": "Point", "coordinates": [ 121.041954, 14.602813 ] } },
{ "type": "Feature", "properties": { "fid": 1184, "gbifID": 4232188418, "occurrenceID": "URN:catalog:CLO:EBIRD:OBS1361349419", "order": "Passeriformes", "family": "Muscicapidae", "genus": "Copsychus", "species": "Copsychus mindanensis" }, "geometry": { "type": "Point", "coordinates": [ 121.042046, 14.594734 ] } },
{ "type": "Feature", "properties": { "fid": 1185, "gbifID": 3195652888, "occurrenceID": "URN:catalog:CLO:EBIRD:OBS1000063999", "order": "Passeriformes", "family": "Sturnidae", "genus": "Acridotheres", "species": "Acridotheres cristatellus" }, "geometry": { "type": "Point", "coordinates": [ 121.03753, 14.602924 ] } },
{ "type": "Feature", "properties": { "fid": 1186, "gbifID": 3260330877, "occurrenceID": "URN:catalog:CLO:EBIRD:OBS1011600297", "order": "Passeriformes", "family": "Nectariniidae", "genus": "Cinnyris", "species": "Cinnyris jugularis" }, "geometry": { "type": "Point", "coordinates": [ 121.03753, 14.602924 ] } },
{ "type": "Feature", "properties": { "fid": 1187, "gbifID": 3632422578, "occurrenceID": "URN:catalog:CLO:EBIRD:OBS1165842381", "order": "Coraciiformes", "family": "Alcedinidae", "genus": "Todiramphus", "species": "Todiramphus chloris" }, "geometry": { "type": "Point", "coordinates": [ 121.04109, 14.60195 ] } },
{ "type": "Feature", "properties": { "fid": 1188, "gbifID": 4735827359, "occurrenceID": "URN:catalog:CLO:EBIRD:OBS1726712705", "order": "Piciformes", "family": "Picidae", "genus": "Yungipicus", "species": "Yungipicus maculatus" }, "geometry": { "type": "Point", "coordinates": [ 121.04109, 14.60195 ] } },
{ "type": "Feature", "properties": { "fid": 1189, "gbifID": 3668147908, "occurrenceID": "URN:catalog:CLO:EBIRD:OBS1241363601", "order": "Passeriformes", "family": "Sturnidae", "genus": "Aplonis", "species": "Aplonis panayensis" }, "geometry": { "type": "Point", "coordinates": [ 121.041954, 14.602813 ] } },
{ "type": "Feature", "properties": { "fid": 1190, "gbifID": 4737762426, "occurrenceID": "URN:catalog:CLO:EBIRD:OBS1754909052", "order": "Passeriformes", "family": "Passeridae", "genus": "Passer", "species": "Passer montanus" }, "geometry": { "type": "Point", "coordinates": [ 121.03438, 14.567385 ] } },
{ "type": "Feature", "properties": { "fid": 1191, "gbifID": 3510247578, "occurrenceID": "URN:catalog:CLO:EBIRD:OBS1073368661", "order": "Piciformes", "family": "Megalaimidae", "genus": "Psilopogon", "species": "Psilopogon haemacephalus" }, "geometry": { "type": "Point", "coordinates": [ 121.04677, 14.59694 ] } },
{ "type": "Feature", "properties": { "fid": 1192, "gbifID": 3534951867, "occurrenceID": "URN:catalog:CLO:EBIRD:OBS1081460638", "order": "Passeriformes", "family": "Acanthizidae", "genus": "Gerygone", "species": "Gerygone sulphurea" }, "geometry": { "type": "Point", "coordinates": [ 121.04904, 14.589351 ] } },
{ "type": "Feature", "properties": { "fid": 1193, "gbifID": 3134587095, "occurrenceID": "URN:catalog:CLO:EBIRD:OBS862791800", "order": "Passeriformes", "family": "Passeridae", "genus": "Passer", "species": "Passer montanus" }, "geometry": { "type": "Point", "coordinates": [ 121.057045, 14.589503 ] } },
{ "type": "Feature", "properties": { "fid": 1194, "gbifID": 4743952923, "occurrenceID": "URN:catalog:CLO:EBIRD:OBS1726712707", "order": "Pelecaniformes", "family": "Ardeidae", "genus": "Egretta", "species": "Egretta garzetta" }, "geometry": { "type": "Point", "coordinates": [ 121.04109, 14.60195 ] } },
{ "type": "Feature", "properties": { "fid": 1195, "gbifID": 3167470788, "occurrenceID": "URN:catalog:CLO:EBIRD:OBS915632777", "order": "Passeriformes", "family": "Pycnonotidae", "genus": "Pycnonotus", "species": "Pycnonotus goiavier" }, "geometry": { "type": "Point", "coordinates": [ 121.02639, 14.606391 ] } },
{ "type": "Feature", "properties": { "fid": 1196, "gbifID": 4247953160, "occurrenceID": "URN:catalog:CLO:EBIRD:OBS1471809734", "order": "Passeriformes", "family": "Passeridae", "genus": "Passer", "species": "Passer montanus" }, "geometry": { "type": "Point", "coordinates": [ 121.03708, 14.59188 ] } },
{ "type": "Feature", "properties": { "fid": 1197, "gbifID": 3252010347, "occurrenceID": "URN:catalog:CLO:EBIRD:OBS971676017", "order": "Apodiformes", "family": "Apodidae", "genus": "Collocalia", "species": "Collocalia marginata" }, "geometry": { "type": "Point", "coordinates": [ 121.05856, 14.588318 ] } },
{ "type": "Feature", "properties": { "fid": 1199, "gbifID": 3528360070, "occurrenceID": "URN:catalog:CLO:EBIRD:OBS1129098181", "order": "Coraciiformes", "family": "Alcedinidae", "genus": "Todiramphus", "species": "Todiramphus chloris" }, "geometry": { "type": "Point", "coordinates": [ 121.04109, 14.60195 ] } },
{ "type": "Feature", "properties": { "fid": 1200, "gbifID": 3158596646, "occurrenceID": "URN:catalog:CLO:EBIRD:OBS915653657", "order": "Psittaciformes", "family": "Psittacidae", "genus": "Loriculus", "species": "Loriculus philippensis" }, "geometry": { "type": "Point", "coordinates": [ 121.03753, 14.602924 ] } },
{ "type": "Feature", "properties": { "fid": 1201, "gbifID": 4314401528, "occurrenceID": "URN:catalog:CLO:EBIRD:OBS1361347068", "order": "Passeriformes", "family": "Laniidae", "genus": "Lanius", "species": "Lanius cristatus" }, "geometry": { "type": "Point", "coordinates": [ 121.038605, 14.603709 ] } },
{ "type": "Feature", "properties": { "fid": 1202, "gbifID": 4341953884, "occurrenceID": "URN:catalog:CLO:EBIRD:OBS1384406478", "order": "Passeriformes", "family": "Pycnonotidae", "genus": "Pycnonotus", "species": "Pycnonotus goiavier" }, "geometry": { "type": "Point", "coordinates": [ 121.05715, 14.580761 ] } },
{ "type": "Feature", "properties": { "fid": 1203, "gbifID": 4384559026, "occurrenceID": "URN:catalog:CLO:EBIRD:OBS1389690042", "order": "Passeriformes", "family": "Passeridae", "genus": "Passer", "species": "Passer montanus" }, "geometry": { "type": "Point", "coordinates": [ 121.05715, 14.580761 ] } },
{ "type": "Feature", "properties": { "fid": 1204, "gbifID": 4213093455, "occurrenceID": "URN:catalog:CLO:EBIRD:OBS1429755153", "order": "Passeriformes", "family": "Artamidae", "genus": "Artamus", "species": "Artamus leucorhynchos" }, "geometry": { "type": "Point", "coordinates": [ 121.04898, 14.589453 ] } },
{ "type": "Feature", "properties": { "fid": 1205, "gbifID": 4217698627, "occurrenceID": "URN:catalog:CLO:EBIRD:OBS1430311533", "order": "Coraciiformes", "family": "Alcedinidae", "genus": "Todiramphus", "species": "Todiramphus chloris" }, "geometry": { "type": "Point", "coordinates": [ 121.04898, 14.589453 ] } },
{ "type": "Feature", "properties": { "fid": 1206, "gbifID": 3521983152, "occurrenceID": "URN:catalog:CLO:EBIRD:OBS1111248986", "order": "Passeriformes", "family": "Passeridae", "genus": "Passer", "species": "Passer montanus" }, "geometry": { "type": "Point", "coordinates": [ 121.04109, 14.60195 ] } },
{ "type": "Feature", "properties": { "fid": 1207, "gbifID": 3550631908, "occurrenceID": "URN:catalog:CLO:EBIRD:OBS1069482027", "order": "Passeriformes", "family": "Nectariniidae", "genus": "Cinnyris", "species": "Cinnyris jugularis" }, "geometry": { "type": "Point", "coordinates": [ 121.04677, 14.59694 ] } },
{ "type": "Feature", "properties": { "fid": 1208, "gbifID": 3275163070, "occurrenceID": "URN:catalog:CLO:EBIRD:OBS1002671440", "order": "Passeriformes", "family": "Passeridae", "genus": "Passer", "species": "Passer montanus" }, "geometry": { "type": "Point", "coordinates": [ 121.03753, 14.602924 ] } },
{ "type": "Feature", "properties": { "fid": 1211, "gbifID": 3692291031, "occurrenceID": "URN:catalog:CLO:EBIRD:OBS1117823913", "order": "Passeriformes", "family": "Pycnonotidae", "genus": "Pycnonotus", "species": "Pycnonotus goiavier" }, "geometry": { "type": "Point", "coordinates": [ 121.03771, 14.606191 ] } },
{ "type": "Feature", "properties": { "fid": 1212, "gbifID": 3530763001, "occurrenceID": "URN:catalog:CLO:EBIRD:OBS1069482034", "order": "Passeriformes", "family": "Artamidae", "genus": "Artamus", "species": "Artamus leucorhynchos" }, "geometry": { "type": "Point", "coordinates": [ 121.04677, 14.59694 ] } },
{ "type": "Feature", "properties": { "fid": 1215, "gbifID": 3635516647, "occurrenceID": "URN:catalog:CLO:EBIRD:OBS1242462498", "order": "Passeriformes", "family": "Pycnonotidae", "genus": "Pycnonotus", "species": "Pycnonotus goiavier" }, "geometry": { "type": "Point", "coordinates": [ 121.04109, 14.60195 ] } },
{ "type": "Feature", "properties": { "fid": 1217, "gbifID": 3539032854, "occurrenceID": "URN:catalog:CLO:EBIRD:OBS1093610250", "order": "Passeriformes", "family": "Sturnidae", "genus": "Aplonis", "species": "Aplonis panayensis" }, "geometry": { "type": "Point", "coordinates": [ 121.03964, 14.576538 ] } },
{ "type": "Feature", "properties": { "fid": 1218, "gbifID": 3600903989, "occurrenceID": "URN:catalog:CLO:EBIRD:OBS1114410062", "order": "Passeriformes", "family": "Motacillidae", "genus": "Motacilla", "species": "Motacilla cinerea" }, "geometry": { "type": "Point", "coordinates": [ 121.04109, 14.60195 ] } },
{ "type": "Feature", "properties": { "fid": 1219, "gbifID": 4201597195, "occurrenceID": "URN:catalog:CLO:EBIRD:OBS1361349420", "order": "Passeriformes", "family": "Motacillidae", "genus": "Motacilla", "species": "Motacilla cinerea" }, "geometry": { "type": "Point", "coordinates": [ 121.042046, 14.594734 ] } },
{ "type": "Feature", "properties": { "fid": 1220, "gbifID": 4309189114, "occurrenceID": "URN:catalog:CLO:EBIRD:OBS1357358291", "order": "Passeriformes", "family": "Nectariniidae", "genus": "Cinnyris", "species": "Cinnyris jugularis" }, "geometry": { "type": "Point", "coordinates": [ 121.04898, 14.589453 ] } },
{ "type": "Feature", "properties": { "fid": 1221, "gbifID": 3618064206, "occurrenceID": "URN:catalog:CLO:EBIRD:OBS1222162978", "order": "Passeriformes", "family": "Corvidae", "genus": "Corvus", "species": null }, "geometry": { "type": "Point", "coordinates": [ 121.04728, 14.598908 ] } },
{ "type": "Feature", "properties": { "fid": 1222, "gbifID": 3622202936, "occurrenceID": "URN:catalog:CLO:EBIRD:OBS1117792181", "order": "Gruiformes", "family": "Rallidae", "genus": "Amaurornis", "species": "Amaurornis phoenicurus" }, "geometry": { "type": "Point", "coordinates": [ 121.04109, 14.60195 ] } },
{ "type": "Feature", "properties": { "fid": 1223, "gbifID": 3673542182, "occurrenceID": "URN:catalog:CLO:EBIRD:OBS1117992331", "order": "Passeriformes", "family": "Oriolidae", "genus": "Oriolus", "species": "Oriolus chinensis" }, "geometry": { "type": "Point", "coordinates": [ 121.03771, 14.606191 ] } },
{ "type": "Feature", "properties": { "fid": 1225, "gbifID": 5604082455, "occurrenceID": "URN:catalog:CLO:EBIRD:OBS1953191539", "order": "Psittaciformes", "family": "Psittacidae", "genus": "Loriculus", "species": "Loriculus philippensis" }, "geometry": { "type": "Point", "coordinates": [ 121.04774, 14.589665 ] } },
{ "type": "Feature", "properties": { "fid": 1226, "gbifID": 3138207404, "occurrenceID": "URN:catalog:CLO:EBIRD:OBS848444500", "order": "Passeriformes", "family": "Passeridae", "genus": "Passer", "species": "Passer montanus" }, "geometry": { "type": "Point", "coordinates": [ 121.05711, 14.586874 ] } },
{ "type": "Feature", "properties": { "fid": 1227, "gbifID": 3151720679, "occurrenceID": "URN:catalog:CLO:EBIRD:OBS915645730", "order": "Passeriformes", "family": "Passeridae", "genus": "Passer", "species": "Passer montanus" }, "geometry": { "type": "Point", "coordinates": [ 121.03753, 14.602924 ] } },
{ "type": "Feature", "properties": { "fid": 1229, "gbifID": 3682370629, "occurrenceID": "URN:catalog:CLO:EBIRD:OBS1117992349", "order": "Piciformes", "family": "Megalaimidae", "genus": "Psilopogon", "species": "Psilopogon haemacephalus" }, "geometry": { "type": "Point", "coordinates": [ 121.038605, 14.603709 ] } },
{ "type": "Feature", "properties": { "fid": 1230, "gbifID": 4304301297, "occurrenceID": "URN:catalog:CLO:EBIRD:OBS1336401558", "order": "Passeriformes", "family": "Corvidae", "genus": "Corvus", "species": null }, "geometry": { "type": "Point", "coordinates": [ 121.04904, 14.589351 ] } },
{ "type": "Feature", "properties": { "fid": 1231, "gbifID": 4229312983, "occurrenceID": "URN:catalog:CLO:EBIRD:OBS1591411423", "order": "Passeriformes", "family": "Nectariniidae", "genus": "Cinnyris", "species": "Cinnyris jugularis" }, "geometry": { "type": "Point", "coordinates": [ 121.04109, 14.60195 ] } },
{ "type": "Feature", "properties": { "fid": 1232, "gbifID": 3536628214, "occurrenceID": "URN:catalog:CLO:EBIRD:OBS1112488568", "order": "Passeriformes", "family": "Pycnonotidae", "genus": "Pycnonotus", "species": "Pycnonotus goiavier" }, "geometry": { "type": "Point", "coordinates": [ 121.04109, 14.60195 ] } },
{ "type": "Feature", "properties": { "fid": 1233, "gbifID": 3531868380, "occurrenceID": "URN:catalog:CLO:EBIRD:OBS1117989314", "order": "Passeriformes", "family": "Pycnonotidae", "genus": "Pycnonotus", "species": "Pycnonotus goiavier" }, "geometry": { "type": "Point", "coordinates": [ 121.04109, 14.60195 ] } },
{ "type": "Feature", "properties": { "fid": 1234, "gbifID": 3281343791, "occurrenceID": "URN:catalog:CLO:EBIRD:OBS848844812", "order": "Pelecaniformes", "family": "Ardeidae", "genus": "Nycticorax", "species": "Nycticorax nycticorax" }, "geometry": { "type": "Point", "coordinates": [ 121.04612, 14.568563 ] } },
{ "type": "Feature", "properties": { "fid": 1235, "gbifID": 3610722213, "occurrenceID": "URN:catalog:CLO:EBIRD:OBS1119129885", "order": "Passeriformes", "family": "Motacillidae", "genus": "Motacilla", "species": "Motacilla cinerea" }, "geometry": { "type": "Point", "coordinates": [ 121.03753, 14.602924 ] } },
{ "type": "Feature", "properties": { "fid": 1236, "gbifID": 3580534396, "occurrenceID": "URN:catalog:CLO:EBIRD:OBS1246521930", "order": "Passeriformes", "family": "Dicaeidae", "genus": "Dicaeum", "species": "Dicaeum australe" }, "geometry": { "type": "Point", "coordinates": [ 121.04728, 14.598908 ] } },
{ "type": "Feature", "properties": { "fid": 1237, "gbifID": 4236851197, "occurrenceID": "URN:catalog:CLO:EBIRD:OBS1357358303", "order": "Apodiformes", "family": "Apodidae", "genus": "Collocalia", "species": "Collocalia marginata" }, "geometry": { "type": "Point", "coordinates": [ 121.04898, 14.589453 ] } },
{ "type": "Feature", "properties": { "fid": 1238, "gbifID": 4673180737, "occurrenceID": "URN:catalog:CLO:EBIRD:OBS1609959566", "order": "Pelecaniformes", "family": "Ardeidae", "genus": "Ardeola", "species": "Ardeola speciosa" }, "geometry": { "type": "Point", "coordinates": [ 121.04109, 14.60195 ] } },
{ "type": "Feature", "properties": { "fid": 1239, "gbifID": 4832918996, "occurrenceID": "URN:catalog:CLO:EBIRD:OBS1651041428", "order": "Passeriformes", "family": "Pycnonotidae", "genus": "Pycnonotus", "species": "Pycnonotus goiavier" }, "geometry": { "type": "Point", "coordinates": [ 121.05878, 14.588141 ] } },
{ "type": "Feature", "properties": { "fid": 1241, "gbifID": 5643665678, "occurrenceID": "URN:catalog:CLO:EBIRD:OBS2220359434", "order": "Apodiformes", "family": "Apodidae", "genus": "Collocalia", "species": "Collocalia marginata" }, "geometry": { "type": "Point", "coordinates": [ 121.0307, 14.605167 ] } },
{ "type": "Feature", "properties": { "fid": 1242, "gbifID": 3292766863, "occurrenceID": "URN:catalog:CLO:EBIRD:OBS1000064002", "order": "Passeriformes", "family": "Pycnonotidae", "genus": "Pycnonotus", "species": "Pycnonotus goiavier" }, "geometry": { "type": "Point", "coordinates": [ 121.03753, 14.602924 ] } },
{ "type": "Feature", "properties": { "fid": 1243, "gbifID": 3534309695, "occurrenceID": "URN:catalog:CLO:EBIRD:OBS1121887081", "order": "Passeriformes", "family": "Acanthizidae", "genus": "Gerygone", "species": "Gerygone sulphurea" }, "geometry": { "type": "Point", "coordinates": [ 121.02639, 14.606391 ] } },
{ "type": "Feature", "properties": { "fid": 1244, "gbifID": 4766638408, "occurrenceID": "URN:catalog:CLO:EBIRD:OBS1737370498", "order": "Passeriformes", "family": "Passeridae", "genus": "Passer", "species": "Passer montanus" }, "geometry": { "type": "Point", "coordinates": [ 121.04898, 14.589453 ] } },
{ "type": "Feature", "properties": { "fid": 1245, "gbifID": 3162927764, "occurrenceID": "URN:catalog:CLO:EBIRD:OBS934973644", "order": "Passeriformes", "family": "Nectariniidae", "genus": "Cinnyris", "species": "Cinnyris jugularis" }, "geometry": { "type": "Point", "coordinates": [ 121.05384, 14.579544 ] } },
{ "type": "Feature", "properties": { "fid": 1246, "gbifID": 4302594255, "occurrenceID": "URN:catalog:CLO:EBIRD:OBS1331007110", "order": "Passeriformes", "family": "Zosteropidae", "genus": "Zosterops", "species": "Zosterops meyeni" }, "geometry": { "type": "Point", "coordinates": [ 121.03753, 14.602924 ] } },
{ "type": "Feature", "properties": { "fid": 1247, "gbifID": 3228315082, "occurrenceID": "URN:catalog:CLO:EBIRD:OBS922352519", "order": "Passeriformes", "family": "Acanthizidae", "genus": "Gerygone", "species": "Gerygone sulphurea" }, "geometry": { "type": "Point", "coordinates": [ 121.03753, 14.602924 ] } },
{ "type": "Feature", "properties": { "fid": 1249, "gbifID": 3550052821, "occurrenceID": "URN:catalog:CLO:EBIRD:OBS1251715615", "order": "Psittaciformes", "family": "Psittacidae", "genus": "Loriculus", "species": "Loriculus philippensis" }, "geometry": { "type": "Point", "coordinates": [ 121.041954, 14.602813 ] } },
{ "type": "Feature", "properties": { "fid": 1250, "gbifID": 3559558473, "occurrenceID": "URN:catalog:CLO:EBIRD:OBS1266508549", "order": "Coraciiformes", "family": "Alcedinidae", "genus": "Alcedo", "species": "Alcedo atthis" }, "geometry": { "type": "Point", "coordinates": [ 121.04677, 14.59694 ] } },
{ "type": "Feature", "properties": { "fid": 1251, "gbifID": 4184999213, "occurrenceID": "URN:catalog:CLO:EBIRD:OBS1315919349", "order": "Passeriformes", "family": "Passeridae", "genus": "Passer", "species": "Passer montanus" }, "geometry": { "type": "Point", "coordinates": [ 121.03753, 14.602924 ] } },
{ "type": "Feature", "properties": { "fid": 1252, "gbifID": 4344318146, "occurrenceID": "URN:catalog:CLO:EBIRD:OBS1320624415", "order": "Passeriformes", "family": "Oriolidae", "genus": "Oriolus", "species": "Oriolus chinensis" }, "geometry": { "type": "Point", "coordinates": [ 121.04109, 14.60195 ] } },
{ "type": "Feature", "properties": { "fid": 1254, "gbifID": 4292247380, "occurrenceID": "URN:catalog:CLO:EBIRD:OBS1465890062", "order": "Passeriformes", "family": "Pycnonotidae", "genus": "Pycnonotus", "species": "Pycnonotus goiavier" }, "geometry": { "type": "Point", "coordinates": [ 121.03708, 14.59188 ] } },
{ "type": "Feature", "properties": { "fid": 1255, "gbifID": 5414395176, "occurrenceID": "URN:catalog:CLO:EBIRD:OBS2431090534", "order": "Passeriformes", "family": "Oriolidae", "genus": "Oriolus", "species": "Oriolus chinensis" }, "geometry": { "type": "Point", "coordinates": [ 121.038605, 14.603709 ] } },
{ "type": "Feature", "properties": { "fid": 1256, "gbifID": 5662899369, "occurrenceID": "URN:catalog:CLO:EBIRD:OBS2414893830", "order": "Columbiformes", "family": "Columbidae", "genus": "Spilopelia", "species": "Spilopelia chinensis" }, "geometry": { "type": "Point", "coordinates": [ 121.05601, 14.603744 ] } },
{ "type": "Feature", "properties": { "fid": 1257, "gbifID": 4679286961, "occurrenceID": "URN:catalog:CLO:EBIRD:OBS1726725214", "order": "Passeriformes", "family": "Acanthizidae", "genus": "Gerygone", "species": "Gerygone sulphurea" }, "geometry": { "type": "Point", "coordinates": [ 121.04109, 14.60195 ] } },
{ "type": "Feature", "properties": { "fid": 1258, "gbifID": 4832225894, "occurrenceID": "URN:catalog:CLO:EBIRD:OBS1956762781", "order": "Passeriformes", "family": "Oriolidae", "genus": "Oriolus", "species": "Oriolus chinensis" }, "geometry": { "type": "Point", "coordinates": [ 121.04055, 14.605313 ] } },
{ "type": "Feature", "properties": { "fid": 1259, "gbifID": 5318623504, "occurrenceID": "URN:catalog:CLO:EBIRD:OBS1956772191", "order": "Psittaciformes", "family": "Psittacidae", "genus": "Loriculus", "species": "Loriculus philippensis" }, "geometry": { "type": "Point", "coordinates": [ 121.03753, 14.602924 ] } },
{ "type": "Feature", "properties": { "fid": 1260, "gbifID": 3227576136, "occurrenceID": "URN:catalog:CLO:EBIRD:OBS922352517", "order": "Passeriformes", "family": "Hirundinidae", "genus": "Hirundo", "species": "Hirundo javanica" }, "geometry": { "type": "Point", "coordinates": [ 121.03753, 14.602924 ] } },
{ "type": "Feature", "properties": { "fid": 1261, "gbifID": 3641506689, "occurrenceID": "URN:catalog:CLO:EBIRD:OBS1216850779", "order": "Piciformes", "family": "Picidae", "genus": "Yungipicus", "species": "Yungipicus maculatus" }, "geometry": { "type": "Point", "coordinates": [ 121.04109, 14.60195 ] } },
{ "type": "Feature", "properties": { "fid": 1262, "gbifID": 5625296489, "occurrenceID": "URN:catalog:CLO:EBIRD:OBS2724805828", "order": "Passeriformes", "family": "Dicaeidae", "genus": "Dicaeum", "species": "Dicaeum australe" }, "geometry": { "type": "Point", "coordinates": [ 121.05332, 14.604934 ] } },
{ "type": "Feature", "properties": { "fid": 1263, "gbifID": 4631624130, "occurrenceID": "URN:catalog:CLO:EBIRD:OBS1726712625", "order": "Passeriformes", "family": "Dicaeidae", "genus": "Dicaeum", "species": "Dicaeum australe" }, "geometry": { "type": "Point", "coordinates": [ 121.04109, 14.60195 ] } },
{ "type": "Feature", "properties": { "fid": 1264, "gbifID": 3249028923, "occurrenceID": "URN:catalog:CLO:EBIRD:OBS862792020", "order": "Passeriformes", "family": "Pycnonotidae", "genus": "Pycnonotus", "species": "Pycnonotus goiavier" }, "geometry": { "type": "Point", "coordinates": [ 121.05856, 14.588318 ] } },
{ "type": "Feature", "properties": { "fid": 1265, "gbifID": 3513123075, "occurrenceID": "URN:catalog:CLO:EBIRD:OBS1082147012", "order": "Passeriformes", "family": "Passeridae", "genus": "Passer", "species": "Passer montanus" }, "geometry": { "type": "Point", "coordinates": [ 121.03964, 14.576538 ] } },
{ "type": "Feature", "properties": { "fid": 1266, "gbifID": 3532371546, "occurrenceID": "URN:catalog:CLO:EBIRD:OBS1112488556", "order": "Passeriformes", "family": "Acanthizidae", "genus": "Gerygone", "species": "Gerygone sulphurea" }, "geometry": { "type": "Point", "coordinates": [ 121.03771, 14.606191 ] } },
{ "type": "Feature", "properties": { "fid": 1267, "gbifID": 4264315973, "occurrenceID": "URN:catalog:CLO:EBIRD:OBS1509740667", "order": "Coraciiformes", "family": "Alcedinidae", "genus": "Alcedo", "species": "Alcedo atthis" }, "geometry": { "type": "Point", "coordinates": [ 121.04076, 14.60353 ] } },
{ "type": "Feature", "properties": { "fid": 1268, "gbifID": 3690761965, "occurrenceID": "URN:catalog:CLO:EBIRD:OBS1214781021", "order": "Passeriformes", "family": "Sturnidae", "genus": "Aplonis", "species": "Aplonis panayensis" }, "geometry": { "type": "Point", "coordinates": [ 121.04677, 14.59694 ] } },
{ "type": "Feature", "properties": { "fid": 1269, "gbifID": 3684567729, "occurrenceID": "URN:catalog:CLO:EBIRD:OBS1216850946", "order": "Pelecaniformes", "family": "Ardeidae", "genus": "Egretta", "species": "Egretta garzetta" }, "geometry": { "type": "Point", "coordinates": [ 121.04109, 14.60195 ] } },
{ "type": "Feature", "properties": { "fid": 1270, "gbifID": 3650672676, "occurrenceID": "URN:catalog:CLO:EBIRD:OBS1220882737", "order": "Passeriformes", "family": "Muscicapidae", "genus": "Copsychus", "species": "Copsychus mindanensis" }, "geometry": { "type": "Point", "coordinates": [ 121.04728, 14.598908 ] } },
{ "type": "Feature", "properties": { "fid": 1271, "gbifID": 4243399681, "occurrenceID": "URN:catalog:CLO:EBIRD:OBS1382470054", "order": "Galliformes", "family": "Numididae", "genus": "Numida", "species": "Numida meleagris" }, "geometry": { "type": "Point", "coordinates": [ 121.04898, 14.589453 ] } },
{ "type": "Feature", "properties": { "fid": 1272, "gbifID": 4824146367, "occurrenceID": "URN:catalog:CLO:EBIRD:OBS1726712555", "order": "Columbiformes", "family": "Columbidae", "genus": "Columba", "species": "Columba livia" }, "geometry": { "type": "Point", "coordinates": [ 121.04109, 14.60195 ] } },
{ "type": "Feature", "properties": { "fid": 1273, "gbifID": 4223007665, "occurrenceID": "URN:catalog:CLO:EBIRD:OBS1465890060", "order": "Passeriformes", "family": "Passeridae", "genus": "Passer", "species": "Passer montanus" }, "geometry": { "type": "Point", "coordinates": [ 121.03708, 14.59188 ] } },
{ "type": "Feature", "properties": { "fid": 1274, "gbifID": 4345562601, "occurrenceID": "URN:catalog:CLO:EBIRD:OBS1465890061", "order": "Passeriformes", "family": "Acanthizidae", "genus": "Gerygone", "species": "Gerygone sulphurea" }, "geometry": { "type": "Point", "coordinates": [ 121.03708, 14.59188 ] } },
{ "type": "Feature", "properties": { "fid": 1275, "gbifID": 4257159558, "occurrenceID": "URN:catalog:CLO:EBIRD:OBS1385753897", "order": "Passeriformes", "family": "Passeridae", "genus": "Passer", "species": "Passer montanus" }, "geometry": { "type": "Point", "coordinates": [ 121.04728, 14.598908 ] } },
{ "type": "Feature", "properties": { "fid": 1276, "gbifID": 4818603586, "occurrenceID": "URN:catalog:CLO:EBIRD:OBS1726725213", "order": "Psittaciformes", "family": "Psittacidae", "genus": "Loriculus", "species": "Loriculus philippensis" }, "geometry": { "type": "Point", "coordinates": [ 121.04109, 14.60195 ] } },
{ "type": "Feature", "properties": { "fid": 1277, "gbifID": 3676690479, "occurrenceID": "URN:catalog:CLO:EBIRD:OBS1102780586", "order": "Passeriformes", "family": "Acanthizidae", "genus": "Gerygone", "species": "Gerygone sulphurea" }, "geometry": { "type": "Point", "coordinates": [ 121.04109, 14.60195 ] } },
{ "type": "Feature", "properties": { "fid": 1278, "gbifID": 3675787508, "occurrenceID": "URN:catalog:CLO:EBIRD:OBS1117992350", "order": "Passeriformes", "family": "Sturnidae", "genus": "Aplonis", "species": "Aplonis panayensis" }, "geometry": { "type": "Point", "coordinates": [ 121.038605, 14.603709 ] } },
{ "type": "Feature", "properties": { "fid": 1279, "gbifID": 3686959692, "occurrenceID": "URN:catalog:CLO:EBIRD:OBS1241363595", "order": "Piciformes", "family": "Picidae", "genus": "Yungipicus", "species": "Yungipicus maculatus" }, "geometry": { "type": "Point", "coordinates": [ 121.041954, 14.602813 ] } },
{ "type": "Feature", "properties": { "fid": 1281, "gbifID": 3515253608, "occurrenceID": "URN:catalog:CLO:EBIRD:OBS1069482031", "order": "Coraciiformes", "family": "Alcedinidae", "genus": "Todiramphus", "species": "Todiramphus chloris" }, "geometry": { "type": "Point", "coordinates": [ 121.04677, 14.59694 ] } },
{ "type": "Feature", "properties": { "fid": 1282, "gbifID": 3588539059, "occurrenceID": "URN:catalog:CLO:EBIRD:OBS1084314135", "order": "Piciformes", "family": "Megalaimidae", "genus": "Psilopogon", "species": "Psilopogon haemacephalus" }, "geometry": { "type": "Point", "coordinates": [ 121.04677, 14.59694 ] } },
{ "type": "Feature", "properties": { "fid": 1283, "gbifID": 4637249720, "occurrenceID": "URN:catalog:CLO:EBIRD:OBS1609959565", "order": "Passeriformes", "family": "Dicaeidae", "genus": "Dicaeum", "species": "Dicaeum australe" }, "geometry": { "type": "Point", "coordinates": [ 121.04109, 14.60195 ] } },
{ "type": "Feature", "properties": { "fid": 1284, "gbifID": 5440746434, "occurrenceID": "URN:catalog:CLO:EBIRD:OBS1956750314", "order": "Piciformes", "family": "Megalaimidae", "genus": "Psilopogon", "species": "Psilopogon haemacephalus" }, "geometry": { "type": "Point", "coordinates": [ 121.04055, 14.605313 ] } },
{ "type": "Feature", "properties": { "fid": 1285, "gbifID": 4695131372, "occurrenceID": "URN:catalog:CLO:EBIRD:OBS1800847854", "order": "Passeriformes", "family": "Sturnidae", "genus": "Aplonis", "species": "Aplonis panayensis" }, "geometry": { "type": "Point", "coordinates": [ 121.03753, 14.602924 ] } },
{ "type": "Feature", "properties": { "fid": 1286, "gbifID": 4682545769, "occurrenceID": "URN:catalog:CLO:EBIRD:OBS1951648814", "order": "Columbiformes", "family": "Columbidae", "genus": "Geopelia", "species": "Geopelia striata" }, "geometry": { "type": "Point", "coordinates": [ 121.03665, 14.589744 ] } },
{ "type": "Feature", "properties": { "fid": 1288, "gbifID": 3513190124, "occurrenceID": "URN:catalog:CLO:EBIRD:OBS1081460634", "order": "Passeriformes", "family": "Nectariniidae", "genus": "Cinnyris", "species": "Cinnyris jugularis" }, "geometry": { "type": "Point", "coordinates": [ 121.04904, 14.589351 ] } },
{ "type": "Feature", "properties": { "fid": 1289, "gbifID": 3596238514, "occurrenceID": "URN:catalog:CLO:EBIRD:OBS1098581584", "order": "Passeriformes", "family": "Pycnonotidae", "genus": "Pycnonotus", "species": "Pycnonotus goiavier" }, "geometry": { "type": "Point", "coordinates": [ 121.03753, 14.602924 ] } },
{ "type": "Feature", "properties": { "fid": 1291, "gbifID": 3236426545, "occurrenceID": "URN:catalog:CLO:EBIRD:OBS915640007", "order": "Coraciiformes", "family": "Alcedinidae", "genus": "Todiramphus", "species": "Todiramphus chloris" }, "geometry": { "type": "Point", "coordinates": [ 121.03753, 14.602924 ] } },
{ "type": "Feature", "properties": { "fid": 1292, "gbifID": 3642722977, "occurrenceID": "URN:catalog:CLO:EBIRD:OBS1082880914", "order": "Passeriformes", "family": "Sturnidae", "genus": "Aplonis", "species": "Aplonis panayensis" }, "geometry": { "type": "Point", "coordinates": [ 121.04677, 14.59694 ] } },
{ "type": "Feature", "properties": { "fid": 1293, "gbifID": 3514896977, "occurrenceID": "URN:catalog:CLO:EBIRD:OBS1112488562", "order": "Columbiformes", "family": "Columbidae", "genus": "Geopelia", "species": "Geopelia striata" }, "geometry": { "type": "Point", "coordinates": [ 121.03771, 14.606191 ] } },
{ "type": "Feature", "properties": { "fid": 1294, "gbifID": 4243810189, "occurrenceID": "URN:catalog:CLO:EBIRD:OBS1357358290", "order": "Coraciiformes", "family": "Alcedinidae", "genus": "Todiramphus", "species": "Todiramphus chloris" }, "geometry": { "type": "Point", "coordinates": [ 121.04898, 14.589453 ] } },
{ "type": "Feature", "properties": { "fid": 1295, "gbifID": 5341530969, "occurrenceID": "URN:catalog:CLO:EBIRD:OBS1980598996", "order": "Columbiformes", "family": "Columbidae", "genus": "Spilopelia", "species": "Spilopelia chinensis" }, "geometry": { "type": "Point", "coordinates": [ 121.04055, 14.605313 ] } },
{ "type": "Feature", "properties": { "fid": 1296, "gbifID": 4216903786, "occurrenceID": "URN:catalog:CLO:EBIRD:OBS1474021944", "order": "Passeriformes", "family": "Rhipiduridae", "genus": "Rhipidura", "species": "Rhipidura nigritorquis" }, "geometry": { "type": "Point", "coordinates": [ 121.03708, 14.59188 ] } },
{ "type": "Feature", "properties": { "fid": 1297, "gbifID": 3651359353, "occurrenceID": "URN:catalog:CLO:EBIRD:OBS1212607152", "order": "Passeriformes", "family": "Nectariniidae", "genus": "Cinnyris", "species": "Cinnyris jugularis" }, "geometry": { "type": "Point", "coordinates": [ 121.04044, 14.606056 ] } },
{ "type": "Feature", "properties": { "fid": 1298, "gbifID": 3685755360, "occurrenceID": "URN:catalog:CLO:EBIRD:OBS1241363591", "order": "Passeriformes", "family": "Laniidae", "genus": "Lanius", "species": "Lanius cristatus" }, "geometry": { "type": "Point", "coordinates": [ 121.041954, 14.602813 ] } },
{ "type": "Feature", "properties": { "fid": 1299, "gbifID": 4355935669, "occurrenceID": "URN:catalog:CLO:EBIRD:OBS1361349418", "order": "Pelecaniformes", "family": "Ardeidae", "genus": "Nycticorax", "species": "Nycticorax nycticorax" }, "geometry": { "type": "Point", "coordinates": [ 121.042046, 14.594734 ] } },
{ "type": "Feature", "properties": { "fid": 1300, "gbifID": 3242522851, "occurrenceID": "URN:catalog:CLO:EBIRD:OBS845949797", "order": "Passeriformes", "family": "Pycnonotidae", "genus": "Pycnonotus", "species": "Pycnonotus goiavier" }, "geometry": { "type": "Point", "coordinates": [ 121.03753, 14.602924 ] } },
{ "type": "Feature", "properties": { "fid": 1301, "gbifID": 3597366528, "occurrenceID": "URN:catalog:CLO:EBIRD:OBS1073188532", "order": "Passeriformes", "family": "Passeridae", "genus": "Passer", "species": "Passer montanus" }, "geometry": { "type": "Point", "coordinates": [ 121.04055, 14.605313 ] } },
{ "type": "Feature", "properties": { "fid": 1302, "gbifID": 3562520824, "occurrenceID": "URN:catalog:CLO:EBIRD:OBS1246521781", "order": "Passeriformes", "family": "Sturnidae", "genus": "Aplonis", "species": "Aplonis panayensis" }, "geometry": { "type": "Point", "coordinates": [ 121.04728, 14.598908 ] } },
{ "type": "Feature", "properties": { "fid": 1303, "gbifID": 3694220442, "occurrenceID": "URN:catalog:CLO:EBIRD:OBS1251721848", "order": "Passeriformes", "family": "Dicaeidae", "genus": "Dicaeum", "species": "Dicaeum australe" }, "geometry": { "type": "Point", "coordinates": [ 121.04109, 14.60195 ] } },
{ "type": "Feature", "properties": { "fid": 1304, "gbifID": 4203512538, "occurrenceID": "URN:catalog:CLO:EBIRD:OBS1329314372", "order": "Psittaciformes", "family": "Psittacidae", "genus": "Loriculus", "species": "Loriculus philippensis" }, "geometry": { "type": "Point", "coordinates": [ 121.04553, 14.597787 ] } },
{ "type": "Feature", "properties": { "fid": 1306, "gbifID": 5437157117, "occurrenceID": "URN:catalog:CLO:EBIRD:OBS2351968846", "order": "Passeriformes", "family": "Rhipiduridae", "genus": "Rhipidura", "species": "Rhipidura nigritorquis" }, "geometry": { "type": "Point", "coordinates": [ 121.05878, 14.588141 ] } },
{ "type": "Feature", "properties": { "fid": 1307, "gbifID": 3285374707, "occurrenceID": "URN:catalog:CLO:EBIRD:OBS1011600863", "order": "Passeriformes", "family": "Sturnidae", "genus": "Acridotheres", "species": "Acridotheres cristatellus" }, "geometry": { "type": "Point", "coordinates": [ 121.03753, 14.602924 ] } },
{ "type": "Feature", "properties": { "fid": 1308, "gbifID": 3551809641, "occurrenceID": "URN:catalog:CLO:EBIRD:OBS1241356543", "order": "Psittaciformes", "family": "Psittacidae", "genus": "Loriculus", "species": "Loriculus philippensis" }, "geometry": { "type": "Point", "coordinates": [ 121.041954, 14.602813 ] } },
{ "type": "Feature", "properties": { "fid": 1309, "gbifID": 3662324768, "occurrenceID": "URN:catalog:CLO:EBIRD:OBS1267078234", "order": "Columbiformes", "family": "Columbidae", "genus": "Spilopelia", "species": "Spilopelia chinensis" }, "geometry": { "type": "Point", "coordinates": [ 121.041954, 14.602813 ] } },
{ "type": "Feature", "properties": { "fid": 1310, "gbifID": 3593246166, "occurrenceID": "URN:catalog:CLO:EBIRD:OBS1116028572", "order": "Passeriformes", "family": "Laniidae", "genus": "Lanius", "species": "Lanius cristatus" }, "geometry": { "type": "Point", "coordinates": [ 121.04044, 14.606056 ] } },
{ "type": "Feature", "properties": { "fid": 1311, "gbifID": 3682404699, "occurrenceID": "URN:catalog:CLO:EBIRD:OBS1111246206", "order": "Passeriformes", "family": "Rhipiduridae", "genus": "Rhipidura", "species": "Rhipidura nigritorquis" }, "geometry": { "type": "Point", "coordinates": [ 121.04109, 14.60195 ] } },
{ "type": "Feature", "properties": { "fid": 1312, "gbifID": 3544507973, "occurrenceID": "URN:catalog:CLO:EBIRD:OBS1266508555", "order": "Psittaciformes", "family": "Psittacidae", "genus": "Loriculus", "species": "Loriculus philippensis" }, "geometry": { "type": "Point", "coordinates": [ 121.04677, 14.59694 ] } },
{ "type": "Feature", "properties": { "fid": 1313, "gbifID": 3254346863, "occurrenceID": "URN:catalog:CLO:EBIRD:OBS845949795", "order": "Psittaciformes", "family": "Psittacidae", "genus": "Loriculus", "species": "Loriculus philippensis" }, "geometry": { "type": "Point", "coordinates": [ 121.03753, 14.602924 ] } },
{ "type": "Feature", "properties": { "fid": 1314, "gbifID": 4660068561, "occurrenceID": "URN:catalog:CLO:EBIRD:OBS1726712610", "order": "Passeriformes", "family": "Sturnidae", "genus": "Acridotheres", "species": "Acridotheres cristatellus" }, "geometry": { "type": "Point", "coordinates": [ 121.04109, 14.60195 ] } },
{ "type": "Feature", "properties": { "fid": 1315, "gbifID": 4183403404, "occurrenceID": "URN:catalog:CLO:EBIRD:OBS1315919620", "order": "Piciformes", "family": "Picidae", "genus": "Yungipicus", "species": "Yungipicus maculatus" }, "geometry": { "type": "Point", "coordinates": [ 121.041954, 14.602813 ] } },
{ "type": "Feature", "properties": { "fid": 1317, "gbifID": 3673255569, "occurrenceID": "URN:catalog:CLO:EBIRD:OBS1193427444", "order": "Columbiformes", "family": "Columbidae", "genus": "Columba", "species": "Columba livia" }, "geometry": { "type": "Point", "coordinates": [ 121.03964, 14.576538 ] } },
{ "type": "Feature", "properties": { "fid": 1318, "gbifID": 4382257457, "occurrenceID": "URN:catalog:CLO:EBIRD:OBS1387731653", "order": "Pelecaniformes", "family": "Ardeidae", "genus": "Egretta", "species": "Egretta garzetta" }, "geometry": { "type": "Point", "coordinates": [ 121.05715, 14.580761 ] } },
{ "type": "Feature", "properties": { "fid": 1320, "gbifID": 3604461116, "occurrenceID": "URN:catalog:CLO:EBIRD:OBS1114407428", "order": "Passeriformes", "family": "Sturnidae", "genus": "Aplonis", "species": "Aplonis panayensis" }, "geometry": { "type": "Point", "coordinates": [ 121.04109, 14.60195 ] } },
{ "type": "Feature", "properties": { "fid": 1321, "gbifID": 3623154074, "occurrenceID": "URN:catalog:CLO:EBIRD:OBS1111255408", "order": "Gruiformes", "family": "Rallidae", "genus": "Amaurornis", "species": "Amaurornis phoenicurus" }, "geometry": { "type": "Point", "coordinates": [ 121.04109, 14.60195 ] } },
{ "type": "Feature", "properties": { "fid": 1322, "gbifID": 3155171746, "occurrenceID": "URN:catalog:CLO:EBIRD:OBS920391206", "order": "Passeriformes", "family": "Hirundinidae", "genus": "Hirundo", "species": "Hirundo javanica" }, "geometry": { "type": "Point", "coordinates": [ 121.03753, 14.602924 ] } },
{ "type": "Feature", "properties": { "fid": 1323, "gbifID": 3665775499, "occurrenceID": "URN:catalog:CLO:EBIRD:OBS1073188622", "order": "Passeriformes", "family": "Muscicapidae", "genus": "Copsychus", "species": "Copsychus mindanensis" }, "geometry": { "type": "Point", "coordinates": [ 121.04677, 14.59694 ] } },
{ "type": "Feature", "properties": { "fid": 1324, "gbifID": 4222852198, "occurrenceID": "URN:catalog:CLO:EBIRD:OBS1467264191", "order": "Passeriformes", "family": "Acanthizidae", "genus": "Gerygone", "species": "Gerygone sulphurea" }, "geometry": { "type": "Point", "coordinates": [ 121.03708, 14.59188 ] } },
{ "type": "Feature", "properties": { "fid": 1325, "gbifID": 4785066384, "occurrenceID": "URN:catalog:CLO:EBIRD:OBS1800847864", "order": "Passeriformes", "family": "Passeridae", "genus": "Passer", "species": "Passer montanus" }, "geometry": { "type": "Point", "coordinates": [ 121.03753, 14.602924 ] } },
{ "type": "Feature", "properties": { "fid": 1326, "gbifID": 3619721299, "occurrenceID": "URN:catalog:CLO:EBIRD:OBS1103447743", "order": "Columbiformes", "family": "Columbidae", "genus": "Geopelia", "species": "Geopelia striata" }, "geometry": { "type": "Point", "coordinates": [ 121.04109, 14.60195 ] } },
{ "type": "Feature", "properties": { "fid": 1327, "gbifID": 3533462821, "occurrenceID": "URN:catalog:CLO:EBIRD:OBS1112488569", "order": "Passeriformes", "family": "Rhipiduridae", "genus": "Rhipidura", "species": "Rhipidura nigritorquis" }, "geometry": { "type": "Point", "coordinates": [ 121.04109, 14.60195 ] } },
{ "type": "Feature", "properties": { "fid": 1328, "gbifID": 3200784444, "occurrenceID": "URN:catalog:CLO:EBIRD:OBS1008206963", "order": "Passeriformes", "family": "Phylloscopidae", "genus": "Phylloscopus", "species": "Phylloscopus borealis" }, "geometry": { "type": "Point", "coordinates": [ 121.04898, 14.589453 ] } },
{ "type": "Feature", "properties": { "fid": 1329, "gbifID": 4834778234, "occurrenceID": "URN:catalog:CLO:EBIRD:OBS1737370491", "order": "Psittaciformes", "family": "Psittacidae", "genus": "Loriculus", "species": "Loriculus philippensis" }, "geometry": { "type": "Point", "coordinates": [ 121.04898, 14.589453 ] } },
{ "type": "Feature", "properties": { "fid": 1330, "gbifID": 4190562775, "occurrenceID": "URN:catalog:CLO:EBIRD:OBS1518646411", "order": "Passeriformes", "family": "Sturnidae", "genus": "Acridotheres", "species": "Acridotheres cristatellus" }, "geometry": { "type": "Point", "coordinates": [ 121.04677, 14.59694 ] } },
{ "type": "Feature", "properties": { "fid": 1331, "gbifID": 3670229682, "occurrenceID": "URN:catalog:CLO:EBIRD:OBS1102780581", "order": "Passeriformes", "family": "Pycnonotidae", "genus": "Pycnonotus", "species": "Pycnonotus goiavier" }, "geometry": { "type": "Point", "coordinates": [ 121.04109, 14.60195 ] } },
{ "type": "Feature", "properties": { "fid": 1332, "gbifID": 4193315234, "occurrenceID": "URN:catalog:CLO:EBIRD:OBS1350512011", "order": "Charadriiformes", "family": "Scolopacidae", "genus": "Actitis", "species": "Actitis hypoleucos" }, "geometry": { "type": "Point", "coordinates": [ 121.042046, 14.594734 ] } },
{ "type": "Feature", "properties": { "fid": 1333, "gbifID": 3629863700, "occurrenceID": "URN:catalog:CLO:EBIRD:OBS1220882741", "order": "Psittaciformes", "family": "Psittacidae", "genus": "Loriculus", "species": "Loriculus philippensis" }, "geometry": { "type": "Point", "coordinates": [ 121.04728, 14.598908 ] } },
{ "type": "Feature", "properties": { "fid": 1334, "gbifID": 3559728509, "occurrenceID": "URN:catalog:CLO:EBIRD:OBS1117989319", "order": "Passeriformes", "family": "Sturnidae", "genus": "Aplonis", "species": "Aplonis panayensis" }, "geometry": { "type": "Point", "coordinates": [ 121.04109, 14.60195 ] } },
{ "type": "Feature", "properties": { "fid": 1335, "gbifID": 3617104914, "occurrenceID": "URN:catalog:CLO:EBIRD:OBS1222162979", "order": "Passeriformes", "family": "Rhipiduridae", "genus": "Rhipidura", "species": "Rhipidura nigritorquis" }, "geometry": { "type": "Point", "coordinates": [ 121.04728, 14.598908 ] } },
{ "type": "Feature", "properties": { "fid": 1336, "gbifID": 4198084421, "occurrenceID": "URN:catalog:CLO:EBIRD:OBS1324149702", "order": "Passeriformes", "family": "Zosteropidae", "genus": "Zosterops", "species": "Zosterops meyeni" }, "geometry": { "type": "Point", "coordinates": [ 121.04307, 14.595008 ] } },
{ "type": "Feature", "properties": { "fid": 1337, "gbifID": 3650362645, "occurrenceID": "URN:catalog:CLO:EBIRD:OBS1216850774", "order": "Psittaciformes", "family": "Psittacidae", "genus": "Loriculus", "species": "Loriculus philippensis" }, "geometry": { "type": "Point", "coordinates": [ 121.04109, 14.60195 ] } },
{ "type": "Feature", "properties": { "fid": 1338, "gbifID": 5553049761, "occurrenceID": "URN:catalog:CLO:EBIRD:OBS1956775077", "order": "Passeriformes", "family": "Pycnonotidae", "genus": "Pycnonotus", "species": "Pycnonotus goiavier" }, "geometry": { "type": "Point", "coordinates": [ 121.04055, 14.605313 ] } },
{ "type": "Feature", "properties": { "fid": 1339, "gbifID": 3272243985, "occurrenceID": "URN:catalog:CLO:EBIRD:OBS1011600861", "order": "Psittaciformes", "family": "Psittacidae", "genus": "Loriculus", "species": "Loriculus philippensis" }, "geometry": { "type": "Point", "coordinates": [ 121.03753, 14.602924 ] } },
{ "type": "Feature", "properties": { "fid": 1340, "gbifID": 4195121558, "occurrenceID": "URN:catalog:CLO:EBIRD:OBS1323152446", "order": "Passeriformes", "family": "Passeridae", "genus": "Passer", "species": "Passer montanus" }, "geometry": { "type": "Point", "coordinates": [ 121.04109, 14.60195 ] } },
{ "type": "Feature", "properties": { "fid": 1341, "gbifID": 4356041191, "occurrenceID": "URN:catalog:CLO:EBIRD:OBS1504754879", "order": "Passeriformes", "family": "Nectariniidae", "genus": "Cinnyris", "species": "Cinnyris jugularis" }, "geometry": { "type": "Point", "coordinates": [ 121.03203, 14.607486 ] } },
{ "type": "Feature", "properties": { "fid": 1342, "gbifID": 4703006051, "occurrenceID": "URN:catalog:CLO:EBIRD:OBS1794104832", "order": "Passeriformes", "family": "Acanthizidae", "genus": "Gerygone", "species": "Gerygone sulphurea" }, "geometry": { "type": "Point", "coordinates": [ 121.03753, 14.602924 ] } },
{ "type": "Feature", "properties": { "fid": 1343, "gbifID": 3564115787, "occurrenceID": "URN:catalog:CLO:EBIRD:OBS1251715618", "order": "Passeriformes", "family": "Passeridae", "genus": "Passer", "species": "Passer montanus" }, "geometry": { "type": "Point", "coordinates": [ 121.041954, 14.602813 ] } },
{ "type": "Feature", "properties": { "fid": 1344, "gbifID": 3578291101, "occurrenceID": "URN:catalog:CLO:EBIRD:OBS1274963900", "order": "Piciformes", "family": "Megalaimidae", "genus": "Psilopogon", "species": "Psilopogon haemacephalus" }, "geometry": { "type": "Point", "coordinates": [ 121.041954, 14.602813 ] } },
{ "type": "Feature", "properties": { "fid": 1345, "gbifID": 4373838286, "occurrenceID": "URN:catalog:CLO:EBIRD:OBS1521597507", "order": "Passeriformes", "family": "Acanthizidae", "genus": "Gerygone", "species": "Gerygone sulphurea" }, "geometry": { "type": "Point", "coordinates": [ 121.033104, 14.575102 ] } },
{ "type": "Feature", "properties": { "fid": 1346, "gbifID": 4650442149, "occurrenceID": "URN:catalog:CLO:EBIRD:OBS1726712616", "order": "Pelecaniformes", "family": "Ardeidae", "genus": "Butorides", "species": "Butorides striata" }, "geometry": { "type": "Point", "coordinates": [ 121.04109, 14.60195 ] } },
{ "type": "Feature", "properties": { "fid": 1347, "gbifID": 3276816910, "occurrenceID": "URN:catalog:CLO:EBIRD:OBS1011600862", "order": "Passeriformes", "family": "Sturnidae", "genus": "Aplonis", "species": "Aplonis panayensis" }, "geometry": { "type": "Point", "coordinates": [ 121.03753, 14.602924 ] } },
{ "type": "Feature", "properties": { "fid": 1348, "gbifID": 3649247202, "occurrenceID": "URN:catalog:CLO:EBIRD:OBS1234561859", "order": "Passeriformes", "family": "Pycnonotidae", "genus": "Pycnonotus", "species": "Pycnonotus goiavier" }, "geometry": { "type": "Point", "coordinates": [ 121.03771, 14.606191 ] } },
{ "type": "Feature", "properties": { "fid": 1349, "gbifID": 4635527201, "occurrenceID": "URN:catalog:CLO:EBIRD:OBS1956762778", "order": "Piciformes", "family": "Megalaimidae", "genus": "Psilopogon", "species": "Psilopogon haemacephalus" }, "geometry": { "type": "Point", "coordinates": [ 121.04055, 14.605313 ] } },
{ "type": "Feature", "properties": { "fid": 1350, "gbifID": 4241584455, "occurrenceID": "URN:catalog:CLO:EBIRD:OBS1470627200", "order": "Passeriformes", "family": "Passeridae", "genus": "Passer", "species": "Passer montanus" }, "geometry": { "type": "Point", "coordinates": [ 121.03708, 14.59188 ] } },
{ "type": "Feature", "properties": { "fid": 1351, "gbifID": 3188688413, "occurrenceID": "URN:catalog:CLO:EBIRD:OBS998238273", "order": "Passeriformes", "family": "Oriolidae", "genus": "Oriolus", "species": "Oriolus chinensis" }, "geometry": { "type": "Point", "coordinates": [ 121.03753, 14.602924 ] } },
{ "type": "Feature", "properties": { "fid": 1352, "gbifID": 3237834842, "occurrenceID": "URN:catalog:CLO:EBIRD:OBS845949798", "order": "Passeriformes", "family": "Nectariniidae", "genus": "Cinnyris", "species": "Cinnyris jugularis" }, "geometry": { "type": "Point", "coordinates": [ 121.03753, 14.602924 ] } },
{ "type": "Feature", "properties": { "fid": 1353, "gbifID": 3690400101, "occurrenceID": "URN:catalog:CLO:EBIRD:OBS1117992358", "order": "Piciformes", "family": "Megalaimidae", "genus": "Psilopogon", "species": "Psilopogon haemacephalus" }, "geometry": { "type": "Point", "coordinates": [ 121.04109, 14.60195 ] } },
{ "type": "Feature", "properties": { "fid": 1354, "gbifID": 4695704866, "occurrenceID": "URN:catalog:CLO:EBIRD:OBS1609959569", "order": "Psittaciformes", "family": "Psittacidae", "genus": "Loriculus", "species": "Loriculus philippensis" }, "geometry": { "type": "Point", "coordinates": [ 121.04109, 14.60195 ] } },
{ "type": "Feature", "properties": { "fid": 1355, "gbifID": 3191094349, "occurrenceID": "URN:catalog:CLO:EBIRD:OBS975329210", "order": "Piciformes", "family": "Picidae", "genus": "Yungipicus", "species": "Yungipicus maculatus" }, "geometry": { "type": "Point", "coordinates": [ 121.04774, 14.589665 ] } },
{ "type": "Feature", "properties": { "fid": 1357, "gbifID": 3610923510, "occurrenceID": "URN:catalog:CLO:EBIRD:OBS1086340983", "order": "Piciformes", "family": "Megalaimidae", "genus": "Psilopogon", "species": "Psilopogon haemacephalus" }, "geometry": { "type": "Point", "coordinates": [ 121.04677, 14.59694 ] } },
{ "type": "Feature", "properties": { "fid": 1360, "gbifID": 5443337214, "occurrenceID": "URN:catalog:CLO:EBIRD:OBS1956750325", "order": "Passeriformes", "family": "Motacillidae", "genus": "Motacilla", "species": "Motacilla cinerea" }, "geometry": { "type": "Point", "coordinates": [ 121.04055, 14.605313 ] } },
{ "type": "Feature", "properties": { "fid": 1361, "gbifID": 4330800149, "occurrenceID": "URN:catalog:CLO:EBIRD:OBS1336401565", "order": "Piciformes", "family": "Picidae", "genus": "Yungipicus", "species": "Yungipicus maculatus" }, "geometry": { "type": "Point", "coordinates": [ 121.04904, 14.589351 ] } },
{ "type": "Feature", "properties": { "fid": 1362, "gbifID": 3691720288, "occurrenceID": "URN:catalog:CLO:EBIRD:OBS1251709192", "order": "Pelecaniformes", "family": "Ardeidae", "genus": "Butorides", "species": "Butorides striata" }, "geometry": { "type": "Point", "coordinates": [ 121.04109, 14.60195 ] } },
{ "type": "Feature", "properties": { "fid": 1363, "gbifID": 3609914727, "occurrenceID": "URN:catalog:CLO:EBIRD:OBS1274963880", "order": "Pelecaniformes", "family": "Ardeidae", "genus": "Egretta", "species": "Egretta garzetta" }, "geometry": { "type": "Point", "coordinates": [ 121.041954, 14.602813 ] } },
{ "type": "Feature", "properties": { "fid": 1364, "gbifID": 3663438520, "occurrenceID": "URN:catalog:CLO:EBIRD:OBS1253007448", "order": "Passeriformes", "family": "Passeridae", "genus": "Passer", "species": "Passer montanus" }, "geometry": { "type": "Point", "coordinates": [ 121.03964, 14.576538 ] } },
{ "type": "Feature", "properties": { "fid": 1365, "gbifID": 4735352927, "occurrenceID": "URN:catalog:CLO:EBIRD:OBS1721893883", "order": "Columbiformes", "family": "Columbidae", "genus": "Spilopelia", "species": "Spilopelia chinensis" }, "geometry": { "type": "Point", "coordinates": [ 121.04898, 14.589453 ] } },
{ "type": "Feature", "properties": { "fid": 1366, "gbifID": 4653544976, "occurrenceID": "URN:catalog:CLO:EBIRD:OBS1814720156", "order": "Piciformes", "family": "Picidae", "genus": "Yungipicus", "species": "Yungipicus maculatus" }, "geometry": { "type": "Point", "coordinates": [ 121.05878, 14.588141 ] } },
{ "type": "Feature", "properties": { "fid": 1368, "gbifID": 5547868145, "occurrenceID": "URN:catalog:CLO:EBIRD:OBS2540247948", "order": "Passeriformes", "family": "Motacillidae", "genus": "Motacilla", "species": "Motacilla cinerea" }, "geometry": { "type": "Point", "coordinates": [ 121.04055, 14.605313 ] } },
{ "type": "Feature", "properties": { "fid": 1369, "gbifID": 3670905103, "occurrenceID": "URN:catalog:CLO:EBIRD:OBS1073188634", "order": "Passeriformes", "family": "Passeridae", "genus": "Passer", "species": "Passer montanus" }, "geometry": { "type": "Point", "coordinates": [ 121.04677, 14.59694 ] } },
{ "type": "Feature", "properties": { "fid": 1370, "gbifID": 3637263299, "occurrenceID": "URN:catalog:CLO:EBIRD:OBS1242462497", "order": "Coraciiformes", "family": "Alcedinidae", "genus": "Alcedo", "species": "Alcedo atthis" }, "geometry": { "type": "Point", "coordinates": [ 121.04109, 14.60195 ] } },
{ "type": "Feature", "properties": { "fid": 1371, "gbifID": 3658389902, "occurrenceID": "URN:catalog:CLO:EBIRD:OBS1242468427", "order": "Passeriformes", "family": "Acanthizidae", "genus": "Gerygone", "species": "Gerygone sulphurea" }, "geometry": { "type": "Point", "coordinates": [ 121.04109, 14.60195 ] } },
{ "type": "Feature", "properties": { "fid": 1372, "gbifID": 3591239996, "occurrenceID": "URN:catalog:CLO:EBIRD:OBS1098573480", "order": "Passeriformes", "family": "Motacillidae", "genus": "Motacilla", "species": "Motacilla cinerea" }, "geometry": { "type": "Point", "coordinates": [ 121.04677, 14.59694 ] } },
{ "type": "Feature", "properties": { "fid": 1373, "gbifID": 3669873346, "occurrenceID": "URN:catalog:CLO:EBIRD:OBS1073188615", "order": "Passeriformes", "family": "Pycnonotidae", "genus": "Pycnonotus", "species": "Pycnonotus goiavier" }, "geometry": { "type": "Point", "coordinates": [ 121.04677, 14.59694 ] } },
{ "type": "Feature", "properties": { "fid": 1374, "gbifID": 3518167598, "occurrenceID": "URN:catalog:CLO:EBIRD:OBS1081460635", "order": "Passeriformes", "family": "Corvidae", "genus": "Corvus", "species": null }, "geometry": { "type": "Point", "coordinates": [ 121.04904, 14.589351 ] } },
{ "type": "Feature", "properties": { "fid": 1375, "gbifID": 4341793450, "occurrenceID": "URN:catalog:CLO:EBIRD:OBS1429757709", "order": "Passeriformes", "family": "Passeridae", "genus": "Passer", "species": "Passer montanus" }, "geometry": { "type": "Point", "coordinates": [ 121.04898, 14.589453 ] } },
{ "type": "Feature", "properties": { "fid": 1376, "gbifID": 3686077079, "occurrenceID": "URN:catalog:CLO:EBIRD:OBS1117823912", "order": "Pelecaniformes", "family": "Ardeidae", "genus": "Egretta", "species": "Egretta garzetta" }, "geometry": { "type": "Point", "coordinates": [ 121.03771, 14.606191 ] } },
{ "type": "Feature", "properties": { "fid": 1377, "gbifID": 5607966644, "occurrenceID": "URN:catalog:CLO:EBIRD:OBS2287226728", "order": "Passeriformes", "family": "Oriolidae", "genus": "Oriolus", "species": "Oriolus chinensis" }, "geometry": { "type": "Point", "coordinates": [ 121.04055, 14.605313 ] } },
{ "type": "Feature", "properties": { "fid": 1378, "gbifID": 3294028061, "occurrenceID": "URN:catalog:CLO:EBIRD:OBS1000064004", "order": "Piciformes", "family": "Megalaimidae", "genus": "Psilopogon", "species": "Psilopogon haemacephalus" }, "geometry": { "type": "Point", "coordinates": [ 121.03753, 14.602924 ] } },
{ "type": "Feature", "properties": { "fid": 1379, "gbifID": 3606419156, "occurrenceID": "URN:catalog:CLO:EBIRD:OBS1111255405", "order": "Passeriformes", "family": "Passeridae", "genus": "Passer", "species": "Passer montanus" }, "geometry": { "type": "Point", "coordinates": [ 121.04109, 14.60195 ] } },
{ "type": "Feature", "properties": { "fid": 1380, "gbifID": 3148632530, "occurrenceID": "URN:catalog:CLO:EBIRD:OBS915645733", "order": "Pelecaniformes", "family": "Ardeidae", "genus": "Egretta", "species": "Egretta garzetta" }, "geometry": { "type": "Point", "coordinates": [ 121.03753, 14.602924 ] } },
{ "type": "Feature", "properties": { "fid": 1381, "gbifID": 5486425512, "occurrenceID": "URN:catalog:CLO:EBIRD:OBS2485294678", "order": "Passeriformes", "family": "Laniidae", "genus": "Lanius", "species": "Lanius cristatus" }, "geometry": { "type": "Point", "coordinates": [ 121.05861, 14.587981 ] } },
{ "type": "Feature", "properties": { "fid": 1383, "gbifID": 3174281647, "occurrenceID": "URN:catalog:CLO:EBIRD:OBS915645735", "order": "Columbiformes", "family": "Columbidae", "genus": "Spilopelia", "species": "Spilopelia chinensis" }, "geometry": { "type": "Point", "coordinates": [ 121.03753, 14.602924 ] } },
{ "type": "Feature", "properties": { "fid": 1384, "gbifID": 3512357189, "occurrenceID": "URN:catalog:CLO:EBIRD:OBS1085779983", "order": "Passeriformes", "family": "Laniidae", "genus": "Lanius", "species": "Lanius cristatus" }, "geometry": { "type": "Point", "coordinates": [ 121.04109, 14.60195 ] } },
{ "type": "Feature", "properties": { "fid": 1385, "gbifID": 4779547983, "occurrenceID": "URN:catalog:CLO:EBIRD:OBS1632529948", "order": "Passeriformes", "family": "Passeridae", "genus": "Passer", "species": "Passer montanus" }, "geometry": { "type": "Point", "coordinates": [ 121.04139, 14.603972 ] } },
{ "type": "Feature", "properties": { "fid": 1387, "gbifID": 5684934904, "occurrenceID": "URN:catalog:CLO:EBIRD:OBS1944282889", "order": "Passeriformes", "family": "Estrildidae", "genus": "Lonchura", "species": "Lonchura atricapilla" }, "geometry": { "type": "Point", "coordinates": [ 121.03149, 14.571781 ] } },
{ "type": "Feature", "properties": { "fid": 1388, "gbifID": 3540569067, "occurrenceID": "URN:catalog:CLO:EBIRD:OBS1129473856", "order": "Passeriformes", "family": "Passeridae", "genus": "Passer", "species": "Passer montanus" }, "geometry": { "type": "Point", "coordinates": [ 121.04109, 14.60195 ] } },
{ "type": "Feature", "properties": { "fid": 1390, "gbifID": 3617215049, "occurrenceID": "URN:catalog:CLO:EBIRD:OBS1145763450", "order": "Passeriformes", "family": "Zosteropidae", "genus": "Zosterops", "species": "Zosterops meyeni" }, "geometry": { "type": "Point", "coordinates": [ 121.04109, 14.60195 ] } },
{ "type": "Feature", "properties": { "fid": 1391, "gbifID": 3676847735, "occurrenceID": "URN:catalog:CLO:EBIRD:OBS1049205935", "order": "Passeriformes", "family": "Laniidae", "genus": "Lanius", "species": "Lanius cristatus" }, "geometry": { "type": "Point", "coordinates": [ 121.04265, 14.606585 ] } },
{ "type": "Feature", "properties": { "fid": 1392, "gbifID": 3510326438, "occurrenceID": "URN:catalog:CLO:EBIRD:OBS1112488571", "order": "Coraciiformes", "family": "Alcedinidae", "genus": "Todiramphus", "species": "Todiramphus chloris" }, "geometry": { "type": "Point", "coordinates": [ 121.04109, 14.60195 ] } },
{ "type": "Feature", "properties": { "fid": 1393, "gbifID": 4827704518, "occurrenceID": "URN:catalog:CLO:EBIRD:OBS1901855074", "order": "Psittaciformes", "family": "Psittacidae", "genus": "Probosciger", "species": "Probosciger aterrimus" }, "geometry": { "type": "Point", "coordinates": [ 121.049286, 14.589792 ] } },
{ "type": "Feature", "properties": { "fid": 1394, "gbifID": 4304981610, "occurrenceID": "URN:catalog:CLO:EBIRD:OBS1350514531", "order": "Passeriformes", "family": "Acanthizidae", "genus": "Gerygone", "species": "Gerygone sulphurea" }, "geometry": { "type": "Point", "coordinates": [ 121.042046, 14.594734 ] } },
{ "type": "Feature", "properties": { "fid": 1395, "gbifID": 4769884604, "occurrenceID": "URN:catalog:CLO:EBIRD:OBS1629820299", "order": "Passeriformes", "family": "Sturnidae", "genus": "Acridotheres", "species": "Acridotheres cristatellus" }, "geometry": { "type": "Point", "coordinates": [ 121.04297, 14.594615 ] } },
{ "type": "Feature", "properties": { "fid": 1396, "gbifID": 3540755273, "occurrenceID": "URN:catalog:CLO:EBIRD:OBS1129093313", "order": "Passeriformes", "family": "Passeridae", "genus": "Passer", "species": "Passer montanus" }, "geometry": { "type": "Point", "coordinates": [ 121.04109, 14.60195 ] } },
{ "type": "Feature", "properties": { "fid": 1397, "gbifID": 4199859956, "occurrenceID": "URN:catalog:CLO:EBIRD:OBS1344447033", "order": "Passeriformes", "family": "Muscicapidae", "genus": "Copsychus", "species": "Copsychus mindanensis" }, "geometry": { "type": "Point", "coordinates": [ 121.04728, 14.598908 ] } },
{ "type": "Feature", "properties": { "fid": 1398, "gbifID": 4197763629, "occurrenceID": "URN:catalog:CLO:EBIRD:OBS1430310166", "order": "Passeriformes", "family": "Zosteropidae", "genus": "Zosterops", "species": "Zosterops meyeni" }, "geometry": { "type": "Point", "coordinates": [ 121.04898, 14.589453 ] } },
{ "type": "Feature", "properties": { "fid": 1399, "gbifID": 3668332034, "occurrenceID": "URN:catalog:CLO:EBIRD:OBS1102780580", "order": "Pelecaniformes", "family": "Ardeidae", "genus": "Egretta", "species": "Egretta garzetta" }, "geometry": { "type": "Point", "coordinates": [ 121.04109, 14.60195 ] } },
{ "type": "Feature", "properties": { "fid": 1401, "gbifID": 3275964350, "occurrenceID": "URN:catalog:CLO:EBIRD:OBS998236729", "order": "Psittaciformes", "family": "Psittacidae", "genus": "Loriculus", "species": "Loriculus philippensis" }, "geometry": { "type": "Point", "coordinates": [ 121.03753, 14.602924 ] } },
{ "type": "Feature", "properties": { "fid": 1402, "gbifID": 4829956784, "occurrenceID": "URN:catalog:CLO:EBIRD:OBS1726714911", "order": "Piciformes", "family": "Megalaimidae", "genus": "Psilopogon", "species": "Psilopogon haemacephalus" }, "geometry": { "type": "Point", "coordinates": [ 121.04109, 14.60195 ] } },
{ "type": "Feature", "properties": { "fid": 1403, "gbifID": 4358443360, "occurrenceID": "URN:catalog:CLO:EBIRD:OBS1518639851", "order": "Passeriformes", "family": "Acanthizidae", "genus": "Gerygone", "species": "Gerygone sulphurea" }, "geometry": { "type": "Point", "coordinates": [ 121.04109, 14.60195 ] } },
{ "type": "Feature", "properties": { "fid": 1404, "gbifID": 4814366673, "occurrenceID": "URN:catalog:CLO:EBIRD:OBS1876313496", "order": "Passeriformes", "family": "Pycnonotidae", "genus": "Pycnonotus", "species": "Pycnonotus goiavier" }, "geometry": { "type": "Point", "coordinates": [ 121.05878, 14.588141 ] } },
{ "type": "Feature", "properties": { "fid": 1406, "gbifID": 3278251641, "occurrenceID": "URN:catalog:CLO:EBIRD:OBS996913140", "order": "Passeriformes", "family": "Laniidae", "genus": "Lanius", "species": "Lanius cristatus" }, "geometry": { "type": "Point", "coordinates": [ 121.03753, 14.602924 ] } },
{ "type": "Feature", "properties": { "fid": 1407, "gbifID": 3275420170, "occurrenceID": "URN:catalog:CLO:EBIRD:OBS998236726", "order": "Passeriformes", "family": "Pycnonotidae", "genus": "Pycnonotus", "species": "Pycnonotus goiavier" }, "geometry": { "type": "Point", "coordinates": [ 121.03753, 14.602924 ] } },
{ "type": "Feature", "properties": { "fid": 1409, "gbifID": 4218583940, "occurrenceID": "URN:catalog:CLO:EBIRD:OBS1350512009", "order": "Passeriformes", "family": "Passeridae", "genus": "Passer", "species": "Passer montanus" }, "geometry": { "type": "Point", "coordinates": [ 121.042046, 14.594734 ] } },
{ "type": "Feature", "properties": { "fid": 1411, "gbifID": 3608225991, "occurrenceID": "URN:catalog:CLO:EBIRD:OBS1121876300", "order": "Psittaciformes", "family": "Psittacidae", "genus": "Loriculus", "species": "Loriculus philippensis" }, "geometry": { "type": "Point", "coordinates": [ 121.02639, 14.606391 ] } },
{ "type": "Feature", "properties": { "fid": 1412, "gbifID": 4285993301, "occurrenceID": "URN:catalog:CLO:EBIRD:OBS1466546097", "order": "Passeriformes", "family": "Pycnonotidae", "genus": "Pycnonotus", "species": "Pycnonotus goiavier" }, "geometry": { "type": "Point", "coordinates": [ 121.03708, 14.59188 ] } },
{ "type": "Feature", "properties": { "fid": 1413, "gbifID": 4182799670, "occurrenceID": "URN:catalog:CLO:EBIRD:OBS1430310164", "order": "Gruiformes", "family": "Rallidae", "genus": "Gallirallus", "species": "Gallirallus torquatus" }, "geometry": { "type": "Point", "coordinates": [ 121.04898, 14.589453 ] } },
{ "type": "Feature", "properties": { "fid": 1414, "gbifID": 5711079808, "occurrenceID": "URN:catalog:CLO:EBIRD:OBS1951483897", "order": "Psittaciformes", "family": "Psittacidae", "genus": "Loriculus", "species": "Loriculus philippensis" }, "geometry": { "type": "Point", "coordinates": [ 121.04774, 14.589665 ] } },
{ "type": "Feature", "properties": { "fid": 1415, "gbifID": 5443989687, "occurrenceID": "URN:catalog:CLO:EBIRD:OBS1956776318", "order": "Passeriformes", "family": "Oriolidae", "genus": "Oriolus", "species": "Oriolus chinensis" }, "geometry": { "type": "Point", "coordinates": [ 121.04055, 14.605313 ] } },
{ "type": "Feature", "properties": { "fid": 1416, "gbifID": 4661923878, "occurrenceID": "URN:catalog:CLO:EBIRD:OBS1639027030", "order": "Passeriformes", "family": "Zosteropidae", "genus": "Zosterops", "species": "Zosterops meyeni" }, "geometry": { "type": "Point", "coordinates": [ 121.02962, 14.605055 ] } },
{ "type": "Feature", "properties": { "fid": 1417, "gbifID": 3685232575, "occurrenceID": "URN:catalog:CLO:EBIRD:OBS1241363594", "order": "Passeriformes", "family": "Passeridae", "genus": "Passer", "species": "Passer montanus" }, "geometry": { "type": "Point", "coordinates": [ 121.041954, 14.602813 ] } },
{ "type": "Feature", "properties": { "fid": 1418, "gbifID": 3627844750, "occurrenceID": "URN:catalog:CLO:EBIRD:OBS1073188528", "order": "Pelecaniformes", "family": "Ardeidae", "genus": "Egretta", "species": "Egretta garzetta" }, "geometry": { "type": "Point", "coordinates": [ 121.04055, 14.605313 ] } },
{ "type": "Feature", "properties": { "fid": 1419, "gbifID": 4299519834, "occurrenceID": "URN:catalog:CLO:EBIRD:OBS1315919605", "order": "Pelecaniformes", "family": "Ardeidae", "genus": "Nycticorax", "species": "Nycticorax nycticorax" }, "geometry": { "type": "Point", "coordinates": [ 121.041954, 14.602813 ] } },
{ "type": "Feature", "properties": { "fid": 1420, "gbifID": 5707849608, "occurrenceID": "URN:catalog:CLO:EBIRD:OBS1952214172", "order": "Piciformes", "family": "Megalaimidae", "genus": "Psilopogon", "species": "Psilopogon haemacephalus" }, "geometry": { "type": "Point", "coordinates": [ 121.04774, 14.589665 ] } },
{ "type": "Feature", "properties": { "fid": 1423, "gbifID": 3650473302, "occurrenceID": "URN:catalog:CLO:EBIRD:OBS1073180985", "order": "Passeriformes", "family": "Laniidae", "genus": "Lanius", "species": "Lanius cristatus" }, "geometry": { "type": "Point", "coordinates": [ 121.051506, 14.603355 ] } },
{ "type": "Feature", "properties": { "fid": 1424, "gbifID": 3513593410, "occurrenceID": "URN:catalog:CLO:EBIRD:OBS1117989311", "order": "Columbiformes", "family": "Columbidae", "genus": "Geopelia", "species": "Geopelia striata" }, "geometry": { "type": "Point", "coordinates": [ 121.04109, 14.60195 ] } },
{ "type": "Feature", "properties": { "fid": 1425, "gbifID": 3605724295, "occurrenceID": "URN:catalog:CLO:EBIRD:OBS1132503805", "order": "Passeriformes", "family": "Nectariniidae", "genus": "Cinnyris", "species": "Cinnyris jugularis" }, "geometry": { "type": "Point", "coordinates": [ 121.040436, 14.605678 ] } },
{ "type": "Feature", "properties": { "fid": 1426, "gbifID": 3621883503, "occurrenceID": "URN:catalog:CLO:EBIRD:OBS1165842384", "order": "Passeriformes", "family": "Passeridae", "genus": "Passer", "species": "Passer montanus" }, "geometry": { "type": "Point", "coordinates": [ 121.04109, 14.60195 ] } },
{ "type": "Feature", "properties": { "fid": 1427, "gbifID": 5306040196, "occurrenceID": "URN:catalog:CLO:EBIRD:OBS2031188663", "order": "Passeriformes", "family": "Pycnonotidae", "genus": "Pycnonotus", "species": "Pycnonotus goiavier" }, "geometry": { "type": "Point", "coordinates": [ 121.03191, 14.607874 ] } },
{ "type": "Feature", "properties": { "fid": 1428, "gbifID": 4674256357, "occurrenceID": "URN:catalog:CLO:EBIRD:OBS1876313497", "order": "Columbiformes", "family": "Columbidae", "genus": "Geopelia", "species": "Geopelia striata" }, "geometry": { "type": "Point", "coordinates": [ 121.05878, 14.588141 ] } },
{ "type": "Feature", "properties": { "fid": 1429, "gbifID": 5305099281, "occurrenceID": "URN:catalog:CLO:EBIRD:OBS1980598422", "order": "Piciformes", "family": "Picidae", "genus": "Yungipicus", "species": "Yungipicus maculatus" }, "geometry": { "type": "Point", "coordinates": [ 121.04055, 14.605313 ] } },
{ "type": "Feature", "properties": { "fid": 1430, "gbifID": 3234580404, "occurrenceID": "URN:catalog:CLO:EBIRD:OBS917191089", "order": "Passeriformes", "family": "Rhipiduridae", "genus": "Rhipidura", "species": "Rhipidura nigritorquis" }, "geometry": { "type": "Point", "coordinates": [ 121.03753, 14.602924 ] } },
{ "type": "Feature", "properties": { "fid": 1431, "gbifID": 4833642893, "occurrenceID": "URN:catalog:CLO:EBIRD:OBS1639025783", "order": "Passeriformes", "family": "Campephagidae", "genus": "Lalage", "species": "Lalage nigra" }, "geometry": { "type": "Point", "coordinates": [ 121.04109, 14.60195 ] } },
{ "type": "Feature", "properties": { "fid": 1432, "gbifID": 3286041446, "occurrenceID": "URN:catalog:CLO:EBIRD:OBS1007299908", "order": "Charadriiformes", "family": "Scolopacidae", "genus": "Actitis", "species": "Actitis hypoleucos" }, "geometry": { "type": "Point", "coordinates": [ 121.04363, 14.594279 ] } },
{ "type": "Feature", "properties": { "fid": 1433, "gbifID": 4737894275, "occurrenceID": "URN:catalog:CLO:EBIRD:OBS1726714919", "order": "Passeriformes", "family": "Sturnidae", "genus": "Aplonis", "species": "Aplonis panayensis" }, "geometry": { "type": "Point", "coordinates": [ 121.04109, 14.60195 ] } },
{ "type": "Feature", "properties": { "fid": 1434, "gbifID": 3511026321, "occurrenceID": "URN:catalog:CLO:EBIRD:OBS1080186942", "order": "Pelecaniformes", "family": "Ardeidae", "genus": "Egretta", "species": "Egretta garzetta" }, "geometry": { "type": "Point", "coordinates": [ 121.03964, 14.576538 ] } },
{ "type": "Feature", "properties": { "fid": 1435, "gbifID": 3590756866, "occurrenceID": "URN:catalog:CLO:EBIRD:OBS1086333260", "order": "Passeriformes", "family": "Muscicapidae", "genus": "Copsychus", "species": "Copsychus mindanensis" }, "geometry": { "type": "Point", "coordinates": [ 121.04677, 14.59694 ] } },
{ "type": "Feature", "properties": { "fid": 1436, "gbifID": 3630887781, "occurrenceID": "URN:catalog:CLO:EBIRD:OBS1220882730", "order": "Passeriformes", "family": "Rhipiduridae", "genus": "Rhipidura", "species": "Rhipidura nigritorquis" }, "geometry": { "type": "Point", "coordinates": [ 121.04728, 14.598908 ] } },
{ "type": "Feature", "properties": { "fid": 1437, "gbifID": 3179954758, "occurrenceID": "URN:catalog:CLO:EBIRD:OBS934973641", "order": "Apodiformes", "family": "Apodidae", "genus": "Collocalia", "species": "Collocalia marginata" }, "geometry": { "type": "Point", "coordinates": [ 121.05384, 14.579544 ] } },
{ "type": "Feature", "properties": { "fid": 1438, "gbifID": 5649145481, "occurrenceID": "URN:catalog:CLO:EBIRD:OBS2431090537", "order": "Passeriformes", "family": "Rhipiduridae", "genus": "Rhipidura", "species": "Rhipidura nigritorquis" }, "geometry": { "type": "Point", "coordinates": [ 121.038605, 14.603709 ] } },
{ "type": "Feature", "properties": { "fid": 1439, "gbifID": 3621713172, "occurrenceID": "URN:catalog:CLO:EBIRD:OBS1222162989", "order": "Psittaciformes", "family": "Psittacidae", "genus": "Loriculus", "species": "Loriculus philippensis" }, "geometry": { "type": "Point", "coordinates": [ 121.04728, 14.598908 ] } },
{ "type": "Feature", "properties": { "fid": 1440, "gbifID": 3636091801, "occurrenceID": "URN:catalog:CLO:EBIRD:OBS1222162991", "order": "Passeriformes", "family": "Sturnidae", "genus": "Acridotheres", "species": "Acridotheres cristatellus" }, "geometry": { "type": "Point", "coordinates": [ 121.04728, 14.598908 ] } },
{ "type": "Feature", "properties": { "fid": 1441, "gbifID": 4673993957, "occurrenceID": "URN:catalog:CLO:EBIRD:OBS1726712714", "order": "Passeriformes", "family": "Rhipiduridae", "genus": "Rhipidura", "species": "Rhipidura nigritorquis" }, "geometry": { "type": "Point", "coordinates": [ 121.04109, 14.60195 ] } },
{ "type": "Feature", "properties": { "fid": 1442, "gbifID": 4753957945, "occurrenceID": "URN:catalog:CLO:EBIRD:OBS1902983498", "order": "Apodiformes", "family": "Apodidae", "genus": "Collocalia", "species": "Collocalia marginata" }, "geometry": { "type": "Point", "coordinates": [ 121.03203, 14.607486 ] } },
{ "type": "Feature", "properties": { "fid": 1443, "gbifID": 4791889759, "occurrenceID": "URN:catalog:CLO:EBIRD:OBS1721892641", "order": "Piciformes", "family": "Picidae", "genus": "Yungipicus", "species": "Yungipicus maculatus" }, "geometry": { "type": "Point", "coordinates": [ 121.04898, 14.589453 ] } },
{ "type": "Feature", "properties": { "fid": 1444, "gbifID": 4831773465, "occurrenceID": "URN:catalog:CLO:EBIRD:OBS1956762786", "order": "Passeriformes", "family": "Acanthizidae", "genus": "Gerygone", "species": "Gerygone sulphurea" }, "geometry": { "type": "Point", "coordinates": [ 121.04055, 14.605313 ] } },
{ "type": "Feature", "properties": { "fid": 1445, "gbifID": 3653476294, "occurrenceID": "URN:catalog:CLO:EBIRD:OBS1234561848", "order": "Passeriformes", "family": "Zosteropidae", "genus": "Zosterops", "species": "Zosterops meyeni" }, "geometry": { "type": "Point", "coordinates": [ 121.03771, 14.606191 ] } },
{ "type": "Feature", "properties": { "fid": 1447, "gbifID": 3559418411, "occurrenceID": "URN:catalog:CLO:EBIRD:OBS1192837190", "order": "Passeriformes", "family": "Passeridae", "genus": "Passer", "species": "Passer montanus" }, "geometry": { "type": "Point", "coordinates": [ 121.03964, 14.576538 ] } },
{ "type": "Feature", "properties": { "fid": 1448, "gbifID": 5467021862, "occurrenceID": "URN:catalog:CLO:EBIRD:OBS1980598426", "order": "Passeriformes", "family": "Zosteropidae", "genus": "Zosterops", "species": "Zosterops meyeni" }, "geometry": { "type": "Point", "coordinates": [ 121.04055, 14.605313 ] } },
{ "type": "Feature", "properties": { "fid": 1449, "gbifID": 3544381920, "occurrenceID": "URN:catalog:CLO:EBIRD:OBS1073190932", "order": "Psittaciformes", "family": "Psittacidae", "genus": "Bolbopsittacus", "species": "Bolbopsittacus lunulatus" }, "geometry": { "type": "Point", "coordinates": [ 121.04677, 14.59694 ] } },
{ "type": "Feature", "properties": { "fid": 1450, "gbifID": 4279262792, "occurrenceID": "URN:catalog:CLO:EBIRD:OBS1430310173", "order": "Passeriformes", "family": "Campephagidae", "genus": "Lalage", "species": "Lalage nigra" }, "geometry": { "type": "Point", "coordinates": [ 121.04898, 14.589453 ] } },
{ "type": "Feature", "properties": { "fid": 1451, "gbifID": 3621206758, "occurrenceID": "URN:catalog:CLO:EBIRD:OBS1099637904", "order": "Coraciiformes", "family": "Alcedinidae", "genus": "Alcedo", "species": "Alcedo atthis" }, "geometry": { "type": "Point", "coordinates": [ 121.04109, 14.60195 ] } },
{ "type": "Feature", "properties": { "fid": 1452, "gbifID": 3657577221, "occurrenceID": "URN:catalog:CLO:EBIRD:OBS1242471478", "order": "Passeriformes", "family": "Acanthizidae", "genus": "Gerygone", "species": "Gerygone sulphurea" }, "geometry": { "type": "Point", "coordinates": [ 121.041954, 14.602813 ] } },
{ "type": "Feature", "properties": { "fid": 1454, "gbifID": 4196966453, "occurrenceID": "URN:catalog:CLO:EBIRD:OBS1323152442", "order": "Coraciiformes", "family": "Alcedinidae", "genus": "Alcedo", "species": "Alcedo atthis" }, "geometry": { "type": "Point", "coordinates": [ 121.04109, 14.60195 ] } },
{ "type": "Feature", "properties": { "fid": 1455, "gbifID": 3192365922, "occurrenceID": "URN:catalog:CLO:EBIRD:OBS976509744", "order": "Passeriformes", "family": "Passeridae", "genus": "Passer", "species": "Passer montanus" }, "geometry": { "type": "Point", "coordinates": [ 121.05856, 14.588318 ] } },
{ "type": "Feature", "properties": { "fid": 1456, "gbifID": 3693750720, "occurrenceID": "URN:catalog:CLO:EBIRD:OBS1267079742", "order": "Pelecaniformes", "family": "Ardeidae", "genus": "Egretta", "species": "Egretta garzetta" }, "geometry": { "type": "Point", "coordinates": [ 121.041954, 14.602813 ] } },
{ "type": "Feature", "properties": { "fid": 1457, "gbifID": 5447220077, "occurrenceID": "URN:catalog:CLO:EBIRD:OBS2431090527", "order": "Passeriformes", "family": "Passeridae", "genus": "Passer", "species": "Passer montanus" }, "geometry": { "type": "Point", "coordinates": [ 121.038605, 14.603709 ] } },
{ "type": "Feature", "properties": { "fid": 1458, "gbifID": 3551917661, "occurrenceID": "URN:catalog:CLO:EBIRD:OBS1129093762", "order": "Passeriformes", "family": "Rhipiduridae", "genus": "Rhipidura", "species": "Rhipidura nigritorquis" }, "geometry": { "type": "Point", "coordinates": [ 121.038605, 14.603709 ] } },
{ "type": "Feature", "properties": { "fid": 1460, "gbifID": 3688074097, "occurrenceID": "URN:catalog:CLO:EBIRD:OBS1117823915", "order": "Columbiformes", "family": "Columbidae", "genus": "Geopelia", "species": "Geopelia striata" }, "geometry": { "type": "Point", "coordinates": [ 121.03771, 14.606191 ] } },
{ "type": "Feature", "properties": { "fid": 1461, "gbifID": 4324232978, "occurrenceID": "URN:catalog:CLO:EBIRD:OBS1357358301", "order": "Passeriformes", "family": "Locustellidae", "genus": "Megalurus", "species": "Megalurus palustris" }, "geometry": { "type": "Point", "coordinates": [ 121.04898, 14.589453 ] } },
{ "type": "Feature", "properties": { "fid": 1462, "gbifID": 5711778856, "occurrenceID": "URN:catalog:CLO:EBIRD:OBS2238876028", "order": "Passeriformes", "family": "Estrildidae", "genus": "Lonchura", "species": "Lonchura oryzivora" }, "geometry": { "type": "Point", "coordinates": [ 121.05207, 14.5755 ] } },
{ "type": "Feature", "properties": { "fid": 1463, "gbifID": 5538524540, "occurrenceID": "URN:catalog:CLO:EBIRD:OBS2540234730", "order": "Coraciiformes", "family": "Alcedinidae", "genus": "Alcedo", "species": "Alcedo atthis" }, "geometry": { "type": "Point", "coordinates": [ 121.04109, 14.60195 ] } },
{ "type": "Feature", "properties": { "fid": 1464, "gbifID": 3620974353, "occurrenceID": "URN:catalog:CLO:EBIRD:OBS1098573478", "order": "Passeriformes", "family": "Pycnonotidae", "genus": "Pycnonotus", "species": "Pycnonotus goiavier" }, "geometry": { "type": "Point", "coordinates": [ 121.04677, 14.59694 ] } },
{ "type": "Feature", "properties": { "fid": 1465, "gbifID": 4305561052, "occurrenceID": "URN:catalog:CLO:EBIRD:OBS1328069997", "order": "Passeriformes", "family": "Passeridae", "genus": "Passer", "species": "Passer montanus" }, "geometry": { "type": "Point", "coordinates": [ 121.03391, 14.604286 ] } },
{ "type": "Feature", "properties": { "fid": 1466, "gbifID": 3684507888, "occurrenceID": "URN:catalog:CLO:EBIRD:OBS1117992362", "order": "Coraciiformes", "family": "Alcedinidae", "genus": "Todiramphus", "species": "Todiramphus chloris" }, "geometry": { "type": "Point", "coordinates": [ 121.04109, 14.60195 ] } },
{ "type": "Feature", "properties": { "fid": 1467, "gbifID": 3650189059, "occurrenceID": "URN:catalog:CLO:EBIRD:OBS1212607153", "order": "Piciformes", "family": "Megalaimidae", "genus": "Psilopogon", "species": "Psilopogon haemacephalus" }, "geometry": { "type": "Point", "coordinates": [ 121.04044, 14.606056 ] } },
{ "type": "Feature", "properties": { "fid": 1468, "gbifID": 4299115042, "occurrenceID": "URN:catalog:CLO:EBIRD:OBS1329314373", "order": "Pelecaniformes", "family": "Ardeidae", "genus": "Nycticorax", "species": "Nycticorax nycticorax" }, "geometry": { "type": "Point", "coordinates": [ 121.04553, 14.597787 ] } },
{ "type": "Feature", "properties": { "fid": 1469, "gbifID": 4630284426, "occurrenceID": "URN:catalog:CLO:EBIRD:OBS1601941876", "order": "Apodiformes", "family": "Apodidae", "genus": "Collocalia", "species": "Collocalia marginata" }, "geometry": { "type": "Point", "coordinates": [ 121.05549, 14.583624 ] } },
{ "type": "Feature", "properties": { "fid": 1470, "gbifID": 4618936681, "occurrenceID": "URN:catalog:CLO:EBIRD:OBS1726714925", "order": "Columbiformes", "family": "Columbidae", "genus": "Geopelia", "species": "Geopelia striata" }, "geometry": { "type": "Point", "coordinates": [ 121.04109, 14.60195 ] } },
{ "type": "Feature", "properties": { "fid": 1471, "gbifID": 3269824196, "occurrenceID": "URN:catalog:CLO:EBIRD:OBS971676019", "order": "Passeriformes", "family": "Pycnonotidae", "genus": "Pycnonotus", "species": "Pycnonotus goiavier" }, "geometry": { "type": "Point", "coordinates": [ 121.05856, 14.588318 ] } },
{ "type": "Feature", "properties": { "fid": 1472, "gbifID": 3285159237, "occurrenceID": "URN:catalog:CLO:EBIRD:OBS1004885090", "order": "Passeriformes", "family": "Passeridae", "genus": "Passer", "species": "Passer montanus" }, "geometry": { "type": "Point", "coordinates": [ 121.03753, 14.602924 ] } },
{ "type": "Feature", "properties": { "fid": 1473, "gbifID": 3677880488, "occurrenceID": "URN:catalog:CLO:EBIRD:OBS1111246213", "order": "Passeriformes", "family": "Dicaeidae", "genus": "Dicaeum", "species": "Dicaeum australe" }, "geometry": { "type": "Point", "coordinates": [ 121.04109, 14.60195 ] } },
{ "type": "Feature", "properties": { "fid": 1474, "gbifID": 4191841743, "occurrenceID": "URN:catalog:CLO:EBIRD:OBS1331007112", "order": "Passeriformes", "family": "Nectariniidae", "genus": "Cinnyris", "species": "Cinnyris jugularis" }, "geometry": { "type": "Point", "coordinates": [ 121.03753, 14.602924 ] } },
{ "type": "Feature", "properties": { "fid": 1475, "gbifID": 4202421696, "occurrenceID": "URN:catalog:CLO:EBIRD:OBS1430311527", "order": "Passeriformes", "family": "Pycnonotidae", "genus": "Pycnonotus", "species": "Pycnonotus goiavier" }, "geometry": { "type": "Point", "coordinates": [ 121.04898, 14.589453 ] } },
{ "type": "Feature", "properties": { "fid": 1476, "gbifID": 4679831588, "occurrenceID": "URN:catalog:CLO:EBIRD:OBS1726712623", "order": "Passeriformes", "family": "Rhipiduridae", "genus": "Rhipidura", "species": "Rhipidura nigritorquis" }, "geometry": { "type": "Point", "coordinates": [ 121.04109, 14.60195 ] } },
{ "type": "Feature", "properties": { "fid": 1477, "gbifID": 3684736554, "occurrenceID": "URN:catalog:CLO:EBIRD:OBS1117992334", "order": "Passeriformes", "family": "Oriolidae", "genus": "Oriolus", "species": "Oriolus chinensis" }, "geometry": { "type": "Point", "coordinates": [ 121.04044, 14.606056 ] } },
{ "type": "Feature", "properties": { "fid": 1478, "gbifID": 3670583479, "occurrenceID": "URN:catalog:CLO:EBIRD:OBS1117832741", "order": "Passeriformes", "family": "Pycnonotidae", "genus": "Pycnonotus", "species": "Pycnonotus goiavier" }, "geometry": { "type": "Point", "coordinates": [ 121.04044, 14.606056 ] } },
{ "type": "Feature", "properties": { "fid": 1479, "gbifID": 3677257976, "occurrenceID": "URN:catalog:CLO:EBIRD:OBS1073182832", "order": "Passeriformes", "family": "Acanthizidae", "genus": "Gerygone", "species": "Gerygone sulphurea" }, "geometry": { "type": "Point", "coordinates": [ 121.04109, 14.60195 ] } },
{ "type": "Feature", "properties": { "fid": 1480, "gbifID": 4323512528, "occurrenceID": "URN:catalog:CLO:EBIRD:OBS1324149697", "order": "Passeriformes", "family": "Pycnonotidae", "genus": "Pycnonotus", "species": "Pycnonotus goiavier" }, "geometry": { "type": "Point", "coordinates": [ 121.04307, 14.595008 ] } },
{ "type": "Feature", "properties": { "fid": 1481, "gbifID": 4245661238, "occurrenceID": "URN:catalog:CLO:EBIRD:OBS1399595449", "order": "Columbiformes", "family": "Columbidae", "genus": "Columba", "species": "Columba livia" }, "geometry": { "type": "Point", "coordinates": [ 121.03964, 14.576538 ] } },
{ "type": "Feature", "properties": { "fid": 1482, "gbifID": 4318232911, "occurrenceID": "URN:catalog:CLO:EBIRD:OBS1591411429", "order": "Passeriformes", "family": "Rhipiduridae", "genus": "Rhipidura", "species": "Rhipidura nigritorquis" }, "geometry": { "type": "Point", "coordinates": [ 121.04109, 14.60195 ] } },
{ "type": "Feature", "properties": { "fid": 1483, "gbifID": 3535613925, "occurrenceID": "URN:catalog:CLO:EBIRD:OBS1117989305", "order": "Passeriformes", "family": "Laniidae", "genus": "Lanius", "species": "Lanius cristatus" }, "geometry": { "type": "Point", "coordinates": [ 121.04109, 14.60195 ] } },
{ "type": "Feature", "properties": { "fid": 1484, "gbifID": 3556274372, "occurrenceID": "URN:catalog:CLO:EBIRD:OBS1129097882", "order": "Passeriformes", "family": "Pycnonotidae", "genus": "Pycnonotus", "species": "Pycnonotus goiavier" }, "geometry": { "type": "Point", "coordinates": [ 121.038605, 14.603709 ] } },
{ "type": "Feature", "properties": { "fid": 1485, "gbifID": 3637745767, "occurrenceID": "URN:catalog:CLO:EBIRD:OBS1242468430", "order": "Passeriformes", "family": "Dicaeidae", "genus": "Dicaeum", "species": "Dicaeum australe" }, "geometry": { "type": "Point", "coordinates": [ 121.04109, 14.60195 ] } },
{ "type": "Feature", "properties": { "fid": 1486, "gbifID": 4615670753, "occurrenceID": "URN:catalog:CLO:EBIRD:OBS1633569813", "order": "Psittaciformes", "family": "Psittacidae", "genus": "Loriculus", "species": "Loriculus philippensis" }, "geometry": { "type": "Point", "coordinates": [ 121.04015, 14.605008 ] } },
{ "type": "Feature", "properties": { "fid": 1487, "gbifID": 3141267924, "occurrenceID": "URN:catalog:CLO:EBIRD:OBS865790457", "order": "Passeriformes", "family": "Rhipiduridae", "genus": "Rhipidura", "species": "Rhipidura nigritorquis" }, "geometry": { "type": "Point", "coordinates": [ 121.03753, 14.602924 ] } },
{ "type": "Feature", "properties": { "fid": 1488, "gbifID": 4212738142, "occurrenceID": "URN:catalog:CLO:EBIRD:OBS1350512006", "order": "Passeriformes", "family": "Motacillidae", "genus": "Motacilla", "species": "Motacilla cinerea" }, "geometry": { "type": "Point", "coordinates": [ 121.042046, 14.594734 ] } },
{ "type": "Feature", "properties": { "fid": 1489, "gbifID": 5536605946, "occurrenceID": "URN:catalog:CLO:EBIRD:OBS1956776302", "order": "Passeriformes", "family": "Sturnidae", "genus": "Aplonis", "species": "Aplonis panayensis" }, "geometry": { "type": "Point", "coordinates": [ 121.04055, 14.605313 ] } },
{ "type": "Feature", "properties": { "fid": 1490, "gbifID": 3661959877, "occurrenceID": "URN:catalog:CLO:EBIRD:OBS1140362947", "order": "Columbiformes", "family": "Columbidae", "genus": "Spilopelia", "species": "Spilopelia chinensis" }, "geometry": { "type": "Point", "coordinates": [ 121.04044, 14.606056 ] } },
{ "type": "Feature", "properties": { "fid": 1492, "gbifID": 3512002253, "occurrenceID": "URN:catalog:CLO:EBIRD:OBS1112488572", "order": "Passeriformes", "family": "Passeridae", "genus": "Passer", "species": "Passer montanus" }, "geometry": { "type": "Point", "coordinates": [ 121.04109, 14.60195 ] } },
{ "type": "Feature", "properties": { "fid": 1493, "gbifID": 4695763585, "occurrenceID": "URN:catalog:CLO:EBIRD:OBS1632529946", "order": "Passeriformes", "family": "Oriolidae", "genus": "Oriolus", "species": "Oriolus chinensis" }, "geometry": { "type": "Point", "coordinates": [ 121.04139, 14.603972 ] } },
{ "type": "Feature", "properties": { "fid": 1494, "gbifID": 4207913988, "occurrenceID": "URN:catalog:CLO:EBIRD:OBS1429752891", "order": "Passeriformes", "family": "Nectariniidae", "genus": "Cinnyris", "species": "Cinnyris jugularis" }, "geometry": { "type": "Point", "coordinates": [ 121.04898, 14.589453 ] } },
{ "type": "Feature", "properties": { "fid": 1495, "gbifID": 3230988115, "occurrenceID": "URN:catalog:CLO:EBIRD:OBS922352527", "order": "Passeriformes", "family": "Sturnidae", "genus": "Acridotheres", "species": "Acridotheres cristatellus" }, "geometry": { "type": "Point", "coordinates": [ 121.03753, 14.602924 ] } },
{ "type": "Feature", "properties": { "fid": 1496, "gbifID": 3601962092, "occurrenceID": "URN:catalog:CLO:EBIRD:OBS1116028577", "order": "Passeriformes", "family": "Acanthizidae", "genus": "Gerygone", "species": "Gerygone sulphurea" }, "geometry": { "type": "Point", "coordinates": [ 121.04044, 14.606056 ] } },
{ "type": "Feature", "properties": { "fid": 1497, "gbifID": 4790642247, "occurrenceID": "URN:catalog:CLO:EBIRD:OBS1639025772", "order": "Passeriformes", "family": "Sturnidae", "genus": "Aplonis", "species": "Aplonis panayensis" }, "geometry": { "type": "Point", "coordinates": [ 121.04109, 14.60195 ] } },
{ "type": "Feature", "properties": { "fid": 1498, "gbifID": 3678811341, "occurrenceID": "URN:catalog:CLO:EBIRD:OBS1102780588", "order": "Passeriformes", "family": "Passeridae", "genus": "Passer", "species": "Passer montanus" }, "geometry": { "type": "Point", "coordinates": [ 121.04109, 14.60195 ] } },
{ "type": "Feature", "properties": { "fid": 1499, "gbifID": 3561316786, "occurrenceID": "URN:catalog:CLO:EBIRD:OBS1215786353", "order": "Passeriformes", "family": "Zosteropidae", "genus": "Zosterops", "species": "Zosterops meyeni" }, "geometry": { "type": "Point", "coordinates": [ 121.04307, 14.595008 ] } },
{ "type": "Feature", "properties": { "fid": 1500, "gbifID": 4757801891, "occurrenceID": "URN:catalog:CLO:EBIRD:OBS1609959559", "order": "Passeriformes", "family": "Motacillidae", "genus": "Motacilla", "species": "Motacilla cinerea" }, "geometry": { "type": "Point", "coordinates": [ 121.04109, 14.60195 ] } },
{ "type": "Feature", "properties": { "fid": 1501, "gbifID": 4266025522, "occurrenceID": "URN:catalog:CLO:EBIRD:OBS1588575180", "order": "Passeriformes", "family": "Pycnonotidae", "genus": "Pycnonotus", "species": "Pycnonotus goiavier" }, "geometry": { "type": "Point", "coordinates": [ 121.05332, 14.604934 ] } },
{ "type": "Feature", "properties": { "fid": 1502, "gbifID": 3152186664, "occurrenceID": "URN:catalog:CLO:EBIRD:OBS917191080", "order": "Passeriformes", "family": "Pycnonotidae", "genus": "Pycnonotus", "species": "Pycnonotus goiavier" }, "geometry": { "type": "Point", "coordinates": [ 121.03753, 14.602924 ] } },
{ "type": "Feature", "properties": { "fid": 1503, "gbifID": 3654300042, "occurrenceID": "URN:catalog:CLO:EBIRD:OBS1082880919", "order": "Columbiformes", "family": "Columbidae", "genus": "Spilopelia", "species": "Spilopelia chinensis" }, "geometry": { "type": "Point", "coordinates": [ 121.04677, 14.59694 ] } },
{ "type": "Feature", "properties": { "fid": 1504, "gbifID": 3685222520, "occurrenceID": "URN:catalog:CLO:EBIRD:OBS1117992353", "order": "Passeriformes", "family": "Motacillidae", "genus": "Motacilla", "species": "Motacilla cinerea" }, "geometry": { "type": "Point", "coordinates": [ 121.04109, 14.60195 ] } },
{ "type": "Feature", "properties": { "fid": 1505, "gbifID": 3654138517, "occurrenceID": "URN:catalog:CLO:EBIRD:OBS1224433762", "order": "Columbiformes", "family": "Columbidae", "genus": "Geopelia", "species": "Geopelia striata" }, "geometry": { "type": "Point", "coordinates": [ 121.04109, 14.60195 ] } },
{ "type": "Feature", "properties": { "fid": 1506, "gbifID": 3625544384, "occurrenceID": "URN:catalog:CLO:EBIRD:OBS1242462495", "order": "Pelecaniformes", "family": "Ardeidae", "genus": "Nycticorax", "species": "Nycticorax caledonicus" }, "geometry": { "type": "Point", "coordinates": [ 121.04109, 14.60195 ] } },
{ "type": "Feature", "properties": { "fid": 1507, "gbifID": 3544329306, "occurrenceID": "URN:catalog:CLO:EBIRD:OBS1251709964", "order": "Passeriformes", "family": "Artamidae", "genus": "Artamus", "species": "Artamus leucorhynchos" }, "geometry": { "type": "Point", "coordinates": [ 121.041954, 14.602813 ] } },
{ "type": "Feature", "properties": { "fid": 1508, "gbifID": 3218609998, "occurrenceID": "URN:catalog:CLO:EBIRD:OBS848980768", "order": "Apodiformes", "family": "Apodidae", "genus": "Collocalia", "species": "Collocalia marginata" }, "geometry": { "type": "Point", "coordinates": [ 121.0563, 14.585796 ] } },
{ "type": "Feature", "properties": { "fid": 1509, "gbifID": 4377616982, "occurrenceID": "URN:catalog:CLO:EBIRD:OBS1470617570", "order": "Apodiformes", "family": "Apodidae", "genus": "Collocalia", "species": "Collocalia marginata" }, "geometry": { "type": "Point", "coordinates": [ 121.03708, 14.59188 ] } },
{ "type": "Feature", "properties": { "fid": 1510, "gbifID": 4767607957, "occurrenceID": "URN:catalog:CLO:EBIRD:OBS1609959361", "order": "Passeriformes", "family": "Pycnonotidae", "genus": "Pycnonotus", "species": "Pycnonotus goiavier" }, "geometry": { "type": "Point", "coordinates": [ 121.04109, 14.60195 ] } },
{ "type": "Feature", "properties": { "fid": 1511, "gbifID": 3219630952, "occurrenceID": "URN:catalog:CLO:EBIRD:OBS848980767", "order": "Passeriformes", "family": "Hirundinidae", "genus": "Hirundo", "species": "Hirundo rustica" }, "geometry": { "type": "Point", "coordinates": [ 121.0563, 14.585796 ] } },
{ "type": "Feature", "properties": { "fid": 1512, "gbifID": 4183915600, "occurrenceID": "URN:catalog:CLO:EBIRD:OBS1430311529", "order": "Piciformes", "family": "Picidae", "genus": "Yungipicus", "species": "Yungipicus maculatus" }, "geometry": { "type": "Point", "coordinates": [ 121.04898, 14.589453 ] } },
{ "type": "Feature", "properties": { "fid": 1513, "gbifID": 3278153752, "occurrenceID": "URN:catalog:CLO:EBIRD:OBS996913141", "order": "Piciformes", "family": "Megalaimidae", "genus": "Psilopogon", "species": "Psilopogon haemacephalus" }, "geometry": { "type": "Point", "coordinates": [ 121.03753, 14.602924 ] } },
{ "type": "Feature", "properties": { "fid": 1515, "gbifID": 3678756842, "occurrenceID": "URN:catalog:CLO:EBIRD:OBS1073182834", "order": "Passeriformes", "family": "Oriolidae", "genus": "Oriolus", "species": "Oriolus chinensis" }, "geometry": { "type": "Point", "coordinates": [ 121.04109, 14.60195 ] } },
{ "type": "Feature", "properties": { "fid": 1516, "gbifID": 3258494952, "occurrenceID": "URN:catalog:CLO:EBIRD:OBS1011600288", "order": "Piciformes", "family": "Megalaimidae", "genus": "Psilopogon", "species": "Psilopogon haemacephalus" }, "geometry": { "type": "Point", "coordinates": [ 121.03753, 14.602924 ] } },
{ "type": "Feature", "properties": { "fid": 1517, "gbifID": 3691371239, "occurrenceID": "URN:catalog:CLO:EBIRD:OBS1241363596", "order": "Piciformes", "family": "Megalaimidae", "genus": "Psilopogon", "species": "Psilopogon haemacephalus" }, "geometry": { "type": "Point", "coordinates": [ 121.041954, 14.602813 ] } },
{ "type": "Feature", "properties": { "fid": 1518, "gbifID": 3620308547, "occurrenceID": "URN:catalog:CLO:EBIRD:OBS1073188527", "order": "Columbiformes", "family": "Columbidae", "genus": "Columba", "species": "Columba livia" }, "geometry": { "type": "Point", "coordinates": [ 121.04055, 14.605313 ] } },
{ "type": "Feature", "properties": { "fid": 1519, "gbifID": 3654472871, "occurrenceID": "URN:catalog:CLO:EBIRD:OBS1218004477", "order": "Piciformes", "family": "Picidae", "genus": "Yungipicus", "species": "Yungipicus maculatus" }, "geometry": { "type": "Point", "coordinates": [ 121.04898, 14.589453 ] } },
{ "type": "Feature", "properties": { "fid": 1520, "gbifID": 3653585287, "occurrenceID": "URN:catalog:CLO:EBIRD:OBS1219817913", "order": "Pelecaniformes", "family": "Ardeidae", "genus": "Nycticorax", "species": "Nycticorax nycticorax" }, "geometry": { "type": "Point", "coordinates": [ 121.04728, 14.598908 ] } },
{ "type": "Feature", "properties": { "fid": 1521, "gbifID": 3650981539, "occurrenceID": "URN:catalog:CLO:EBIRD:OBS1081535131", "order": "Columbiformes", "family": "Columbidae", "genus": "Columba", "species": "Columba livia" }, "geometry": { "type": "Point", "coordinates": [ 121.03964, 14.576538 ] } },
{ "type": "Feature", "properties": { "fid": 1522, "gbifID": 3567445333, "occurrenceID": "URN:catalog:CLO:EBIRD:OBS1246521939", "order": "Columbiformes", "family": "Columbidae", "genus": "Geopelia", "species": "Geopelia striata" }, "geometry": { "type": "Point", "coordinates": [ 121.04728, 14.598908 ] } },
{ "type": "Feature", "properties": { "fid": 1523, "gbifID": 3157573735, "occurrenceID": "URN:catalog:CLO:EBIRD:OBS915632775", "order": "Passeriformes", "family": "Nectariniidae", "genus": "Cinnyris", "species": "Cinnyris jugularis" }, "geometry": { "type": "Point", "coordinates": [ 121.02639, 14.606391 ] } },
{ "type": "Feature", "properties": { "fid": 1524, "gbifID": 3598625131, "occurrenceID": "URN:catalog:CLO:EBIRD:OBS1091761598", "order": "Passeriformes", "family": "Pycnonotidae", "genus": "Pycnonotus", "species": "Pycnonotus goiavier" }, "geometry": { "type": "Point", "coordinates": [ 121.04677, 14.59694 ] } },
{ "type": "Feature", "properties": { "fid": 1525, "gbifID": 4234147564, "occurrenceID": "URN:catalog:CLO:EBIRD:OBS1518646404", "order": "Passeriformes", "family": "Artamidae", "genus": "Artamus", "species": "Artamus leucorhynchos" }, "geometry": { "type": "Point", "coordinates": [ 121.04677, 14.59694 ] } },
{ "type": "Feature", "properties": { "fid": 1526, "gbifID": 5705516073, "occurrenceID": "URN:catalog:CLO:EBIRD:OBS2019954481", "order": "Psittaciformes", "family": "Psittacidae", "genus": "Loriculus", "species": "Loriculus philippensis" }, "geometry": { "type": "Point", "coordinates": [ 121.03203, 14.607486 ] } },
{ "type": "Feature", "properties": { "fid": 1527, "gbifID": 5396095905, "occurrenceID": "URN:catalog:CLO:EBIRD:OBS2727528677", "order": "Passeriformes", "family": "Corvidae", "genus": "Corvus", "species": null }, "geometry": { "type": "Point", "coordinates": [ 121.05332, 14.604934 ] } },
{ "type": "Feature", "properties": { "fid": 1529, "gbifID": 3655831646, "occurrenceID": "URN:catalog:CLO:EBIRD:OBS1267078238", "order": "Coraciiformes", "family": "Alcedinidae", "genus": "Alcedo", "species": "Alcedo atthis" }, "geometry": { "type": "Point", "coordinates": [ 121.041954, 14.602813 ] } },
{ "type": "Feature", "properties": { "fid": 1530, "gbifID": 5647659443, "occurrenceID": "URN:catalog:CLO:EBIRD:OBS2560204077", "order": "Passeriformes", "family": "Sturnidae", "genus": "Agropsar", "species": "Agropsar philippensis" }, "geometry": { "type": "Point", "coordinates": [ 121.03067, 14.611192 ] } },
{ "type": "Feature", "properties": { "fid": 1531, "gbifID": 4184335303, "occurrenceID": "URN:catalog:CLO:EBIRD:OBS1315919348", "order": "Passeriformes", "family": "Rhipiduridae", "genus": "Rhipidura", "species": "Rhipidura nigritorquis" }, "geometry": { "type": "Point", "coordinates": [ 121.03753, 14.602924 ] } },
{ "type": "Feature", "properties": { "fid": 1532, "gbifID": 3593620847, "occurrenceID": "URN:catalog:CLO:EBIRD:OBS1111341793", "order": "Passeriformes", "family": "Sturnidae", "genus": "Acridotheres", "species": "Acridotheres cristatellus" }, "geometry": { "type": "Point", "coordinates": [ 121.03771, 14.606191 ] } },
{ "type": "Feature", "properties": { "fid": 1533, "gbifID": 3656501270, "occurrenceID": "URN:catalog:CLO:EBIRD:OBS1117992328", "order": "Columbiformes", "family": "Columbidae", "genus": "Geopelia", "species": "Geopelia striata" }, "geometry": { "type": "Point", "coordinates": [ 121.03771, 14.606191 ] } },
{ "type": "Feature", "properties": { "fid": 1534, "gbifID": 3554611273, "occurrenceID": "URN:catalog:CLO:EBIRD:OBS1251715617", "order": "Piciformes", "family": "Picidae", "genus": "Yungipicus", "species": "Yungipicus maculatus" }, "geometry": { "type": "Point", "coordinates": [ 121.041954, 14.602813 ] } },
{ "type": "Feature", "properties": { "fid": 1535, "gbifID": 4329568345, "occurrenceID": "URN:catalog:CLO:EBIRD:OBS1430311534", "order": "Piciformes", "family": "Megalaimidae", "genus": "Psilopogon", "species": "Psilopogon haemacephalus" }, "geometry": { "type": "Point", "coordinates": [ 121.04898, 14.589453 ] } },
{ "type": "Feature", "properties": { "fid": 1536, "gbifID": 4695248762, "occurrenceID": "URN:catalog:CLO:EBIRD:OBS1633569814", "order": "Columbiformes", "family": "Columbidae", "genus": "Geopelia", "species": "Geopelia striata" }, "geometry": { "type": "Point", "coordinates": [ 121.04015, 14.605008 ] } },
{ "type": "Feature", "properties": { "fid": 1537, "gbifID": 3548026201, "occurrenceID": "URN:catalog:CLO:EBIRD:OBS1093614187", "order": "Passeriformes", "family": "Sturnidae", "genus": "Aplonis", "species": "Aplonis panayensis" }, "geometry": { "type": "Point", "coordinates": [ 121.03964, 14.576538 ] } },
{ "type": "Feature", "properties": { "fid": 1538, "gbifID": 3547958628, "occurrenceID": "URN:catalog:CLO:EBIRD:OBS1073190946", "order": "Passeriformes", "family": "Nectariniidae", "genus": "Cinnyris", "species": "Cinnyris jugularis" }, "geometry": { "type": "Point", "coordinates": [ 121.04677, 14.59694 ] } },
{ "type": "Feature", "properties": { "fid": 1539, "gbifID": 3672804696, "occurrenceID": "URN:catalog:CLO:EBIRD:OBS1098562103", "order": "Passeriformes", "family": "Zosteropidae", "genus": "Zosterops", "species": "Zosterops meyeni" }, "geometry": { "type": "Point", "coordinates": [ 121.04677, 14.59694 ] } },
{ "type": "Feature", "properties": { "fid": 1540, "gbifID": 3692214729, "occurrenceID": "URN:catalog:CLO:EBIRD:OBS1251721849", "order": "Passeriformes", "family": "Acanthizidae", "genus": "Gerygone", "species": "Gerygone sulphurea" }, "geometry": { "type": "Point", "coordinates": [ 121.04109, 14.60195 ] } },
{ "type": "Feature", "properties": { "fid": 1541, "gbifID": 3282114029, "occurrenceID": "URN:catalog:CLO:EBIRD:OBS1011598509", "order": "Columbiformes", "family": "Columbidae", "genus": "Geopelia", "species": "Geopelia striata" }, "geometry": { "type": "Point", "coordinates": [ 121.03753, 14.602924 ] } },
{ "type": "Feature", "properties": { "fid": 1542, "gbifID": 3552212457, "occurrenceID": "URN:catalog:CLO:EBIRD:OBS1073190940", "order": "Columbiformes", "family": "Columbidae", "genus": "Treron", "species": "Treron vernans" }, "geometry": { "type": "Point", "coordinates": [ 121.04677, 14.59694 ] } },
{ "type": "Feature", "properties": { "fid": 1543, "gbifID": 5379625518, "occurrenceID": "URN:catalog:CLO:EBIRD:OBS1952214166", "order": "Passeriformes", "family": "Passeridae", "genus": "Passer", "species": "Passer montanus" }, "geometry": { "type": "Point", "coordinates": [ 121.04774, 14.589665 ] } },
{ "type": "Feature", "properties": { "fid": 1544, "gbifID": 3640988065, "occurrenceID": "URN:catalog:CLO:EBIRD:OBS1220882733", "order": "Passeriformes", "family": "Sturnidae", "genus": "Aplonis", "species": "Aplonis panayensis" }, "geometry": { "type": "Point", "coordinates": [ 121.04728, 14.598908 ] } },
{ "type": "Feature", "properties": { "fid": 1545, "gbifID": 4316556507, "occurrenceID": "URN:catalog:CLO:EBIRD:OBS1361347063", "order": "Piciformes", "family": "Megalaimidae", "genus": "Psilopogon", "species": "Psilopogon haemacephalus" }, "geometry": { "type": "Point", "coordinates": [ 121.038605, 14.603709 ] } },
{ "type": "Feature", "properties": { "fid": 1546, "gbifID": 4658528914, "occurrenceID": "URN:catalog:CLO:EBIRD:OBS1726709400", "order": "Psittaciformes", "family": "Psittacidae", "genus": "Loriculus", "species": "Loriculus philippensis" }, "geometry": { "type": "Point", "coordinates": [ 121.04109, 14.60195 ] } },
{ "type": "Feature", "properties": { "fid": 1548, "gbifID": 3167806537, "occurrenceID": "URN:catalog:CLO:EBIRD:OBS915653653", "order": "Passeriformes", "family": "Acanthizidae", "genus": "Gerygone", "species": "Gerygone sulphurea" }, "geometry": { "type": "Point", "coordinates": [ 121.03753, 14.602924 ] } },
{ "type": "Feature", "properties": { "fid": 1549, "gbifID": 5468112553, "occurrenceID": "URN:catalog:CLO:EBIRD:OBS2431090532", "order": "Passeriformes", "family": "Acanthizidae", "genus": "Gerygone", "species": "Gerygone sulphurea" }, "geometry": { "type": "Point", "coordinates": [ 121.038605, 14.603709 ] } },
{ "type": "Feature", "properties": { "fid": 1550, "gbifID": 3286156206, "occurrenceID": "URN:catalog:CLO:EBIRD:OBS1004885100", "order": "Passeriformes", "family": "Sturnidae", "genus": "Acridotheres", "species": "Acridotheres cristatellus" }, "geometry": { "type": "Point", "coordinates": [ 121.03753, 14.602924 ] } },
{ "type": "Feature", "properties": { "fid": 1551, "gbifID": 3505912668, "occurrenceID": "URN:catalog:CLO:EBIRD:OBS1073368667", "order": "Passeriformes", "family": "Muscicapidae", "genus": "Copsychus", "species": "Copsychus mindanensis" }, "geometry": { "type": "Point", "coordinates": [ 121.04677, 14.59694 ] } },
{ "type": "Feature", "properties": { "fid": 1552, "gbifID": 3526341519, "occurrenceID": "URN:catalog:CLO:EBIRD:OBS1129473859", "order": "Piciformes", "family": "Megalaimidae", "genus": "Psilopogon", "species": "Psilopogon haemacephalus" }, "geometry": { "type": "Point", "coordinates": [ 121.04109, 14.60195 ] } },
{ "type": "Feature", "properties": { "fid": 1553, "gbifID": 3612149583, "occurrenceID": "URN:catalog:CLO:EBIRD:OBS1145763441", "order": "Piciformes", "family": "Megalaimidae", "genus": "Psilopogon", "species": "Psilopogon haemacephalus" }, "geometry": { "type": "Point", "coordinates": [ 121.04109, 14.60195 ] } },
{ "type": "Feature", "properties": { "fid": 1554, "gbifID": 3657426697, "occurrenceID": "URN:catalog:CLO:EBIRD:OBS1267078227", "order": "Columbiformes", "family": "Columbidae", "genus": "Columba", "species": "Columba livia" }, "geometry": { "type": "Point", "coordinates": [ 121.041954, 14.602813 ] } },
{ "type": "Feature", "properties": { "fid": 1555, "gbifID": 3600919117, "occurrenceID": "URN:catalog:CLO:EBIRD:OBS1233303392", "order": "Passeriformes", "family": "Zosteropidae", "genus": "Zosterops", "species": "Zosterops meyeni" }, "geometry": { "type": "Point", "coordinates": [ 121.041954, 14.602813 ] } },
{ "type": "Feature", "properties": { "fid": 1557, "gbifID": 5327559000, "occurrenceID": "URN:catalog:CLO:EBIRD:OBS2019954482", "order": "Passeriformes", "family": "Hirundinidae", "genus": "Hirundo", "species": "Hirundo javanica" }, "geometry": { "type": "Point", "coordinates": [ 121.03203, 14.607486 ] } },
{ "type": "Feature", "properties": { "fid": 1558, "gbifID": 3275389960, "occurrenceID": "URN:catalog:CLO:EBIRD:OBS1027283638", "order": "Passeriformes", "family": "Corvidae", "genus": "Corvus", "species": null }, "geometry": { "type": "Point", "coordinates": [ 121.03753, 14.602924 ] } },
{ "type": "Feature", "properties": { "fid": 1559, "gbifID": 3590879562, "occurrenceID": "URN:catalog:CLO:EBIRD:OBS1098573477", "order": "Coraciiformes", "family": "Alcedinidae", "genus": "Todiramphus", "species": "Todiramphus chloris" }, "geometry": { "type": "Point", "coordinates": [ 121.04677, 14.59694 ] } },
{ "type": "Feature", "properties": { "fid": 1561, "gbifID": 4369950357, "occurrenceID": "URN:catalog:CLO:EBIRD:OBS1477838893", "order": "Passeriformes", "family": "Pycnonotidae", "genus": "Pycnonotus", "species": "Pycnonotus goiavier" }, "geometry": { "type": "Point", "coordinates": [ 121.03708, 14.59188 ] } },
{ "type": "Feature", "properties": { "fid": 1562, "gbifID": 3255413806, "occurrenceID": "URN:catalog:CLO:EBIRD:OBS848844813", "order": "Pelecaniformes", "family": "Ardeidae", "genus": "Egretta", "species": "Egretta garzetta" }, "geometry": { "type": "Point", "coordinates": [ 121.04612, 14.568563 ] } },
{ "type": "Feature", "properties": { "fid": 1563, "gbifID": 4711824028, "occurrenceID": "URN:catalog:CLO:EBIRD:OBS1609959364", "order": "Pelecaniformes", "family": "Ardeidae", "genus": "Nycticorax", "species": "Nycticorax nycticorax" }, "geometry": { "type": "Point", "coordinates": [ 121.04109, 14.60195 ] } },
{ "type": "Feature", "properties": { "fid": 1564, "gbifID": 4651982680, "occurrenceID": "URN:catalog:CLO:EBIRD:OBS1726712620", "order": "Passeriformes", "family": "Zosteropidae", "genus": "Zosterops", "species": "Zosterops meyeni" }, "geometry": { "type": "Point", "coordinates": [ 121.04109, 14.60195 ] } },
{ "type": "Feature", "properties": { "fid": 1565, "gbifID": 3692827176, "occurrenceID": "URN:catalog:CLO:EBIRD:OBS1246521776", "order": "Passeriformes", "family": "Passeridae", "genus": "Passer", "species": "Passer montanus" }, "geometry": { "type": "Point", "coordinates": [ 121.04728, 14.598908 ] } },
{ "type": "Feature", "properties": { "fid": 1566, "gbifID": 3653709876, "occurrenceID": "URN:catalog:CLO:EBIRD:OBS1267078233", "order": "Passeriformes", "family": "Acanthizidae", "genus": "Gerygone", "species": "Gerygone sulphurea" }, "geometry": { "type": "Point", "coordinates": [ 121.041954, 14.602813 ] } },
{ "type": "Feature", "properties": { "fid": 1567, "gbifID": 4187818341, "occurrenceID": "URN:catalog:CLO:EBIRD:OBS1315919606", "order": "Passeriformes", "family": "Rhipiduridae", "genus": "Rhipidura", "species": "Rhipidura nigritorquis" }, "geometry": { "type": "Point", "coordinates": [ 121.041954, 14.602813 ] } },
{ "type": "Feature", "properties": { "fid": 1569, "gbifID": 4767465459, "occurrenceID": "URN:catalog:CLO:EBIRD:OBS1629820297", "order": "Passeriformes", "family": "Corvidae", "genus": "Corvus", "species": null }, "geometry": { "type": "Point", "coordinates": [ 121.04297, 14.594615 ] } },
{ "type": "Feature", "properties": { "fid": 1570, "gbifID": 3152164661, "occurrenceID": "URN:catalog:CLO:EBIRD:OBS915653660", "order": "Columbiformes", "family": "Columbidae", "genus": "Geopelia", "species": "Geopelia striata" }, "geometry": { "type": "Point", "coordinates": [ 121.03753, 14.602924 ] } },
{ "type": "Feature", "properties": { "fid": 1571, "gbifID": 3630328246, "occurrenceID": "URN:catalog:CLO:EBIRD:OBS1116014375", "order": "Passeriformes", "family": "Motacillidae", "genus": "Motacilla", "species": "Motacilla cinerea" }, "geometry": { "type": "Point", "coordinates": [ 121.04109, 14.60195 ] } },
{ "type": "Feature", "properties": { "fid": 1572, "gbifID": 4301429936, "occurrenceID": "URN:catalog:CLO:EBIRD:OBS1339265335", "order": "Passeriformes", "family": "Pycnonotidae", "genus": "Pycnonotus", "species": "Pycnonotus goiavier" }, "geometry": { "type": "Point", "coordinates": [ 121.04109, 14.60195 ] } },
{ "type": "Feature", "properties": { "fid": 1573, "gbifID": 4635169015, "occurrenceID": "URN:catalog:CLO:EBIRD:OBS1609959363", "order": "Columbiformes", "family": "Columbidae", "genus": "Spilopelia", "species": "Spilopelia chinensis" }, "geometry": { "type": "Point", "coordinates": [ 121.04109, 14.60195 ] } },
{ "type": "Feature", "properties": { "fid": 1574, "gbifID": 4812443361, "occurrenceID": "URN:catalog:CLO:EBIRD:OBS1726709402", "order": "Passeriformes", "family": "Sturnidae", "genus": "Aplonis", "species": "Aplonis panayensis" }, "geometry": { "type": "Point", "coordinates": [ 121.04109, 14.60195 ] } },
{ "type": "Feature", "properties": { "fid": 1575, "gbifID": 5478317250, "occurrenceID": "URN:catalog:CLO:EBIRD:OBS1956776320", "order": "Passeriformes", "family": "Nectariniidae", "genus": "Cinnyris", "species": "Cinnyris jugularis" }, "geometry": { "type": "Point", "coordinates": [ 121.04055, 14.605313 ] } },
{ "type": "Feature", "properties": { "fid": 1576, "gbifID": 5351428626, "occurrenceID": "URN:catalog:CLO:EBIRD:OBS1956765191", "order": "Passeriformes", "family": "Passeridae", "genus": "Passer", "species": "Passer montanus" }, "geometry": { "type": "Point", "coordinates": [ 121.04055, 14.605313 ] } },
{ "type": "Feature", "properties": { "fid": 1577, "gbifID": 3280775835, "occurrenceID": "URN:catalog:CLO:EBIRD:OBS1027283634", "order": "Passeriformes", "family": "Hirundinidae", "genus": "Hirundo", "species": "Hirundo javanica" }, "geometry": { "type": "Point", "coordinates": [ 121.03753, 14.602924 ] } },
{ "type": "Feature", "properties": { "fid": 1578, "gbifID": 3541971776, "occurrenceID": "URN:catalog:CLO:EBIRD:OBS1049205649", "order": "Piciformes", "family": "Picidae", "genus": "Yungipicus", "species": "Yungipicus maculatus" }, "geometry": { "type": "Point", "coordinates": [ 121.03753, 14.602924 ] } },
{ "type": "Feature", "properties": { "fid": 1579, "gbifID": 4267490034, "occurrenceID": "URN:catalog:CLO:EBIRD:OBS1471137823", "order": "Passeriformes", "family": "Passeridae", "genus": "Passer", "species": "Passer montanus" }, "geometry": { "type": "Point", "coordinates": [ 121.03708, 14.59188 ] } },
{ "type": "Feature", "properties": { "fid": 1580, "gbifID": 5388731149, "occurrenceID": "URN:catalog:CLO:EBIRD:OBS1949799960", "order": "Piciformes", "family": "Megalaimidae", "genus": "Psilopogon", "species": "Psilopogon haemacephalus" }, "geometry": { "type": "Point", "coordinates": [ 121.049225, 14.589323 ] } },
{ "type": "Feature", "properties": { "fid": 1581, "gbifID": 3664449679, "occurrenceID": "URN:catalog:CLO:EBIRD:OBS1234561858", "order": "Piciformes", "family": "Megalaimidae", "genus": "Psilopogon", "species": "Psilopogon haemacephalus" }, "geometry": { "type": "Point", "coordinates": [ 121.03771, 14.606191 ] } },
{ "type": "Feature", "properties": { "fid": 1582, "gbifID": 3539309299, "occurrenceID": "URN:catalog:CLO:EBIRD:OBS1049205647", "order": "Passeriformes", "family": "Sturnidae", "genus": "Acridotheres", "species": "Acridotheres cristatellus" }, "geometry": { "type": "Point", "coordinates": [ 121.03753, 14.602924 ] } },
{ "type": "Feature", "properties": { "fid": 1583, "gbifID": 3508522649, "occurrenceID": "URN:catalog:CLO:EBIRD:OBS1081460631", "order": "Passeriformes", "family": "Oriolidae", "genus": "Oriolus", "species": "Oriolus chinensis" }, "geometry": { "type": "Point", "coordinates": [ 121.04904, 14.589351 ] } },
{ "type": "Feature", "properties": { "fid": 1584, "gbifID": 4347888465, "occurrenceID": "URN:catalog:CLO:EBIRD:OBS1357348964", "order": "Gruiformes", "family": "Rallidae", "genus": "Amaurornis", "species": "Amaurornis phoenicurus" }, "geometry": { "type": "Point", "coordinates": [ 121.04898, 14.589453 ] } },
{ "type": "Feature", "properties": { "fid": 1585, "gbifID": 3618042374, "occurrenceID": "URN:catalog:CLO:EBIRD:OBS1251706962", "order": "Psittaciformes", "family": "Psittacidae", "genus": "Loriculus", "species": "Loriculus philippensis" }, "geometry": { "type": "Point", "coordinates": [ 121.041954, 14.602813 ] } },
{ "type": "Feature", "properties": { "fid": 1587, "gbifID": 4637936657, "occurrenceID": "URN:catalog:CLO:EBIRD:OBS1726725208", "order": "Passeriformes", "family": "Nectariniidae", "genus": "Cinnyris", "species": "Cinnyris jugularis" }, "geometry": { "type": "Point", "coordinates": [ 121.04109, 14.60195 ] } },
{ "type": "Feature", "properties": { "fid": 1588, "gbifID": 4720998579, "occurrenceID": "URN:catalog:CLO:EBIRD:OBS1754909051", "order": "Passeriformes", "family": "Corvidae", "genus": "Corvus", "species": null }, "geometry": { "type": "Point", "coordinates": [ 121.03438, 14.567385 ] } },
{ "type": "Feature", "properties": { "fid": 1589, "gbifID": 3291645953, "occurrenceID": "URN:catalog:CLO:EBIRD:OBS1004885092", "order": "Passeriformes", "family": "Nectariniidae", "genus": "Cinnyris", "species": "Cinnyris jugularis" }, "geometry": { "type": "Point", "coordinates": [ 121.03753, 14.602924 ] } },
{ "type": "Feature", "properties": { "fid": 1592, "gbifID": 4827634031, "occurrenceID": "URN:catalog:CLO:EBIRD:OBS1875614941", "order": "Passeriformes", "family": "Pycnonotidae", "genus": "Pycnonotus", "species": "Pycnonotus goiavier" }, "geometry": { "type": "Point", "coordinates": [ 121.05878, 14.588141 ] } },
{ "type": "Feature", "properties": { "fid": 1593, "gbifID": 5333821130, "occurrenceID": "URN:catalog:CLO:EBIRD:OBS1916818565", "order": "Columbiformes", "family": "Columbidae", "genus": "Geopelia", "species": "Geopelia striata" }, "geometry": { "type": "Point", "coordinates": [ 121.055305, 14.575704 ] } },
{ "type": "Feature", "properties": { "fid": 1594, "gbifID": 5460753257, "occurrenceID": "URN:catalog:CLO:EBIRD:OBS1949798053", "order": "Passeriformes", "family": "Passeridae", "genus": "Passer", "species": "Passer montanus" }, "geometry": { "type": "Point", "coordinates": [ 121.049225, 14.589323 ] } },
{ "type": "Feature", "properties": { "fid": 1596, "gbifID": 3683829882, "occurrenceID": "URN:catalog:CLO:EBIRD:OBS1193952860", "order": "Passeriformes", "family": "Passeridae", "genus": "Passer", "species": "Passer montanus" }, "geometry": { "type": "Point", "coordinates": [ 121.03964, 14.576538 ] } },
{ "type": "Feature", "properties": { "fid": 1597, "gbifID": 3685911965, "occurrenceID": "URN:catalog:CLO:EBIRD:OBS1214781020", "order": "Passeriformes", "family": "Cisticolidae", "genus": "Orthotomus", "species": "Orthotomus derbianus" }, "geometry": { "type": "Point", "coordinates": [ 121.04677, 14.59694 ] } },
{ "type": "Feature", "properties": { "fid": 1598, "gbifID": 3509813298, "occurrenceID": "URN:catalog:CLO:EBIRD:OBS1084314125", "order": "Passeriformes", "family": "Artamidae", "genus": "Artamus", "species": "Artamus leucorhynchos" }, "geometry": { "type": "Point", "coordinates": [ 121.04677, 14.59694 ] } },
{ "type": "Feature", "properties": { "fid": 1599, "gbifID": 3619895526, "occurrenceID": "URN:catalog:CLO:EBIRD:OBS1224433761", "order": "Passeriformes", "family": "Acanthizidae", "genus": "Gerygone", "species": "Gerygone sulphurea" }, "geometry": { "type": "Point", "coordinates": [ 121.04109, 14.60195 ] } },
{ "type": "Feature", "properties": { "fid": 1600, "gbifID": 4379820833, "occurrenceID": "URN:catalog:CLO:EBIRD:OBS1385768885", "order": "Pelecaniformes", "family": "Ardeidae", "genus": "Ardea", "species": null }, "geometry": { "type": "Point", "coordinates": [ 121.04728, 14.598908 ] } },
{ "type": "Feature", "properties": { "fid": 1601, "gbifID": 4185614588, "occurrenceID": "URN:catalog:CLO:EBIRD:OBS1313293445", "order": "Passeriformes", "family": "Pycnonotidae", "genus": "Pycnonotus", "species": "Pycnonotus goiavier" }, "geometry": { "type": "Point", "coordinates": [ 121.04044, 14.606056 ] } },
{ "type": "Feature", "properties": { "fid": 1602, "gbifID": 4395866708, "occurrenceID": "URN:catalog:CLO:EBIRD:OBS1591411431", "order": "Passeriformes", "family": "Acanthizidae", "genus": "Gerygone", "species": "Gerygone sulphurea" }, "geometry": { "type": "Point", "coordinates": [ 121.04109, 14.60195 ] } },
{ "type": "Feature", "properties": { "fid": 1603, "gbifID": 4648861798, "occurrenceID": "URN:catalog:CLO:EBIRD:OBS1674842734", "order": "Columbiformes", "family": "Columbidae", "genus": "Spilopelia", "species": "Spilopelia chinensis" }, "geometry": { "type": "Point", "coordinates": [ 121.05878, 14.588141 ] } },
{ "type": "Feature", "properties": { "fid": 1604, "gbifID": 3676256518, "occurrenceID": "URN:catalog:CLO:EBIRD:OBS1049205934", "order": "Passeriformes", "family": "Nectariniidae", "genus": "Cinnyris", "species": "Cinnyris jugularis" }, "geometry": { "type": "Point", "coordinates": [ 121.04265, 14.606585 ] } },
{ "type": "Feature", "properties": { "fid": 1605, "gbifID": 5356154227, "occurrenceID": "URN:catalog:CLO:EBIRD:OBS1956764490", "order": "Passeriformes", "family": "Campephagidae", "genus": "Lalage", "species": "Lalage nigra" }, "geometry": { "type": "Point", "coordinates": [ 121.04055, 14.605313 ] } },
{ "type": "Feature", "properties": { "fid": 1606, "gbifID": 4344668423, "occurrenceID": "URN:catalog:CLO:EBIRD:OBS1385753882", "order": "Piciformes", "family": "Megalaimidae", "genus": "Psilopogon", "species": "Psilopogon haemacephalus" }, "geometry": { "type": "Point", "coordinates": [ 121.04728, 14.598908 ] } },
{ "type": "Feature", "properties": { "fid": 1607, "gbifID": 4181997661, "occurrenceID": "URN:catalog:CLO:EBIRD:OBS1429757712", "order": "Coraciiformes", "family": "Alcedinidae", "genus": "Todiramphus", "species": "Todiramphus chloris" }, "geometry": { "type": "Point", "coordinates": [ 121.04898, 14.589453 ] } },
{ "type": "Feature", "properties": { "fid": 1608, "gbifID": 4696337668, "occurrenceID": "URN:catalog:CLO:EBIRD:OBS1639025774", "order": "Columbiformes", "family": "Columbidae", "genus": "Geopelia", "species": "Geopelia striata" }, "geometry": { "type": "Point", "coordinates": [ 121.04109, 14.60195 ] } },
{ "type": "Feature", "properties": { "fid": 1609, "gbifID": 4653666053, "occurrenceID": "URN:catalog:CLO:EBIRD:OBS1814720158", "order": "Passeriformes", "family": "Passeridae", "genus": "Passer", "species": "Passer montanus" }, "geometry": { "type": "Point", "coordinates": [ 121.05878, 14.588141 ] } },
{ "type": "Feature", "properties": { "fid": 1613, "gbifID": 3607142758, "occurrenceID": "URN:catalog:CLO:EBIRD:OBS1274963890", "order": "Columbiformes", "family": "Columbidae", "genus": "Spilopelia", "species": "Spilopelia chinensis" }, "geometry": { "type": "Point", "coordinates": [ 121.041954, 14.602813 ] } },
{ "type": "Feature", "properties": { "fid": 1614, "gbifID": 5532006969, "occurrenceID": "URN:catalog:CLO:EBIRD:OBS1954974101", "order": "Passeriformes", "family": "Sturnidae", "genus": "Aplonis", "species": "Aplonis panayensis" }, "geometry": { "type": "Point", "coordinates": [ 121.05562, 14.59139 ] } },
{ "type": "Feature", "properties": { "fid": 1615, "gbifID": 3582279704, "occurrenceID": "URN:catalog:CLO:EBIRD:OBS1246521934", "order": "Piciformes", "family": "Megalaimidae", "genus": "Psilopogon", "species": "Psilopogon haemacephalus" }, "geometry": { "type": "Point", "coordinates": [ 121.04728, 14.598908 ] } },
{ "type": "Feature", "properties": { "fid": 1616, "gbifID": 3236993904, "occurrenceID": "URN:catalog:CLO:EBIRD:OBS917425578", "order": "Piciformes", "family": "Picidae", "genus": "Yungipicus", "species": "Yungipicus maculatus" }, "geometry": { "type": "Point", "coordinates": [ 121.0311, 14.586659 ] } },
{ "type": "Feature", "properties": { "fid": 1617, "gbifID": 3553695182, "occurrenceID": "URN:catalog:CLO:EBIRD:OBS1251715628", "order": "Passeriformes", "family": "Corvidae", "genus": "Corvus", "species": null }, "geometry": { "type": "Point", "coordinates": [ 121.041954, 14.602813 ] } },
{ "type": "Feature", "properties": { "fid": 1618, "gbifID": 4840871461, "occurrenceID": "URN:catalog:CLO:EBIRD:OBS1721893881", "order": "Passeriformes", "family": "Pycnonotidae", "genus": "Pycnonotus", "species": "Pycnonotus goiavier" }, "geometry": { "type": "Point", "coordinates": [ 121.04898, 14.589453 ] } },
{ "type": "Feature", "properties": { "fid": 1619, "gbifID": 4748807804, "occurrenceID": "URN:catalog:CLO:EBIRD:OBS1907598492", "order": "Passeriformes", "family": "Passeridae", "genus": "Passer", "species": "Passer montanus" }, "geometry": { "type": "Point", "coordinates": [ 121.04774, 14.589665 ] } },
{ "type": "Feature", "properties": { "fid": 1620, "gbifID": 4652706865, "occurrenceID": "URN:catalog:CLO:EBIRD:OBS1737370486", "order": "Piciformes", "family": "Picidae", "genus": "Yungipicus", "species": "Yungipicus maculatus" }, "geometry": { "type": "Point", "coordinates": [ 121.04898, 14.589453 ] } },
{ "type": "Feature", "properties": { "fid": 1621, "gbifID": 4817432613, "occurrenceID": "URN:catalog:CLO:EBIRD:OBS1633569812", "order": "Passeriformes", "family": "Hirundinidae", "genus": "Hirundo", "species": "Hirundo javanica" }, "geometry": { "type": "Point", "coordinates": [ 121.04015, 14.605008 ] } },
{ "type": "Feature", "properties": { "fid": 1622, "gbifID": 3663252746, "occurrenceID": "URN:catalog:CLO:EBIRD:OBS1117992326", "order": "Passeriformes", "family": "Pycnonotidae", "genus": "Pycnonotus", "species": "Pycnonotus goiavier" }, "geometry": { "type": "Point", "coordinates": [ 121.03771, 14.606191 ] } },
{ "type": "Feature", "properties": { "fid": 1623, "gbifID": 4745823371, "occurrenceID": "URN:catalog:CLO:EBIRD:OBS1875614942", "order": "Passeriformes", "family": "Phylloscopidae", "genus": "Phylloscopus", "species": "Phylloscopus borealis" }, "geometry": { "type": "Point", "coordinates": [ 121.05878, 14.588141 ] } },
{ "type": "Feature", "properties": { "fid": 1624, "gbifID": 3224122912, "occurrenceID": "URN:catalog:CLO:EBIRD:OBS865788034", "order": "Passeriformes", "family": "Nectariniidae", "genus": "Cinnyris", "species": "Cinnyris jugularis" }, "geometry": { "type": "Point", "coordinates": [ 121.03753, 14.602924 ] } },
{ "type": "Feature", "properties": { "fid": 1625, "gbifID": 4646339220, "occurrenceID": "URN:catalog:CLO:EBIRD:OBS1895420880", "order": "Pelecaniformes", "family": "Ardeidae", "genus": "Egretta", "species": "Egretta garzetta" }, "geometry": { "type": "Point", "coordinates": [ 121.041985, 14.595222 ] } },
{ "type": "Feature", "properties": { "fid": 1626, "gbifID": 3526692389, "occurrenceID": "URN:catalog:CLO:EBIRD:OBS1129093315", "order": "Passeriformes", "family": "Dicaeidae", "genus": "Dicaeum", "species": "Dicaeum australe" }, "geometry": { "type": "Point", "coordinates": [ 121.04109, 14.60195 ] } },
{ "type": "Feature", "properties": { "fid": 1627, "gbifID": 4213459302, "occurrenceID": "URN:catalog:CLO:EBIRD:OBS1339265331", "order": "Pelecaniformes", "family": "Ardeidae", "genus": "Egretta", "species": "Egretta garzetta" }, "geometry": { "type": "Point", "coordinates": [ 121.04109, 14.60195 ] } },
{ "type": "Feature", "properties": { "fid": 1628, "gbifID": 3629619087, "occurrenceID": "URN:catalog:CLO:EBIRD:OBS1117792183", "order": "Passeriformes", "family": "Rhipiduridae", "genus": "Rhipidura", "species": "Rhipidura nigritorquis" }, "geometry": { "type": "Point", "coordinates": [ 121.04109, 14.60195 ] } },
{ "type": "Feature", "properties": { "fid": 1629, "gbifID": 4224224988, "occurrenceID": "URN:catalog:CLO:EBIRD:OBS1357358299", "order": "Passeriformes", "family": "Zosteropidae", "genus": "Zosterops", "species": "Zosterops meyeni" }, "geometry": { "type": "Point", "coordinates": [ 121.04898, 14.589453 ] } },
{ "type": "Feature", "properties": { "fid": 1630, "gbifID": 3541555687, "occurrenceID": "URN:catalog:CLO:EBIRD:OBS1129473857", "order": "Columbiformes", "family": "Columbidae", "genus": "Geopelia", "species": "Geopelia striata" }, "geometry": { "type": "Point", "coordinates": [ 121.04109, 14.60195 ] } },
{ "type": "Feature", "properties": { "fid": 1631, "gbifID": 5412474242, "occurrenceID": "URN:catalog:CLO:EBIRD:OBS2354222008", "order": "Passeriformes", "family": "Passeridae", "genus": "Passer", "species": "Passer montanus" }, "geometry": { "type": "Point", "coordinates": [ 121.05878, 14.588141 ] } },
{ "type": "Feature", "properties": { "fid": 1632, "gbifID": 3535379041, "occurrenceID": "URN:catalog:CLO:EBIRD:OBS1117823107", "order": "Passeriformes", "family": "Dicaeidae", "genus": "Dicaeum", "species": "Dicaeum australe" }, "geometry": { "type": "Point", "coordinates": [ 121.038605, 14.603709 ] } },
{ "type": "Feature", "properties": { "fid": 1633, "gbifID": 3693266583, "occurrenceID": "URN:catalog:CLO:EBIRD:OBS1209544375", "order": "Passeriformes", "family": "Passeridae", "genus": "Passer", "species": "Passer montanus" }, "geometry": { "type": "Point", "coordinates": [ 121.03964, 14.576538 ] } },
{ "type": "Feature", "properties": { "fid": 1634, "gbifID": 3637600704, "occurrenceID": "URN:catalog:CLO:EBIRD:OBS1224433769", "order": "Pelecaniformes", "family": "Ardeidae", "genus": "Butorides", "species": "Butorides striata" }, "geometry": { "type": "Point", "coordinates": [ 121.04109, 14.60195 ] } },
{ "type": "Feature", "properties": { "fid": 1635, "gbifID": 3578459629, "occurrenceID": "URN:catalog:CLO:EBIRD:OBS1233293248", "order": "Columbiformes", "family": "Columbidae", "genus": "Geopelia", "species": "Geopelia striata" }, "geometry": { "type": "Point", "coordinates": [ 121.04109, 14.60195 ] } },
{ "type": "Feature", "properties": { "fid": 1636, "gbifID": 4203946073, "occurrenceID": "URN:catalog:CLO:EBIRD:OBS1357358293", "order": "Passeriformes", "family": "Pycnonotidae", "genus": "Pycnonotus", "species": "Pycnonotus goiavier" }, "geometry": { "type": "Point", "coordinates": [ 121.04898, 14.589453 ] } },
{ "type": "Feature", "properties": { "fid": 1637, "gbifID": 4354345384, "occurrenceID": "URN:catalog:CLO:EBIRD:OBS1357358295", "order": "Psittaciformes", "family": "Psittacidae", "genus": "Loriculus", "species": "Loriculus philippensis" }, "geometry": { "type": "Point", "coordinates": [ 121.04898, 14.589453 ] } },
{ "type": "Feature", "properties": { "fid": 1638, "gbifID": 5466686731, "occurrenceID": "URN:catalog:CLO:EBIRD:OBS1952214165", "order": "Passeriformes", "family": "Acanthizidae", "genus": "Gerygone", "species": "Gerygone sulphurea" }, "geometry": { "type": "Point", "coordinates": [ 121.04774, 14.589665 ] } },
{ "type": "Feature", "properties": { "fid": 1639, "gbifID": 3690350851, "occurrenceID": "URN:catalog:CLO:EBIRD:OBS1267079739", "order": "Psittaciformes", "family": "Psittacidae", "genus": "Loriculus", "species": "Loriculus philippensis" }, "geometry": { "type": "Point", "coordinates": [ 121.041954, 14.602813 ] } },
{ "type": "Feature", "properties": { "fid": 1640, "gbifID": 4188516910, "occurrenceID": "URN:catalog:CLO:EBIRD:OBS1328070001", "order": "Passeriformes", "family": "Pycnonotidae", "genus": "Pycnonotus", "species": "Pycnonotus goiavier" }, "geometry": { "type": "Point", "coordinates": [ 121.03391, 14.604286 ] } },
{ "type": "Feature", "properties": { "fid": 1641, "gbifID": 3551469236, "occurrenceID": "URN:catalog:CLO:EBIRD:OBS1215786352", "order": "Piciformes", "family": "Megalaimidae", "genus": "Psilopogon", "species": "Psilopogon haemacephalus" }, "geometry": { "type": "Point", "coordinates": [ 121.04307, 14.595008 ] } },
{ "type": "Feature", "properties": { "fid": 1642, "gbifID": 4666338567, "occurrenceID": "URN:catalog:CLO:EBIRD:OBS1648799329", "order": "Passeriformes", "family": "Hirundinidae", "genus": "Hirundo", "species": "Hirundo javanica" }, "geometry": { "type": "Point", "coordinates": [ 121.03358, 14.568089 ] } },
{ "type": "Feature", "properties": { "fid": 1643, "gbifID": 4751648848, "occurrenceID": "URN:catalog:CLO:EBIRD:OBS1956762776", "order": "Passeriformes", "family": "Sturnidae", "genus": "Acridotheres", "species": "Acridotheres cristatellus" }, "geometry": { "type": "Point", "coordinates": [ 121.04055, 14.605313 ] } },
{ "type": "Feature", "properties": { "fid": 1644, "gbifID": 5372425135, "occurrenceID": "URN:catalog:CLO:EBIRD:OBS1980598427", "order": "Passeriformes", "family": "Oriolidae", "genus": "Oriolus", "species": "Oriolus chinensis" }, "geometry": { "type": "Point", "coordinates": [ 121.04055, 14.605313 ] } },
{ "type": "Feature", "properties": { "fid": 1645, "gbifID": 4636226151, "occurrenceID": "URN:catalog:CLO:EBIRD:OBS1835246921", "order": "Piciformes", "family": "Megalaimidae", "genus": "Psilopogon", "species": "Psilopogon haemacephalus" }, "geometry": { "type": "Point", "coordinates": [ 121.03081, 14.60444 ] } },
{ "type": "Feature", "properties": { "fid": 1646, "gbifID": 4285484070, "occurrenceID": "URN:catalog:CLO:EBIRD:OBS1551880847", "order": "Psittaciformes", "family": "Psittacidae", "genus": "Loriculus", "species": "Loriculus philippensis" }, "geometry": { "type": "Point", "coordinates": [ 121.04547, 14.597787 ] } },
{ "type": "Feature", "properties": { "fid": 1647, "gbifID": 3276741550, "occurrenceID": "URN:catalog:CLO:EBIRD:OBS1027283648", "order": "Psittaciformes", "family": "Psittacidae", "genus": "Loriculus", "species": "Loriculus philippensis" }, "geometry": { "type": "Point", "coordinates": [ 121.03753, 14.602924 ] } },
{ "type": "Feature", "properties": { "fid": 1648, "gbifID": 3506723297, "occurrenceID": "URN:catalog:CLO:EBIRD:OBS1073368675", "order": "Columbiformes", "family": "Columbidae", "genus": "Treron", "species": "Treron vernans" }, "geometry": { "type": "Point", "coordinates": [ 121.04677, 14.59694 ] } },
{ "type": "Feature", "properties": { "fid": 1649, "gbifID": 3552443964, "occurrenceID": "URN:catalog:CLO:EBIRD:OBS1224434990", "order": "Coraciiformes", "family": "Alcedinidae", "genus": "Todiramphus", "species": "Todiramphus chloris" }, "geometry": { "type": "Point", "coordinates": [ 121.04109, 14.60195 ] } },
{ "type": "Feature", "properties": { "fid": 1650, "gbifID": 4700123179, "occurrenceID": "URN:catalog:CLO:EBIRD:OBS1738931604", "order": "Passeriformes", "family": "Passeridae", "genus": "Passer", "species": "Passer montanus" }, "geometry": { "type": "Point", "coordinates": [ 121.04815, 14.601044 ] } },
{ "type": "Feature", "properties": { "fid": 1651, "gbifID": 4208992265, "occurrenceID": "URN:catalog:CLO:EBIRD:OBS1336401566", "order": "Passeriformes", "family": "Nectariniidae", "genus": "Cinnyris", "species": "Cinnyris jugularis" }, "geometry": { "type": "Point", "coordinates": [ 121.04904, 14.589351 ] } },
{ "type": "Feature", "properties": { "fid": 1653, "gbifID": 5459608436, "occurrenceID": "URN:catalog:CLO:EBIRD:OBS1949799959", "order": "Psittaciformes", "family": "Psittacidae", "genus": "Psittacula", "species": "Psittacula krameri" }, "geometry": { "type": "Point", "coordinates": [ 121.049225, 14.589323 ] } },
{ "type": "Feature", "properties": { "fid": 1654, "gbifID": 5311407284, "occurrenceID": "URN:catalog:CLO:EBIRD:OBS1951483890", "order": "Passeriformes", "family": "Acanthizidae", "genus": "Gerygone", "species": "Gerygone sulphurea" }, "geometry": { "type": "Point", "coordinates": [ 121.04774, 14.589665 ] } },
{ "type": "Feature", "properties": { "fid": 1655, "gbifID": 4320889709, "occurrenceID": "URN:catalog:CLO:EBIRD:OBS1357342920", "order": "Passeriformes", "family": "Passeridae", "genus": "Passer", "species": "Passer montanus" }, "geometry": { "type": "Point", "coordinates": [ 121.04363, 14.594279 ] } },
{ "type": "Feature", "properties": { "fid": 1656, "gbifID": 3674328359, "occurrenceID": "URN:catalog:CLO:EBIRD:OBS1122473256", "order": "Passeriformes", "family": "Rhipiduridae", "genus": "Rhipidura", "species": "Rhipidura nigritorquis" }, "geometry": { "type": "Point", "coordinates": [ 121.038605, 14.603709 ] } },
{ "type": "Feature", "properties": { "fid": 1657, "gbifID": 3573775767, "occurrenceID": "URN:catalog:CLO:EBIRD:OBS1242462500", "order": "Passeriformes", "family": "Motacillidae", "genus": "Motacilla", "species": "Motacilla cinerea" }, "geometry": { "type": "Point", "coordinates": [ 121.04109, 14.60195 ] } },
{ "type": "Feature", "properties": { "fid": 1658, "gbifID": 3659800504, "occurrenceID": "URN:catalog:CLO:EBIRD:OBS1241360927", "order": "Columbiformes", "family": "Columbidae", "genus": "Geopelia", "species": "Geopelia striata" }, "geometry": { "type": "Point", "coordinates": [ 121.041954, 14.602813 ] } },
{ "type": "Feature", "properties": { "fid": 1659, "gbifID": 4310179569, "occurrenceID": "URN:catalog:CLO:EBIRD:OBS1315919608", "order": "Passeriformes", "family": "Laniidae", "genus": "Lanius", "species": "Lanius cristatus" }, "geometry": { "type": "Point", "coordinates": [ 121.041954, 14.602813 ] } },
{ "type": "Feature", "properties": { "fid": 1660, "gbifID": 3609689915, "occurrenceID": "URN:catalog:CLO:EBIRD:OBS1117836177", "order": "Pelecaniformes", "family": "Ardeidae", "genus": "Egretta", "species": "Egretta garzetta" }, "geometry": { "type": "Point", "coordinates": [ 121.038605, 14.603709 ] } },
{ "type": "Feature", "properties": { "fid": 1661, "gbifID": 3580461685, "occurrenceID": "URN:catalog:CLO:EBIRD:OBS1237382200", "order": "Psittaciformes", "family": "Psittacidae", "genus": "Loriculus", "species": "Loriculus philippensis" }, "geometry": { "type": "Point", "coordinates": [ 121.04307, 14.595008 ] } },
{ "type": "Feature", "properties": { "fid": 1662, "gbifID": 3545646146, "occurrenceID": "URN:catalog:CLO:EBIRD:OBS1251721850", "order": "Gruiformes", "family": "Rallidae", "genus": "Amaurornis", "species": "Amaurornis phoenicurus" }, "geometry": { "type": "Point", "coordinates": [ 121.04109, 14.60195 ] } },
{ "type": "Feature", "properties": { "fid": 1663, "gbifID": 3591771971, "occurrenceID": "URN:catalog:CLO:EBIRD:OBS1098581580", "order": "Columbiformes", "family": "Columbidae", "genus": "Geopelia", "species": "Geopelia striata" }, "geometry": { "type": "Point", "coordinates": [ 121.03753, 14.602924 ] } },
{ "type": "Feature", "properties": { "fid": 1664, "gbifID": 3524892089, "occurrenceID": "URN:catalog:CLO:EBIRD:OBS1145765972", "order": "Passeriformes", "family": "Sturnidae", "genus": "Aplonis", "species": "Aplonis panayensis" }, "geometry": { "type": "Point", "coordinates": [ 121.04109, 14.60195 ] } },
{ "type": "Feature", "properties": { "fid": 1665, "gbifID": 3646166354, "occurrenceID": "URN:catalog:CLO:EBIRD:OBS1219817910", "order": "Coraciiformes", "family": "Alcedinidae", "genus": "Todiramphus", "species": "Todiramphus chloris" }, "geometry": { "type": "Point", "coordinates": [ 121.04728, 14.598908 ] } },
{ "type": "Feature", "properties": { "fid": 1666, "gbifID": 4743057310, "occurrenceID": "URN:catalog:CLO:EBIRD:OBS1875614943", "order": "Columbiformes", "family": "Columbidae", "genus": "Geopelia", "species": "Geopelia striata" }, "geometry": { "type": "Point", "coordinates": [ 121.05878, 14.588141 ] } },
{ "type": "Feature", "properties": { "fid": 1667, "gbifID": 4381349284, "occurrenceID": "URN:catalog:CLO:EBIRD:OBS1586761853", "order": "Passeriformes", "family": "Oriolidae", "genus": "Oriolus", "species": "Oriolus chinensis" }, "geometry": { "type": "Point", "coordinates": [ 121.05332, 14.604934 ] } },
{ "type": "Feature", "properties": { "fid": 1668, "gbifID": 4290326965, "occurrenceID": "URN:catalog:CLO:EBIRD:OBS1315915682", "order": "Pelecaniformes", "family": "Ardeidae", "genus": "Egretta", "species": "Egretta garzetta" }, "geometry": { "type": "Point", "coordinates": [ 121.04109, 14.60195 ] } },
{ "type": "Feature", "properties": { "fid": 1669, "gbifID": 4333717516, "occurrenceID": "URN:catalog:CLO:EBIRD:OBS1344442086", "order": "Passeriformes", "family": "Laniidae", "genus": "Lanius", "species": "Lanius cristatus" }, "geometry": { "type": "Point", "coordinates": [ 121.04728, 14.598908 ] } },
{ "type": "Feature", "properties": { "fid": 1670, "gbifID": 4302946795, "occurrenceID": "URN:catalog:CLO:EBIRD:OBS1586761854", "order": "Passeriformes", "family": "Hirundinidae", "genus": "Hirundo", "species": "Hirundo javanica" }, "geometry": { "type": "Point", "coordinates": [ 121.05332, 14.604934 ] } },
{ "type": "Feature", "properties": { "fid": 1671, "gbifID": 3675429917, "occurrenceID": "URN:catalog:CLO:EBIRD:OBS1073188628", "order": "Columbiformes", "family": "Columbidae", "genus": "Spilopelia", "species": "Spilopelia chinensis" }, "geometry": { "type": "Point", "coordinates": [ 121.04677, 14.59694 ] } },
{ "type": "Feature", "properties": { "fid": 1672, "gbifID": 3606309739, "occurrenceID": "URN:catalog:CLO:EBIRD:OBS1103447746", "order": "Passeriformes", "family": "Pycnonotidae", "genus": "Pycnonotus", "species": "Pycnonotus goiavier" }, "geometry": { "type": "Point", "coordinates": [ 121.04109, 14.60195 ] } },
{ "type": "Feature", "properties": { "fid": 1673, "gbifID": 3555881468, "occurrenceID": "URN:catalog:CLO:EBIRD:OBS1117989309", "order": "Pelecaniformes", "family": "Ardeidae", "genus": "Egretta", "species": "Egretta garzetta" }, "geometry": { "type": "Point", "coordinates": [ 121.04109, 14.60195 ] } },
{ "type": "Feature", "properties": { "fid": 1675, "gbifID": 5416131798, "occurrenceID": "URN:catalog:CLO:EBIRD:OBS2031188665", "order": "Psittaciformes", "family": "Psittacidae", "genus": "Loriculus", "species": "Loriculus philippensis" }, "geometry": { "type": "Point", "coordinates": [ 121.03191, 14.607874 ] } },
{ "type": "Feature", "properties": { "fid": 1676, "gbifID": 5704782321, "occurrenceID": "URN:catalog:CLO:EBIRD:OBS2540247938", "order": "Passeriformes", "family": "Hirundinidae", "genus": "Hirundo", "species": "Hirundo javanica" }, "geometry": { "type": "Point", "coordinates": [ 121.04055, 14.605313 ] } },
{ "type": "Feature", "properties": { "fid": 1677, "gbifID": 3523155477, "occurrenceID": "URN:catalog:CLO:EBIRD:OBS1073190929", "order": "Psittaciformes", "family": "Psittacidae", "genus": "Loriculus", "species": "Loriculus philippensis" }, "geometry": { "type": "Point", "coordinates": [ 121.04677, 14.59694 ] } },
{ "type": "Feature", "properties": { "fid": 1678, "gbifID": 3581516332, "occurrenceID": "URN:catalog:CLO:EBIRD:OBS1246521931", "order": "Passeriformes", "family": "Acanthizidae", "genus": "Gerygone", "species": "Gerygone sulphurea" }, "geometry": { "type": "Point", "coordinates": [ 121.04728, 14.598908 ] } },
{ "type": "Feature", "properties": { "fid": 1679, "gbifID": 4234579226, "occurrenceID": "URN:catalog:CLO:EBIRD:OBS1475196192", "order": "Apodiformes", "family": "Apodidae", "genus": "Collocalia", "species": "Collocalia marginata" }, "geometry": { "type": "Point", "coordinates": [ 121.03708, 14.59188 ] } },
{ "type": "Feature", "properties": { "fid": 1680, "gbifID": 5325123947, "occurrenceID": "URN:catalog:CLO:EBIRD:OBS2722486841", "order": "Piciformes", "family": "Picidae", "genus": "Yungipicus", "species": "Yungipicus maculatus" }, "geometry": { "type": "Point", "coordinates": [ 121.05332, 14.604934 ] } },
{ "type": "Feature", "properties": { "fid": 1681, "gbifID": 3599529666, "occurrenceID": "URN:catalog:CLO:EBIRD:OBS1132503804", "order": "Passeriformes", "family": "Dicaeidae", "genus": "Dicaeum", "species": "Dicaeum australe" }, "geometry": { "type": "Point", "coordinates": [ 121.040436, 14.605678 ] } },
{ "type": "Feature", "properties": { "fid": 1682, "gbifID": 3155414822, "occurrenceID": "URN:catalog:CLO:EBIRD:OBS915639998", "order": "Passeriformes", "family": "Acanthizidae", "genus": "Gerygone", "species": "Gerygone sulphurea" }, "geometry": { "type": "Point", "coordinates": [ 121.03753, 14.602924 ] } },
{ "type": "Feature", "properties": { "fid": 1683, "gbifID": 4707440383, "occurrenceID": "URN:catalog:CLO:EBIRD:OBS1639025166", "order": "Columbiformes", "family": "Columbidae", "genus": "Columba", "species": "Columba livia" }, "geometry": { "type": "Point", "coordinates": [ 121.04109, 14.60195 ] } },
{ "type": "Feature", "properties": { "fid": 1684, "gbifID": 5661341695, "occurrenceID": "URN:catalog:CLO:EBIRD:OBS2485294677", "order": "Passeriformes", "family": "Dicaeidae", "genus": "Dicaeum", "species": "Dicaeum australe" }, "geometry": { "type": "Point", "coordinates": [ 121.05861, 14.587981 ] } },
{ "type": "Feature", "properties": { "fid": 1685, "gbifID": 4782604525, "occurrenceID": "URN:catalog:CLO:EBIRD:OBS1639025779", "order": "Passeriformes", "family": "Oriolidae", "genus": "Oriolus", "species": "Oriolus chinensis" }, "geometry": { "type": "Point", "coordinates": [ 121.04109, 14.60195 ] } },
{ "type": "Feature", "properties": { "fid": 1686, "gbifID": 3508007337, "occurrenceID": "URN:catalog:CLO:EBIRD:OBS1081460630", "order": "Piciformes", "family": "Megalaimidae", "genus": "Psilopogon", "species": "Psilopogon haemacephalus" }, "geometry": { "type": "Point", "coordinates": [ 121.04904, 14.589351 ] } },
{ "type": "Feature", "properties": { "fid": 1687, "gbifID": 3251106921, "occurrenceID": "URN:catalog:CLO:EBIRD:OBS971676020", "order": "Passeriformes", "family": "Passeridae", "genus": "Passer", "species": "Passer montanus" }, "geometry": { "type": "Point", "coordinates": [ 121.05856, 14.588318 ] } },
{ "type": "Feature", "properties": { "fid": 1688, "gbifID": 3600007922, "occurrenceID": "URN:catalog:CLO:EBIRD:OBS1098581583", "order": "Piciformes", "family": "Megalaimidae", "genus": "Psilopogon", "species": "Psilopogon haemacephalus" }, "geometry": { "type": "Point", "coordinates": [ 121.03753, 14.602924 ] } },
{ "type": "Feature", "properties": { "fid": 1689, "gbifID": 4337546891, "occurrenceID": "URN:catalog:CLO:EBIRD:OBS1313293444", "order": "Psittaciformes", "family": "Psittacidae", "genus": "Loriculus", "species": "Loriculus philippensis" }, "geometry": { "type": "Point", "coordinates": [ 121.04044, 14.606056 ] } },
{ "type": "Feature", "properties": { "fid": 1690, "gbifID": 3609895804, "occurrenceID": "URN:catalog:CLO:EBIRD:OBS1111341787", "order": "Pelecaniformes", "family": "Ardeidae", "genus": "Egretta", "species": "Egretta garzetta" }, "geometry": { "type": "Point", "coordinates": [ 121.03771, 14.606191 ] } },
{ "type": "Feature", "properties": { "fid": 1691, "gbifID": 3691131504, "occurrenceID": "URN:catalog:CLO:EBIRD:OBS1116027948", "order": "Columbiformes", "family": "Columbidae", "genus": "Spilopelia", "species": "Spilopelia chinensis" }, "geometry": { "type": "Point", "coordinates": [ 121.04109, 14.60195 ] } },
{ "type": "Feature", "properties": { "fid": 1692, "gbifID": 4355340373, "occurrenceID": "URN:catalog:CLO:EBIRD:OBS1475196193", "order": "Passeriformes", "family": "Pycnonotidae", "genus": "Pycnonotus", "species": "Pycnonotus goiavier" }, "geometry": { "type": "Point", "coordinates": [ 121.03708, 14.59188 ] } },
{ "type": "Feature", "properties": { "fid": 1693, "gbifID": 4323354676, "occurrenceID": "URN:catalog:CLO:EBIRD:OBS1329314375", "order": "Passeriformes", "family": "Sturnidae", "genus": "Acridotheres", "species": "Acridotheres cristatellus" }, "geometry": { "type": "Point", "coordinates": [ 121.04553, 14.597787 ] } },
{ "type": "Feature", "properties": { "fid": 1694, "gbifID": 4315892361, "occurrenceID": "URN:catalog:CLO:EBIRD:OBS1361347057", "order": "Columbiformes", "family": "Columbidae", "genus": "Treron", "species": "Treron vernans" }, "geometry": { "type": "Point", "coordinates": [ 121.038605, 14.603709 ] } },
{ "type": "Feature", "properties": { "fid": 1695, "gbifID": 3608508363, "occurrenceID": "URN:catalog:CLO:EBIRD:OBS1129088066", "order": "Passeriformes", "family": "Sturnidae", "genus": "Aplonis", "species": "Aplonis panayensis" }, "geometry": { "type": "Point", "coordinates": [ 121.038605, 14.603709 ] } },
{ "type": "Feature", "properties": { "fid": 1696, "gbifID": 3603951720, "occurrenceID": "URN:catalog:CLO:EBIRD:OBS1274963882", "order": "Passeriformes", "family": "Corvidae", "genus": "Corvus", "species": null }, "geometry": { "type": "Point", "coordinates": [ 121.041954, 14.602813 ] } },
{ "type": "Feature", "properties": { "fid": 1697, "gbifID": 3665952373, "occurrenceID": "URN:catalog:CLO:EBIRD:OBS1073188630", "order": "Columbiformes", "family": "Columbidae", "genus": "Treron", "species": "Treron vernans" }, "geometry": { "type": "Point", "coordinates": [ 121.04677, 14.59694 ] } },
{ "type": "Feature", "properties": { "fid": 1698, "gbifID": 4198417736, "occurrenceID": "URN:catalog:CLO:EBIRD:OBS1324153264", "order": "Passeriformes", "family": "Muscicapidae", "genus": "Copsychus", "species": "Copsychus mindanensis" }, "geometry": { "type": "Point", "coordinates": [ 121.04307, 14.595008 ] } },
{ "type": "Feature", "properties": { "fid": 1699, "gbifID": 4192280693, "occurrenceID": "URN:catalog:CLO:EBIRD:OBS1350512010", "order": "Coraciiformes", "family": "Alcedinidae", "genus": "Alcedo", "species": "Alcedo atthis" }, "geometry": { "type": "Point", "coordinates": [ 121.042046, 14.594734 ] } },
{ "type": "Feature", "properties": { "fid": 1700, "gbifID": 5668525762, "occurrenceID": "URN:catalog:CLO:EBIRD:OBS1956772190", "order": "Piciformes", "family": "Megalaimidae", "genus": "Psilopogon", "species": "Psilopogon haemacephalus" }, "geometry": { "type": "Point", "coordinates": [ 121.03753, 14.602924 ] } },
{ "type": "Feature", "properties": { "fid": 1701, "gbifID": 3556204832, "occurrenceID": "URN:catalog:CLO:EBIRD:OBS1069482028", "order": "Passeriformes", "family": "Acanthizidae", "genus": "Gerygone", "species": "Gerygone sulphurea" }, "geometry": { "type": "Point", "coordinates": [ 121.04677, 14.59694 ] } },
{ "type": "Feature", "properties": { "fid": 1702, "gbifID": 3572540802, "occurrenceID": "URN:catalog:CLO:EBIRD:OBS1215786356", "order": "Passeriformes", "family": "Oriolidae", "genus": "Oriolus", "species": "Oriolus chinensis" }, "geometry": { "type": "Point", "coordinates": [ 121.04307, 14.595008 ] } },
{ "type": "Feature", "properties": { "fid": 1703, "gbifID": 4696675863, "occurrenceID": "URN:catalog:CLO:EBIRD:OBS1639029377", "order": "Passeriformes", "family": "Passeridae", "genus": "Passer", "species": "Passer montanus" }, "geometry": { "type": "Point", "coordinates": [ 121.02962, 14.605055 ] } },
{ "type": "Feature", "properties": { "fid": 1704, "gbifID": 3539013472, "occurrenceID": "URN:catalog:CLO:EBIRD:OBS1129473858", "order": "Passeriformes", "family": "Dicaeidae", "genus": "Dicaeum", "species": "Dicaeum australe" }, "geometry": { "type": "Point", "coordinates": [ 121.04109, 14.60195 ] } },
{ "type": "Feature", "properties": { "fid": 1705, "gbifID": 4324553586, "occurrenceID": "URN:catalog:CLO:EBIRD:OBS1329314370", "order": "Coraciiformes", "family": "Alcedinidae", "genus": "Todiramphus", "species": "Todiramphus chloris" }, "geometry": { "type": "Point", "coordinates": [ 121.04553, 14.597787 ] } },
{ "type": "Feature", "properties": { "fid": 1706, "gbifID": 4687485684, "occurrenceID": "URN:catalog:CLO:EBIRD:OBS1609959567", "order": "Piciformes", "family": "Megalaimidae", "genus": "Psilopogon", "species": "Psilopogon haemacephalus" }, "geometry": { "type": "Point", "coordinates": [ 121.04109, 14.60195 ] } },
{ "type": "Feature", "properties": { "fid": 1707, "gbifID": 4702600377, "occurrenceID": "URN:catalog:CLO:EBIRD:OBS1794104838", "order": "Columbiformes", "family": "Columbidae", "genus": "Geopelia", "species": "Geopelia striata" }, "geometry": { "type": "Point", "coordinates": [ 121.03753, 14.602924 ] } },
{ "type": "Feature", "properties": { "fid": 1708, "gbifID": 4741851226, "occurrenceID": "URN:catalog:CLO:EBIRD:OBS1726712615", "order": "Passeriformes", "family": "Passeridae", "genus": "Passer", "species": "Passer montanus" }, "geometry": { "type": "Point", "coordinates": [ 121.04109, 14.60195 ] } },
{ "type": "Feature", "properties": { "fid": 1709, "gbifID": 3616591070, "occurrenceID": "URN:catalog:CLO:EBIRD:OBS1145763451", "order": "Passeriformes", "family": "Artamidae", "genus": "Artamus", "species": "Artamus leucorhynchos" }, "geometry": { "type": "Point", "coordinates": [ 121.04109, 14.60195 ] } },
{ "type": "Feature", "properties": { "fid": 1710, "gbifID": 4347498093, "occurrenceID": "URN:catalog:CLO:EBIRD:OBS1324153270", "order": "Psittaciformes", "family": "Psittacidae", "genus": "Loriculus", "species": "Loriculus philippensis" }, "geometry": { "type": "Point", "coordinates": [ 121.04307, 14.595008 ] } },
{ "type": "Feature", "properties": { "fid": 1711, "gbifID": 3553638252, "occurrenceID": "URN:catalog:CLO:EBIRD:OBS1117989308", "order": "Coraciiformes", "family": "Alcedinidae", "genus": "Todiramphus", "species": "Todiramphus chloris" }, "geometry": { "type": "Point", "coordinates": [ 121.04109, 14.60195 ] } },
{ "type": "Feature", "properties": { "fid": 1712, "gbifID": 3572082232, "occurrenceID": "URN:catalog:CLO:EBIRD:OBS1224434989", "order": "Passeriformes", "family": "Passeridae", "genus": "Passer", "species": "Passer montanus" }, "geometry": { "type": "Point", "coordinates": [ 121.04109, 14.60195 ] } },
{ "type": "Feature", "properties": { "fid": 1713, "gbifID": 4830415496, "occurrenceID": "URN:catalog:CLO:EBIRD:OBS1630537584", "order": "Passeriformes", "family": "Pycnonotidae", "genus": "Pycnonotus", "species": "Pycnonotus goiavier" }, "geometry": { "type": "Point", "coordinates": [ 121.04677, 14.59694 ] } },
{ "type": "Feature", "properties": { "fid": 1714, "gbifID": 3655358380, "occurrenceID": "URN:catalog:CLO:EBIRD:OBS1242471486", "order": "Passeriformes", "family": "Zosteropidae", "genus": "Zosterops", "species": "Zosterops meyeni" }, "geometry": { "type": "Point", "coordinates": [ 121.041954, 14.602813 ] } },
{ "type": "Feature", "properties": { "fid": 1715, "gbifID": 4185417793, "occurrenceID": "URN:catalog:CLO:EBIRD:OBS1315919614", "order": "Coraciiformes", "family": "Alcedinidae", "genus": "Halcyon", "species": "Halcyon gularis" }, "geometry": { "type": "Point", "coordinates": [ 121.041954, 14.602813 ] } },
{ "type": "Feature", "properties": { "fid": 1716, "gbifID": 4362173624, "occurrenceID": "URN:catalog:CLO:EBIRD:OBS1479578039", "order": "Passeriformes", "family": "Passeridae", "genus": "Passer", "species": "Passer montanus" }, "geometry": { "type": "Point", "coordinates": [ 121.05737, 14.588144 ] } },
{ "type": "Feature", "properties": { "fid": 1717, "gbifID": 4315175731, "occurrenceID": "URN:catalog:CLO:EBIRD:OBS1324153263", "order": "Coraciiformes", "family": "Alcedinidae", "genus": "Halcyon", "species": "Halcyon gularis" }, "geometry": { "type": "Point", "coordinates": [ 121.04307, 14.595008 ] } },
{ "type": "Feature", "properties": { "fid": 1718, "gbifID": 5486710377, "occurrenceID": "URN:catalog:CLO:EBIRD:OBS2040682529", "order": "Passeriformes", "family": "Pycnonotidae", "genus": "Pycnonotus", "species": "Pycnonotus goiavier" }, "geometry": { "type": "Point", "coordinates": [ 121.03203, 14.607486 ] } },
{ "type": "Feature", "properties": { "fid": 1719, "gbifID": 3197992290, "occurrenceID": "URN:catalog:CLO:EBIRD:OBS998238274", "order": "Passeriformes", "family": "Passeridae", "genus": "Passer", "species": "Passer montanus" }, "geometry": { "type": "Point", "coordinates": [ 121.03753, 14.602924 ] } },
{ "type": "Feature", "properties": { "fid": 1720, "gbifID": 4201367661, "occurrenceID": "URN:catalog:CLO:EBIRD:OBS1518646417", "order": "Piciformes", "family": "Picidae", "genus": "Yungipicus", "species": "Yungipicus maculatus" }, "geometry": { "type": "Point", "coordinates": [ 121.04677, 14.59694 ] } },
{ "type": "Feature", "properties": { "fid": 1722, "gbifID": 4201400335, "occurrenceID": "URN:catalog:CLO:EBIRD:OBS1518646410", "order": "Columbiformes", "family": "Columbidae", "genus": "Geopelia", "species": "Geopelia striata" }, "geometry": { "type": "Point", "coordinates": [ 121.04677, 14.59694 ] } },
{ "type": "Feature", "properties": { "fid": 1723, "gbifID": 3550052828, "occurrenceID": "URN:catalog:CLO:EBIRD:OBS1251721852", "order": "Pelecaniformes", "family": "Ardeidae", "genus": "Egretta", "species": "Egretta garzetta" }, "geometry": { "type": "Point", "coordinates": [ 121.04109, 14.60195 ] } },
{ "type": "Feature", "properties": { "fid": 1724, "gbifID": 3686641137, "occurrenceID": "URN:catalog:CLO:EBIRD:OBS1267079736", "order": "Passeriformes", "family": "Acanthizidae", "genus": "Gerygone", "species": "Gerygone sulphurea" }, "geometry": { "type": "Point", "coordinates": [ 121.041954, 14.602813 ] } },
{ "type": "Feature", "properties": { "fid": 1725, "gbifID": 4777890721, "occurrenceID": "URN:catalog:CLO:EBIRD:OBS1630537580", "order": "Passeriformes", "family": "Muscicapidae", "genus": "Copsychus", "species": "Copsychus mindanensis" }, "geometry": { "type": "Point", "coordinates": [ 121.04677, 14.59694 ] } },
{ "type": "Feature", "properties": { "fid": 1726, "gbifID": 3599012728, "occurrenceID": "URN:catalog:CLO:EBIRD:OBS1111255401", "order": "Passeriformes", "family": "Pycnonotidae", "genus": "Pycnonotus", "species": "Pycnonotus goiavier" }, "geometry": { "type": "Point", "coordinates": [ 121.04109, 14.60195 ] } },
{ "type": "Feature", "properties": { "fid": 1727, "gbifID": 3510909543, "occurrenceID": "URN:catalog:CLO:EBIRD:OBS1112488570", "order": "Coraciiformes", "family": "Alcedinidae", "genus": "Alcedo", "species": "Alcedo atthis" }, "geometry": { "type": "Point", "coordinates": [ 121.04109, 14.60195 ] } },
{ "type": "Feature", "properties": { "fid": 1728, "gbifID": 5308354818, "occurrenceID": "URN:catalog:CLO:EBIRD:OBS2540247939", "order": "Passeriformes", "family": "Acanthizidae", "genus": "Gerygone", "species": "Gerygone sulphurea" }, "geometry": { "type": "Point", "coordinates": [ 121.04055, 14.605313 ] } },
{ "type": "Feature", "properties": { "fid": 1729, "gbifID": 3294225359, "occurrenceID": "URN:catalog:CLO:EBIRD:OBS1011600289", "order": "Passeriformes", "family": "Pycnonotidae", "genus": "Pycnonotus", "species": "Pycnonotus goiavier" }, "geometry": { "type": "Point", "coordinates": [ 121.03753, 14.602924 ] } },
{ "type": "Feature", "properties": { "fid": 1730, "gbifID": 4790988572, "occurrenceID": "URN:catalog:CLO:EBIRD:OBS1630537592", "order": "Passeriformes", "family": "Sturnidae", "genus": "Aplonis", "species": "Aplonis panayensis" }, "geometry": { "type": "Point", "coordinates": [ 121.04677, 14.59694 ] } },
{ "type": "Feature", "properties": { "fid": 1732, "gbifID": 4653962626, "occurrenceID": "URN:catalog:CLO:EBIRD:OBS1639025769", "order": "Passeriformes", "family": "Pycnonotidae", "genus": "Pycnonotus", "species": "Pycnonotus goiavier" }, "geometry": { "type": "Point", "coordinates": [ 121.04109, 14.60195 ] } },
{ "type": "Feature", "properties": { "fid": 1733, "gbifID": 3675247494, "occurrenceID": "URN:catalog:CLO:EBIRD:OBS1122473263", "order": "Psittaciformes", "family": "Psittacidae", "genus": "Loriculus", "species": "Loriculus philippensis" }, "geometry": { "type": "Point", "coordinates": [ 121.038605, 14.603709 ] } },
{ "type": "Feature", "properties": { "fid": 1734, "gbifID": 4325871456, "occurrenceID": "URN:catalog:CLO:EBIRD:OBS1357342918", "order": "Psittaciformes", "family": "Psittacidae", "genus": "Loriculus", "species": "Loriculus philippensis" }, "geometry": { "type": "Point", "coordinates": [ 121.04363, 14.594279 ] } },
{ "type": "Feature", "properties": { "fid": 1735, "gbifID": 3579162990, "occurrenceID": "URN:catalog:CLO:EBIRD:OBS1237382199", "order": "Passeriformes", "family": "Sturnidae", "genus": "Acridotheres", "species": "Acridotheres cristatellus" }, "geometry": { "type": "Point", "coordinates": [ 121.04307, 14.595008 ] } },
{ "type": "Feature", "properties": { "fid": 1736, "gbifID": 3153600015, "occurrenceID": "URN:catalog:CLO:EBIRD:OBS865790456", "order": "Psittaciformes", "family": "Psittacidae", "genus": "Loriculus", "species": "Loriculus philippensis" }, "geometry": { "type": "Point", "coordinates": [ 121.03753, 14.602924 ] } },
{ "type": "Feature", "properties": { "fid": 1738, "gbifID": 3674543061, "occurrenceID": "URN:catalog:CLO:EBIRD:OBS1114407113", "order": "Passeriformes", "family": "Oriolidae", "genus": "Oriolus", "species": "Oriolus chinensis" }, "geometry": { "type": "Point", "coordinates": [ 121.04109, 14.60195 ] } },
{ "type": "Feature", "properties": { "fid": 1739, "gbifID": 4213207882, "occurrenceID": "URN:catalog:CLO:EBIRD:OBS1357358294", "order": "Gruiformes", "family": "Rallidae", "genus": "Gallirallus", "species": "Gallirallus torquatus" }, "geometry": { "type": "Point", "coordinates": [ 121.04898, 14.589453 ] } },
{ "type": "Feature", "properties": { "fid": 1740, "gbifID": 4624428671, "occurrenceID": "URN:catalog:CLO:EBIRD:OBS1639025773", "order": "Passeriformes", "family": "Hirundinidae", "genus": "Hirundo", "species": "Hirundo javanica" }, "geometry": { "type": "Point", "coordinates": [ 121.04109, 14.60195 ] } },
{ "type": "Feature", "properties": { "fid": 1741, "gbifID": 5353709011, "occurrenceID": "URN:catalog:CLO:EBIRD:OBS1956750323", "order": "Passeriformes", "family": "Nectariniidae", "genus": "Cinnyris", "species": "Cinnyris jugularis" }, "geometry": { "type": "Point", "coordinates": [ 121.04055, 14.605313 ] } },
{ "type": "Feature", "properties": { "fid": 1742, "gbifID": 4636068314, "occurrenceID": "URN:catalog:CLO:EBIRD:OBS1951648816", "order": "Passeriformes", "family": "Pycnonotidae", "genus": "Pycnonotus", "species": "Pycnonotus goiavier" }, "geometry": { "type": "Point", "coordinates": [ 121.03665, 14.589744 ] } },
{ "type": "Feature", "properties": { "fid": 1743, "gbifID": 5323164313, "occurrenceID": "URN:catalog:CLO:EBIRD:OBS2540249876", "order": "Passeriformes", "family": "Sturnidae", "genus": "Acridotheres", "species": "Acridotheres cristatellus" }, "geometry": { "type": "Point", "coordinates": [ 121.04055, 14.605313 ] } },
{ "type": "Feature", "properties": { "fid": 1744, "gbifID": 3606958818, "occurrenceID": "URN:catalog:CLO:EBIRD:OBS1098581578", "order": "Psittaciformes", "family": "Psittacidae", "genus": "Loriculus", "species": "Loriculus philippensis" }, "geometry": { "type": "Point", "coordinates": [ 121.03753, 14.602924 ] } },
{ "type": "Feature", "properties": { "fid": 1745, "gbifID": 5681928511, "occurrenceID": "URN:catalog:CLO:EBIRD:OBS1980598420", "order": "Passeriformes", "family": "Nectariniidae", "genus": "Cinnyris", "species": "Cinnyris jugularis" }, "geometry": { "type": "Point", "coordinates": [ 121.04055, 14.605313 ] } },
{ "type": "Feature", "properties": { "fid": 1746, "gbifID": 4197021316, "occurrenceID": "URN:catalog:CLO:EBIRD:OBS1588575177", "order": "Passeriformes", "family": "Sturnidae", "genus": "Acridotheres", "species": "Acridotheres cristatellus" }, "geometry": { "type": "Point", "coordinates": [ 121.05332, 14.604934 ] } },
{ "type": "Feature", "properties": { "fid": 1747, "gbifID": 3680091508, "occurrenceID": "URN:catalog:CLO:EBIRD:OBS1117992344", "order": "Pelecaniformes", "family": "Ardeidae", "genus": "Egretta", "species": "Egretta garzetta" }, "geometry": { "type": "Point", "coordinates": [ 121.038605, 14.603709 ] } },
{ "type": "Feature", "properties": { "fid": 1748, "gbifID": 4284795073, "occurrenceID": "URN:catalog:CLO:EBIRD:OBS1344442082", "order": "Passeriformes", "family": "Pycnonotidae", "genus": "Pycnonotus", "species": "Pycnonotus goiavier" }, "geometry": { "type": "Point", "coordinates": [ 121.04728, 14.598908 ] } },
{ "type": "Feature", "properties": { "fid": 1749, "gbifID": 4306078912, "occurrenceID": "URN:catalog:CLO:EBIRD:OBS1531242730", "order": "Falconiformes", "family": "Falconidae", "genus": "Falco", "species": "Falco tinnunculus" }, "geometry": { "type": "Point", "coordinates": [ 121.04044, 14.606056 ] } },
{ "type": "Feature", "properties": { "fid": 1750, "gbifID": 3592679113, "occurrenceID": "URN:catalog:CLO:EBIRD:OBS1084314130", "order": "Passeriformes", "family": "Zosteropidae", "genus": "Zosterops", "species": "Zosterops meyeni" }, "geometry": { "type": "Point", "coordinates": [ 121.04677, 14.59694 ] } },
{ "type": "Feature", "properties": { "fid": 1751, "gbifID": 3665049529, "occurrenceID": "URN:catalog:CLO:EBIRD:OBS1140362949", "order": "Gruiformes", "family": "Rallidae", "genus": "Amaurornis", "species": "Amaurornis phoenicurus" }, "geometry": { "type": "Point", "coordinates": [ 121.04044, 14.606056 ] } },
{ "type": "Feature", "properties": { "fid": 1752, "gbifID": 4762909549, "occurrenceID": "URN:catalog:CLO:EBIRD:OBS1951648817", "order": "Passeriformes", "family": "Sturnidae", "genus": "Aplonis", "species": "Aplonis panayensis" }, "geometry": { "type": "Point", "coordinates": [ 121.03665, 14.589744 ] } },
{ "type": "Feature", "properties": { "fid": 1753, "gbifID": 3150370675, "occurrenceID": "URN:catalog:CLO:EBIRD:OBS915653648", "order": "Passeriformes", "family": "Sturnidae", "genus": "Acridotheres", "species": "Acridotheres cristatellus" }, "geometry": { "type": "Point", "coordinates": [ 121.03753, 14.602924 ] } },
{ "type": "Feature", "properties": { "fid": 1754, "gbifID": 3144972856, "occurrenceID": "URN:catalog:CLO:EBIRD:OBS870451559", "order": "Passeriformes", "family": "Nectariniidae", "genus": "Cinnyris", "species": "Cinnyris jugularis" }, "geometry": { "type": "Point", "coordinates": [ 121.03753, 14.602924 ] } },
{ "type": "Feature", "properties": { "fid": 1755, "gbifID": 3690397547, "occurrenceID": "URN:catalog:CLO:EBIRD:OBS1267079741", "order": "Passeriformes", "family": "Laniidae", "genus": "Lanius", "species": "Lanius cristatus" }, "geometry": { "type": "Point", "coordinates": [ 121.041954, 14.602813 ] } },
{ "type": "Feature", "properties": { "fid": 1756, "gbifID": 4344960710, "occurrenceID": "URN:catalog:CLO:EBIRD:OBS1357358308", "order": "Pelecaniformes", "family": "Ardeidae", "genus": "Nycticorax", "species": "Nycticorax nycticorax" }, "geometry": { "type": "Point", "coordinates": [ 121.04898, 14.589453 ] } },
{ "type": "Feature", "properties": { "fid": 1758, "gbifID": 3672322123, "occurrenceID": "URN:catalog:CLO:EBIRD:OBS1114407112", "order": "Columbiformes", "family": "Columbidae", "genus": "Geopelia", "species": "Geopelia striata" }, "geometry": { "type": "Point", "coordinates": [ 121.04109, 14.60195 ] } },
{ "type": "Feature", "properties": { "fid": 1759, "gbifID": 3680907449, "occurrenceID": "URN:catalog:CLO:EBIRD:OBS1117992333", "order": "Passeriformes", "family": "Pycnonotidae", "genus": "Pycnonotus", "species": "Pycnonotus goiavier" }, "geometry": { "type": "Point", "coordinates": [ 121.04044, 14.606056 ] } },
{ "type": "Feature", "properties": { "fid": 1760, "gbifID": 4298660137, "occurrenceID": "URN:catalog:CLO:EBIRD:OBS1338504170", "order": "Passeriformes", "family": "Pycnonotidae", "genus": "Pycnonotus", "species": "Pycnonotus goiavier" }, "geometry": { "type": "Point", "coordinates": [ 121.04643, 14.575169 ] } },
{ "type": "Feature", "properties": { "fid": 1761, "gbifID": 4306810147, "occurrenceID": "URN:catalog:CLO:EBIRD:OBS1344447034", "order": "Piciformes", "family": "Megalaimidae", "genus": "Psilopogon", "species": "Psilopogon haemacephalus" }, "geometry": { "type": "Point", "coordinates": [ 121.04728, 14.598908 ] } },
{ "type": "Feature", "properties": { "fid": 1763, "gbifID": 3678905815, "occurrenceID": "URN:catalog:CLO:EBIRD:OBS1117992338", "order": "Columbiformes", "family": "Columbidae", "genus": "Columba", "species": "Columba livia" }, "geometry": { "type": "Point", "coordinates": [ 121.04044, 14.606056 ] } },
{ "type": "Feature", "properties": { "fid": 1764, "gbifID": 3659793901, "occurrenceID": "URN:catalog:CLO:EBIRD:OBS1242471487", "order": "Passeriformes", "family": "Passeridae", "genus": "Passer", "species": "Passer montanus" }, "geometry": { "type": "Point", "coordinates": [ 121.041954, 14.602813 ] } },
{ "type": "Feature", "properties": { "fid": 1766, "gbifID": 4746496156, "occurrenceID": "URN:catalog:CLO:EBIRD:OBS1726712618", "order": "Coraciiformes", "family": "Alcedinidae", "genus": "Todiramphus", "species": "Todiramphus chloris" }, "geometry": { "type": "Point", "coordinates": [ 121.04109, 14.60195 ] } },
{ "type": "Feature", "properties": { "fid": 1767, "gbifID": 5336720636, "occurrenceID": "URN:catalog:CLO:EBIRD:OBS1956773897", "order": "Passeriformes", "family": "Rhipiduridae", "genus": "Rhipidura", "species": "Rhipidura nigritorquis" }, "geometry": { "type": "Point", "coordinates": [ 121.04055, 14.605313 ] } },
{ "type": "Feature", "properties": { "fid": 1768, "gbifID": 3610708152, "occurrenceID": "URN:catalog:CLO:EBIRD:OBS1132503807", "order": "Passeriformes", "family": "Sturnidae", "genus": "Aplonis", "species": "Aplonis panayensis" }, "geometry": { "type": "Point", "coordinates": [ 121.040436, 14.605678 ] } },
{ "type": "Feature", "properties": { "fid": 1769, "gbifID": 3644975251, "occurrenceID": "URN:catalog:CLO:EBIRD:OBS1212607157", "order": "Psittaciformes", "family": "Psittacidae", "genus": "Loriculus", "species": "Loriculus philippensis" }, "geometry": { "type": "Point", "coordinates": [ 121.04044, 14.606056 ] } },
{ "type": "Feature", "properties": { "fid": 1770, "gbifID": 3540252686, "occurrenceID": "URN:catalog:CLO:EBIRD:OBS1251713357", "order": "Pelecaniformes", "family": "Ardeidae", "genus": "Ardea", "species": "Ardea alba" }, "geometry": { "type": "Point", "coordinates": [ 121.041954, 14.602813 ] } },
{ "type": "Feature", "properties": { "fid": 1772, "gbifID": 3558785782, "occurrenceID": "URN:catalog:CLO:EBIRD:OBS1149774706", "order": "Apodiformes", "family": "Apodidae", "genus": "Collocalia", "species": "Collocalia marginata" }, "geometry": { "type": "Point", "coordinates": [ 121.05737, 14.588144 ] } },
{ "type": "Feature", "properties": { "fid": 1773, "gbifID": 3633722075, "occurrenceID": "URN:catalog:CLO:EBIRD:OBS1242462502", "order": "Passeriformes", "family": "Passeridae", "genus": "Passer", "species": "Passer montanus" }, "geometry": { "type": "Point", "coordinates": [ 121.04109, 14.60195 ] } },
{ "type": "Feature", "properties": { "fid": 1774, "gbifID": 3196291117, "occurrenceID": "URN:catalog:CLO:EBIRD:OBS998238272", "order": "Columbiformes", "family": "Columbidae", "genus": "Geopelia", "species": "Geopelia striata" }, "geometry": { "type": "Point", "coordinates": [ 121.03753, 14.602924 ] } },
{ "type": "Feature", "properties": { "fid": 1775, "gbifID": 5598888430, "occurrenceID": "URN:catalog:CLO:EBIRD:OBS1956765190", "order": "Passeriformes", "family": "Pycnonotidae", "genus": "Pycnonotus", "species": "Pycnonotus goiavier" }, "geometry": { "type": "Point", "coordinates": [ 121.04055, 14.605313 ] } },
{ "type": "Feature", "properties": { "fid": 1776, "gbifID": 3603631538, "occurrenceID": "URN:catalog:CLO:EBIRD:OBS1099635231", "order": "Passeriformes", "family": "Rhipiduridae", "genus": "Rhipidura", "species": "Rhipidura nigritorquis" }, "geometry": { "type": "Point", "coordinates": [ 121.04109, 14.60195 ] } },
{ "type": "Feature", "properties": { "fid": 1778, "gbifID": 4749733968, "occurrenceID": "URN:catalog:CLO:EBIRD:OBS1956762790", "order": "Passeriformes", "family": "Rhipiduridae", "genus": "Rhipidura", "species": "Rhipidura nigritorquis" }, "geometry": { "type": "Point", "coordinates": [ 121.04055, 14.605313 ] } },
{ "type": "Feature", "properties": { "fid": 1779, "gbifID": 4673810694, "occurrenceID": "URN:catalog:CLO:EBIRD:OBS1895420884", "order": "Passeriformes", "family": "Passeridae", "genus": "Passer", "species": "Passer montanus" }, "geometry": { "type": "Point", "coordinates": [ 121.041985, 14.595222 ] } },
{ "type": "Feature", "properties": { "fid": 1780, "gbifID": 4695821765, "occurrenceID": "URN:catalog:CLO:EBIRD:OBS1609959562", "order": "Passeriformes", "family": "Muscicapidae", "genus": "Copsychus", "species": "Copsychus mindanensis" }, "geometry": { "type": "Point", "coordinates": [ 121.04109, 14.60195 ] } },
{ "type": "Feature", "properties": { "fid": 1781, "gbifID": 4709230428, "occurrenceID": "URN:catalog:CLO:EBIRD:OBS1737370495", "order": "Columbiformes", "family": "Columbidae", "genus": "Spilopelia", "species": "Spilopelia chinensis" }, "geometry": { "type": "Point", "coordinates": [ 121.04898, 14.589453 ] } },
{ "type": "Feature", "properties": { "fid": 1783, "gbifID": 5302136056, "occurrenceID": "URN:catalog:CLO:EBIRD:OBS2040682527", "order": "Passeriformes", "family": "Passeridae", "genus": "Passer", "species": "Passer montanus" }, "geometry": { "type": "Point", "coordinates": [ 121.03203, 14.607486 ] } },
{ "type": "Feature", "properties": { "fid": 1784, "gbifID": 3510340124, "occurrenceID": "URN:catalog:CLO:EBIRD:OBS1049205642", "order": "Passeriformes", "family": "Laniidae", "genus": "Lanius", "species": "Lanius cristatus" }, "geometry": { "type": "Point", "coordinates": [ 121.03753, 14.602924 ] } },
{ "type": "Feature", "properties": { "fid": 1786, "gbifID": 3676588271, "occurrenceID": "URN:catalog:CLO:EBIRD:OBS1122473257", "order": "Passeriformes", "family": "Estrildidae", "genus": "Lonchura", "species": "Lonchura punctulata" }, "geometry": { "type": "Point", "coordinates": [ 121.038605, 14.603709 ] } },
{ "type": "Feature", "properties": { "fid": 1787, "gbifID": 3547156822, "occurrenceID": "URN:catalog:CLO:EBIRD:OBS1266508561", "order": "Passeriformes", "family": "Artamidae", "genus": "Artamus", "species": "Artamus leucorhynchos" }, "geometry": { "type": "Point", "coordinates": [ 121.04677, 14.59694 ] } },
{ "type": "Feature", "properties": { "fid": 1789, "gbifID": 5632732800, "occurrenceID": "URN:catalog:CLO:EBIRD:OBS1980598421", "order": "Piciformes", "family": "Megalaimidae", "genus": "Psilopogon", "species": "Psilopogon haemacephalus" }, "geometry": { "type": "Point", "coordinates": [ 121.04055, 14.605313 ] } },
{ "type": "Feature", "properties": { "fid": 1790, "gbifID": 4800934061, "occurrenceID": "URN:catalog:CLO:EBIRD:OBS1882512220", "order": "Psittaciformes", "family": "Psittacidae", "genus": "Loriculus", "species": "Loriculus philippensis" }, "geometry": { "type": "Point", "coordinates": [ 121.03203, 14.607486 ] } },
{ "type": "Feature", "properties": { "fid": 1792, "gbifID": 3571950801, "occurrenceID": "URN:catalog:CLO:EBIRD:OBS1233284424", "order": "Psittaciformes", "family": "Psittacidae", "genus": "Loriculus", "species": "Loriculus philippensis" }, "geometry": { "type": "Point", "coordinates": [ 121.04109, 14.60195 ] } },
{ "type": "Feature", "properties": { "fid": 1793, "gbifID": 3289556360, "occurrenceID": "URN:catalog:CLO:EBIRD:OBS1007299900", "order": "Passeriformes", "family": "Laniidae", "genus": "Lanius", "species": "Lanius cristatus" }, "geometry": { "type": "Point", "coordinates": [ 121.04363, 14.594279 ] } },
{ "type": "Feature", "properties": { "fid": 1794, "gbifID": 4296706804, "occurrenceID": "URN:catalog:CLO:EBIRD:OBS1430311526", "order": "Pelecaniformes", "family": "Ardeidae", "genus": "Egretta", "species": "Egretta intermedia" }, "geometry": { "type": "Point", "coordinates": [ 121.04898, 14.589453 ] } },
{ "type": "Feature", "properties": { "fid": 1795, "gbifID": 3533349391, "occurrenceID": "URN:catalog:CLO:EBIRD:OBS1069482035", "order": "Passeriformes", "family": "Dicaeidae", "genus": "Dicaeum", "species": "Dicaeum australe" }, "geometry": { "type": "Point", "coordinates": [ 121.04677, 14.59694 ] } },
{ "type": "Feature", "properties": { "fid": 1796, "gbifID": 3609374113, "occurrenceID": "URN:catalog:CLO:EBIRD:OBS1092831328", "order": "Passeriformes", "family": "Sturnidae", "genus": "Aplonis", "species": "Aplonis panayensis" }, "geometry": { "type": "Point", "coordinates": [ 121.03964, 14.576538 ] } },
{ "type": "Feature", "properties": { "fid": 1797, "gbifID": 3260772308, "occurrenceID": "URN:catalog:CLO:EBIRD:OBS998236727", "order": "Columbiformes", "family": "Columbidae", "genus": "Geopelia", "species": "Geopelia striata" }, "geometry": { "type": "Point", "coordinates": [ 121.03753, 14.602924 ] } },
{ "type": "Feature", "properties": { "fid": 1799, "gbifID": 3279536522, "occurrenceID": "URN:catalog:CLO:EBIRD:OBS1027283646", "order": "Piciformes", "family": "Picidae", "genus": "Yungipicus", "species": "Yungipicus maculatus" }, "geometry": { "type": "Point", "coordinates": [ 121.03753, 14.602924 ] } },
{ "type": "Feature", "properties": { "fid": 1800, "gbifID": 3610226199, "occurrenceID": "URN:catalog:CLO:EBIRD:OBS1092826417", "order": "Passeriformes", "family": "Passeridae", "genus": "Passer", "species": "Passer montanus" }, "geometry": { "type": "Point", "coordinates": [ 121.03964, 14.576538 ] } },
{ "type": "Feature", "properties": { "fid": 1801, "gbifID": 3595580260, "occurrenceID": "URN:catalog:CLO:EBIRD:OBS1132503811", "order": "Passeriformes", "family": "Oriolidae", "genus": "Oriolus", "species": "Oriolus chinensis" }, "geometry": { "type": "Point", "coordinates": [ 121.040436, 14.605678 ] } },
{ "type": "Feature", "properties": { "fid": 1802, "gbifID": 3563063422, "occurrenceID": "URN:catalog:CLO:EBIRD:OBS1241356545", "order": "Passeriformes", "family": "Zosteropidae", "genus": "Zosterops", "species": "Zosterops meyeni" }, "geometry": { "type": "Point", "coordinates": [ 121.041954, 14.602813 ] } },
{ "type": "Feature", "properties": { "fid": 1803, "gbifID": 5458889497, "occurrenceID": "URN:catalog:CLO:EBIRD:OBS1956776299", "order": "Passeriformes", "family": "Nectariniidae", "genus": "Cinnyris", "species": "Cinnyris jugularis" }, "geometry": { "type": "Point", "coordinates": [ 121.04055, 14.605313 ] } },
{ "type": "Feature", "properties": { "fid": 1804, "gbifID": 4707279675, "occurrenceID": "URN:catalog:CLO:EBIRD:OBS1639025778", "order": "Passeriformes", "family": "Nectariniidae", "genus": "Cinnyris", "species": "Cinnyris jugularis" }, "geometry": { "type": "Point", "coordinates": [ 121.04109, 14.60195 ] } },
{ "type": "Feature", "properties": { "fid": 1805, "gbifID": 3541925565, "occurrenceID": "URN:catalog:CLO:EBIRD:OBS1073190937", "order": "Passeriformes", "family": "Oriolidae", "genus": "Oriolus", "species": "Oriolus chinensis" }, "geometry": { "type": "Point", "coordinates": [ 121.04677, 14.59694 ] } },
{ "type": "Feature", "properties": { "fid": 1806, "gbifID": 3561674852, "occurrenceID": "URN:catalog:CLO:EBIRD:OBS1129098178", "order": "Pelecaniformes", "family": "Ardeidae", "genus": "Egretta", "species": "Egretta garzetta" }, "geometry": { "type": "Point", "coordinates": [ 121.04109, 14.60195 ] } },
{ "type": "Feature", "properties": { "fid": 1807, "gbifID": 3210275333, "occurrenceID": "URN:catalog:CLO:EBIRD:OBS1008206975", "order": "Passeriformes", "family": "Zosteropidae", "genus": "Zosterops", "species": "Zosterops meyeni" }, "geometry": { "type": "Point", "coordinates": [ 121.04898, 14.589453 ] } },
{ "type": "Feature", "properties": { "fid": 1808, "gbifID": 3136069051, "occurrenceID": "URN:catalog:CLO:EBIRD:OBS865790460", "order": "Passeriformes", "family": "Pycnonotidae", "genus": "Pycnonotus", "species": "Pycnonotus goiavier" }, "geometry": { "type": "Point", "coordinates": [ 121.03753, 14.602924 ] } },
{ "type": "Feature", "properties": { "fid": 1809, "gbifID": 3548053804, "occurrenceID": "URN:catalog:CLO:EBIRD:OBS1215786350", "order": "Psittaciformes", "family": "Psittacidae", "genus": "Loriculus", "species": "Loriculus philippensis" }, "geometry": { "type": "Point", "coordinates": [ 121.04307, 14.595008 ] } },
{ "type": "Feature", "properties": { "fid": 1810, "gbifID": 4747269884, "occurrenceID": "URN:catalog:CLO:EBIRD:OBS1609959558", "order": "Passeriformes", "family": "Phylloscopidae", "genus": "Phylloscopus", "species": "Phylloscopus borealis" }, "geometry": { "type": "Point", "coordinates": [ 121.04109, 14.60195 ] } },
{ "type": "Feature", "properties": { "fid": 1812, "gbifID": 4828890928, "occurrenceID": "URN:catalog:CLO:EBIRD:OBS1951651926", "order": "Passeriformes", "family": "Acanthizidae", "genus": "Gerygone", "species": "Gerygone sulphurea" }, "geometry": { "type": "Point", "coordinates": [ 121.03665, 14.589744 ] } },
{ "type": "Feature", "properties": { "fid": 1814, "gbifID": 3683329996, "occurrenceID": "URN:catalog:CLO:EBIRD:OBS1117992335", "order": "Passeriformes", "family": "Passeridae", "genus": "Passer", "species": "Passer montanus" }, "geometry": { "type": "Point", "coordinates": [ 121.04044, 14.606056 ] } },
{ "type": "Feature", "properties": { "fid": 1816, "gbifID": 4684664455, "occurrenceID": "URN:catalog:CLO:EBIRD:OBS1726715788", "order": "Passeriformes", "family": "Passeridae", "genus": "Passer", "species": "Passer montanus" }, "geometry": { "type": "Point", "coordinates": [ 121.04109, 14.60195 ] } },
{ "type": "Feature", "properties": { "fid": 1818, "gbifID": 3591586236, "occurrenceID": "URN:catalog:CLO:EBIRD:OBS1132503810", "order": "Columbiformes", "family": "Columbidae", "genus": "Columba", "species": "Columba livia" }, "geometry": { "type": "Point", "coordinates": [ 121.040436, 14.605678 ] } },
{ "type": "Feature", "properties": { "fid": 1819, "gbifID": 4646143053, "occurrenceID": "URN:catalog:CLO:EBIRD:OBS1651041429", "order": "Apodiformes", "family": "Apodidae", "genus": "Collocalia", "species": "Collocalia marginata" }, "geometry": { "type": "Point", "coordinates": [ 121.05878, 14.588141 ] } },
{ "type": "Feature", "properties": { "fid": 1820, "gbifID": 3670332391, "occurrenceID": "URN:catalog:CLO:EBIRD:OBS1122473261", "order": "Columbiformes", "family": "Columbidae", "genus": "Geopelia", "species": "Geopelia striata" }, "geometry": { "type": "Point", "coordinates": [ 121.038605, 14.603709 ] } },
{ "type": "Feature", "properties": { "fid": 1821, "gbifID": 4287412980, "occurrenceID": "URN:catalog:CLO:EBIRD:OBS1315919618", "order": "Passeriformes", "family": "Nectariniidae", "genus": "Cinnyris", "species": "Cinnyris jugularis" }, "geometry": { "type": "Point", "coordinates": [ 121.041954, 14.602813 ] } },
{ "type": "Feature", "properties": { "fid": 1822, "gbifID": 4238628655, "occurrenceID": "URN:catalog:CLO:EBIRD:OBS1324153262", "order": "Passeriformes", "family": "Acanthizidae", "genus": "Gerygone", "species": "Gerygone sulphurea" }, "geometry": { "type": "Point", "coordinates": [ 121.04307, 14.595008 ] } },
{ "type": "Feature", "properties": { "fid": 1823, "gbifID": 3602117585, "occurrenceID": "URN:catalog:CLO:EBIRD:OBS1117836176", "order": "Passeriformes", "family": "Rhipiduridae", "genus": "Rhipidura", "species": "Rhipidura nigritorquis" }, "geometry": { "type": "Point", "coordinates": [ 121.038605, 14.603709 ] } },
{ "type": "Feature", "properties": { "fid": 1824, "gbifID": 4278561177, "occurrenceID": "URN:catalog:CLO:EBIRD:OBS1591411426", "order": "Passeriformes", "family": "Pycnonotidae", "genus": "Pycnonotus", "species": "Pycnonotus goiavier" }, "geometry": { "type": "Point", "coordinates": [ 121.04109, 14.60195 ] } },
{ "type": "Feature", "properties": { "fid": 1825, "gbifID": 3270102799, "occurrenceID": "URN:catalog:CLO:EBIRD:OBS1011600854", "order": "Columbiformes", "family": "Columbidae", "genus": "Spilopelia", "species": "Spilopelia chinensis" }, "geometry": { "type": "Point", "coordinates": [ 121.03753, 14.602924 ] } },
{ "type": "Feature", "properties": { "fid": 1826, "gbifID": 4291975692, "occurrenceID": "URN:catalog:CLO:EBIRD:OBS1315919485", "order": "Passeriformes", "family": "Motacillidae", "genus": "Motacilla", "species": "Motacilla cinerea" }, "geometry": { "type": "Point", "coordinates": [ 121.04109, 14.60195 ] } },
{ "type": "Feature", "properties": { "fid": 1827, "gbifID": 3572807815, "occurrenceID": "URN:catalog:CLO:EBIRD:OBS1237382189", "order": "Piciformes", "family": "Picidae", "genus": "Yungipicus", "species": "Yungipicus maculatus" }, "geometry": { "type": "Point", "coordinates": [ 121.04307, 14.595008 ] } },
{ "type": "Feature", "properties": { "fid": 1828, "gbifID": 5526620774, "occurrenceID": "URN:catalog:CLO:EBIRD:OBS1951483889", "order": "Passeriformes", "family": "Passeridae", "genus": "Passer", "species": "Passer montanus" }, "geometry": { "type": "Point", "coordinates": [ 121.04774, 14.589665 ] } },
{ "type": "Feature", "properties": { "fid": 1831, "gbifID": 3154789918, "occurrenceID": "URN:catalog:CLO:EBIRD:OBS915795104", "order": "Passeriformes", "family": "Sturnidae", "genus": "Aplonis", "species": "Aplonis panayensis" }, "geometry": { "type": "Point", "coordinates": [ 121.03753, 14.602924 ] } },
{ "type": "Feature", "properties": { "fid": 1832, "gbifID": 4278499466, "occurrenceID": "URN:catalog:CLO:EBIRD:OBS1385753896", "order": "Passeriformes", "family": "Sturnidae", "genus": "Acridotheres", "species": "Acridotheres cristatellus" }, "geometry": { "type": "Point", "coordinates": [ 121.04728, 14.598908 ] } },
{ "type": "Feature", "properties": { "fid": 1833, "gbifID": 5630361438, "occurrenceID": "URN:catalog:CLO:EBIRD:OBS2031188668", "order": "Passeriformes", "family": "Passeridae", "genus": "Passer", "species": "Passer montanus" }, "geometry": { "type": "Point", "coordinates": [ 121.03191, 14.607874 ] } },
{ "type": "Feature", "properties": { "fid": 1834, "gbifID": 4317388012, "occurrenceID": "URN:catalog:CLO:EBIRD:OBS1361347056", "order": "Passeriformes", "family": "Motacillidae", "genus": "Motacilla", "species": "Motacilla cinerea" }, "geometry": { "type": "Point", "coordinates": [ 121.038605, 14.603709 ] } },
{ "type": "Feature", "properties": { "fid": 1835, "gbifID": 3518304577, "occurrenceID": "URN:catalog:CLO:EBIRD:OBS1112488564", "order": "Passeriformes", "family": "Sturnidae", "genus": "Acridotheres", "species": "Acridotheres cristatellus" }, "geometry": { "type": "Point", "coordinates": [ 121.03771, 14.606191 ] } },
{ "type": "Feature", "properties": { "fid": 1836, "gbifID": 4298590963, "occurrenceID": "URN:catalog:CLO:EBIRD:OBS1315916218", "order": "Passeriformes", "family": "Nectariniidae", "genus": "Cinnyris", "species": "Cinnyris jugularis" }, "geometry": { "type": "Point", "coordinates": [ 121.03753, 14.602924 ] } },
{ "type": "Feature", "properties": { "fid": 1837, "gbifID": 4334793636, "occurrenceID": "URN:catalog:CLO:EBIRD:OBS1429752896", "order": "Passeriformes", "family": "Rhipiduridae", "genus": "Rhipidura", "species": "Rhipidura nigritorquis" }, "geometry": { "type": "Point", "coordinates": [ 121.04898, 14.589453 ] } },
{ "type": "Feature", "properties": { "fid": 1838, "gbifID": 3609875978, "occurrenceID": "URN:catalog:CLO:EBIRD:OBS1116026410", "order": "Passeriformes", "family": "Corvidae", "genus": "Corvus", "species": null }, "geometry": { "type": "Point", "coordinates": [ 121.038605, 14.603709 ] } },
{ "type": "Feature", "properties": { "fid": 1839, "gbifID": 4259870099, "occurrenceID": "URN:catalog:CLO:EBIRD:OBS1350512008", "order": "Passeriformes", "family": "Rhipiduridae", "genus": "Rhipidura", "species": "Rhipidura nigritorquis" }, "geometry": { "type": "Point", "coordinates": [ 121.042046, 14.594734 ] } },
{ "type": "Feature", "properties": { "fid": 1840, "gbifID": 3509553283, "occurrenceID": "URN:catalog:CLO:EBIRD:OBS1085779985", "order": "Passeriformes", "family": "Rhipiduridae", "genus": "Rhipidura", "species": "Rhipidura nigritorquis" }, "geometry": { "type": "Point", "coordinates": [ 121.04109, 14.60195 ] } },
{ "type": "Feature", "properties": { "fid": 1841, "gbifID": 3616348236, "occurrenceID": "URN:catalog:CLO:EBIRD:OBS1111255407", "order": "Passeriformes", "family": "Motacillidae", "genus": "Motacilla", "species": "Motacilla cinerea" }, "geometry": { "type": "Point", "coordinates": [ 121.04109, 14.60195 ] } },
{ "type": "Feature", "properties": { "fid": 1842, "gbifID": 3527058491, "occurrenceID": "URN:catalog:CLO:EBIRD:OBS1129098180", "order": "Passeriformes", "family": "Acanthizidae", "genus": "Gerygone", "species": "Gerygone sulphurea" }, "geometry": { "type": "Point", "coordinates": [ 121.04109, 14.60195 ] } },
{ "type": "Feature", "properties": { "fid": 1843, "gbifID": 3662954983, "occurrenceID": "URN:catalog:CLO:EBIRD:OBS1234561850", "order": "Piciformes", "family": "Picidae", "genus": "Yungipicus", "species": "Yungipicus maculatus" }, "geometry": { "type": "Point", "coordinates": [ 121.03771, 14.606191 ] } },
{ "type": "Feature", "properties": { "fid": 1844, "gbifID": 4694136203, "occurrenceID": "URN:catalog:CLO:EBIRD:OBS1780342913", "order": "Passeriformes", "family": "Hirundinidae", "genus": "Hirundo", "species": "Hirundo javanica" }, "geometry": { "type": "Point", "coordinates": [ 121.05715, 14.580761 ] } },
{ "type": "Feature", "properties": { "fid": 1845, "gbifID": 5535341221, "occurrenceID": "URN:catalog:CLO:EBIRD:OBS2431090528", "order": "Pelecaniformes", "family": "Ardeidae", "genus": "Nycticorax", "species": "Nycticorax nycticorax" }, "geometry": { "type": "Point", "coordinates": [ 121.038605, 14.603709 ] } },
{ "type": "Feature", "properties": { "fid": 1846, "gbifID": 5341615227, "occurrenceID": "URN:catalog:CLO:EBIRD:OBS1953202839", "order": "Passeriformes", "family": "Acanthizidae", "genus": "Gerygone", "species": "Gerygone sulphurea" }, "geometry": { "type": "Point", "coordinates": [ 121.04774, 14.589665 ] } },
{ "type": "Feature", "properties": { "fid": 1847, "gbifID": 3184434035, "occurrenceID": "URN:catalog:CLO:EBIRD:OBS978139292", "order": "Passeriformes", "family": "Pycnonotidae", "genus": "Pycnonotus", "species": "Pycnonotus goiavier" }, "geometry": { "type": "Point", "coordinates": [ 121.05856, 14.588318 ] } },
{ "type": "Feature", "properties": { "fid": 1848, "gbifID": 4763137509, "occurrenceID": "URN:catalog:CLO:EBIRD:OBS1721897324", "order": "Passeriformes", "family": "Corvidae", "genus": "Corvus", "species": null }, "geometry": { "type": "Point", "coordinates": [ 121.04898, 14.589453 ] } },
{ "type": "Feature", "properties": { "fid": 1849, "gbifID": 3587512636, "occurrenceID": "URN:catalog:CLO:EBIRD:OBS1073187020", "order": "Psittaciformes", "family": "Psittacidae", "genus": "Loriculus", "species": "Loriculus philippensis" }, "geometry": { "type": "Point", "coordinates": [ 121.04055, 14.605313 ] } },
{ "type": "Feature", "properties": { "fid": 1850, "gbifID": 3509903519, "occurrenceID": "URN:catalog:CLO:EBIRD:OBS1081460642", "order": "Passeriformes", "family": "Passeridae", "genus": "Passer", "species": "Passer montanus" }, "geometry": { "type": "Point", "coordinates": [ 121.04904, 14.589351 ] } },
{ "type": "Feature", "properties": { "fid": 1852, "gbifID": 3612159721, "occurrenceID": "URN:catalog:CLO:EBIRD:OBS1092826418", "order": "Passeriformes", "family": "Sturnidae", "genus": "Aplonis", "species": "Aplonis panayensis" }, "geometry": { "type": "Point", "coordinates": [ 121.03964, 14.576538 ] } },
{ "type": "Feature", "properties": { "fid": 1853, "gbifID": 3648090928, "occurrenceID": "URN:catalog:CLO:EBIRD:OBS1084204192", "order": "Passeriformes", "family": "Passeridae", "genus": "Passer", "species": "Passer montanus" }, "geometry": { "type": "Point", "coordinates": [ 121.03964, 14.576538 ] } },
{ "type": "Feature", "properties": { "fid": 1854, "gbifID": 3524183777, "occurrenceID": "URN:catalog:CLO:EBIRD:OBS1117989313", "order": "Passeriformes", "family": "Dicaeidae", "genus": "Dicaeum", "species": "Dicaeum australe" }, "geometry": { "type": "Point", "coordinates": [ 121.04109, 14.60195 ] } },
{ "type": "Feature", "properties": { "fid": 1855, "gbifID": 4257099884, "occurrenceID": "URN:catalog:CLO:EBIRD:OBS1467264189", "order": "Passeriformes", "family": "Nectariniidae", "genus": "Cinnyris", "species": "Cinnyris jugularis" }, "geometry": { "type": "Point", "coordinates": [ 121.03708, 14.59188 ] } },
{ "type": "Feature", "properties": { "fid": 1856, "gbifID": 4382454700, "occurrenceID": "URN:catalog:CLO:EBIRD:OBS1518646409", "order": "Columbiformes", "family": "Columbidae", "genus": "Spilopelia", "species": "Spilopelia chinensis" }, "geometry": { "type": "Point", "coordinates": [ 121.04677, 14.59694 ] } },
{ "type": "Feature", "properties": { "fid": 1857, "gbifID": 3532478308, "occurrenceID": "URN:catalog:CLO:EBIRD:OBS1200949595", "order": "Piciformes", "family": "Megalaimidae", "genus": "Psilopogon", "species": "Psilopogon haemacephalus" }, "geometry": { "type": "Point", "coordinates": [ 121.03753, 14.602924 ] } },
{ "type": "Feature", "properties": { "fid": 1858, "gbifID": 3561603625, "occurrenceID": "URN:catalog:CLO:EBIRD:OBS1129098176", "order": "Passeriformes", "family": "Nectariniidae", "genus": "Cinnyris", "species": "Cinnyris jugularis" }, "geometry": { "type": "Point", "coordinates": [ 121.04109, 14.60195 ] } },
{ "type": "Feature", "properties": { "fid": 1860, "gbifID": 4790458629, "occurrenceID": "URN:catalog:CLO:EBIRD:OBS1837252362", "order": "Passeriformes", "family": "Laniidae", "genus": "Lanius", "species": "Lanius cristatus" }, "geometry": { "type": "Point", "coordinates": [ 121.05878, 14.588141 ] } },
{ "type": "Feature", "properties": { "fid": 1861, "gbifID": 4756691804, "occurrenceID": "URN:catalog:CLO:EBIRD:OBS1609959561", "order": "Passeriformes", "family": "Laniidae", "genus": "Lanius", "species": "Lanius schach" }, "geometry": { "type": "Point", "coordinates": [ 121.04109, 14.60195 ] } },
{ "type": "Feature", "properties": { "fid": 1862, "gbifID": 3595156447, "occurrenceID": "URN:catalog:CLO:EBIRD:OBS1091761597", "order": "Passeriformes", "family": "Laniidae", "genus": "Lanius", "species": "Lanius cristatus" }, "geometry": { "type": "Point", "coordinates": [ 121.04677, 14.59694 ] } },
{ "type": "Feature", "properties": { "fid": 1863, "gbifID": 3687089732, "occurrenceID": "URN:catalog:CLO:EBIRD:OBS1111246208", "order": "Passeriformes", "family": "Nectariniidae", "genus": "Cinnyris", "species": "Cinnyris jugularis" }, "geometry": { "type": "Point", "coordinates": [ 121.04109, 14.60195 ] } },
{ "type": "Feature", "properties": { "fid": 1864, "gbifID": 4776946918, "occurrenceID": "URN:catalog:CLO:EBIRD:OBS1609959571", "order": "Pelecaniformes", "family": "Ardeidae", "genus": "Egretta", "species": "Egretta garzetta" }, "geometry": { "type": "Point", "coordinates": [ 121.04109, 14.60195 ] } },
{ "type": "Feature", "properties": { "fid": 1866, "gbifID": 3229919418, "occurrenceID": "URN:catalog:CLO:EBIRD:OBS915640003", "order": "Passeriformes", "family": "Campephagidae", "genus": "Lalage", "species": "Lalage nigra" }, "geometry": { "type": "Point", "coordinates": [ 121.03753, 14.602924 ] } },
{ "type": "Feature", "properties": { "fid": 1867, "gbifID": 4817985289, "occurrenceID": "URN:catalog:CLO:EBIRD:OBS1726712713", "order": "Passeriformes", "family": "Pycnonotidae", "genus": "Pycnonotus", "species": "Pycnonotus goiavier" }, "geometry": { "type": "Point", "coordinates": [ 121.04109, 14.60195 ] } },
{ "type": "Feature", "properties": { "fid": 1868, "gbifID": 3557992476, "occurrenceID": "URN:catalog:CLO:EBIRD:OBS1129473863", "order": "Pelecaniformes", "family": "Ardeidae", "genus": "Egretta", "species": "Egretta garzetta" }, "geometry": { "type": "Point", "coordinates": [ 121.04109, 14.60195 ] } },
{ "type": "Feature", "properties": { "fid": 1869, "gbifID": 3677712252, "occurrenceID": "URN:catalog:CLO:EBIRD:OBS1073180556", "order": "Passeriformes", "family": "Dicaeidae", "genus": "Dicaeum", "species": "Dicaeum australe" }, "geometry": { "type": "Point", "coordinates": [ 121.04109, 14.60195 ] } },
{ "type": "Feature", "properties": { "fid": 1870, "gbifID": 4830178092, "occurrenceID": "URN:catalog:CLO:EBIRD:OBS1726712624", "order": "Passeriformes", "family": "Pycnonotidae", "genus": "Pycnonotus", "species": "Pycnonotus goiavier" }, "geometry": { "type": "Point", "coordinates": [ 121.04109, 14.60195 ] } },
{ "type": "Feature", "properties": { "fid": 1871, "gbifID": 5336972302, "occurrenceID": "URN:catalog:CLO:EBIRD:OBS2351968845", "order": "Passeriformes", "family": "Passeridae", "genus": "Passer", "species": "Passer montanus" }, "geometry": { "type": "Point", "coordinates": [ 121.05878, 14.588141 ] } },
{ "type": "Feature", "properties": { "fid": 1872, "gbifID": 3551303697, "occurrenceID": "URN:catalog:CLO:EBIRD:OBS1266508546", "order": "Passeriformes", "family": "Rhipiduridae", "genus": "Rhipidura", "species": "Rhipidura nigritorquis" }, "geometry": { "type": "Point", "coordinates": [ 121.04677, 14.59694 ] } },
{ "type": "Feature", "properties": { "fid": 1873, "gbifID": 3631975638, "occurrenceID": "URN:catalog:CLO:EBIRD:OBS1224433765", "order": "Passeriformes", "family": "Sturnidae", "genus": "Aplonis", "species": "Aplonis panayensis" }, "geometry": { "type": "Point", "coordinates": [ 121.04109, 14.60195 ] } },
{ "type": "Feature", "properties": { "fid": 1874, "gbifID": 4187963837, "occurrenceID": "URN:catalog:CLO:EBIRD:OBS1331009396", "order": "Passeriformes", "family": "Dicaeidae", "genus": "Dicaeum", "species": "Dicaeum australe" }, "geometry": { "type": "Point", "coordinates": [ 121.03753, 14.602924 ] } },
{ "type": "Feature", "properties": { "fid": 1875, "gbifID": 4642788013, "occurrenceID": "URN:catalog:CLO:EBIRD:OBS1956762788", "order": "Coraciiformes", "family": "Alcedinidae", "genus": "Alcedo", "species": "Alcedo atthis" }, "geometry": { "type": "Point", "coordinates": [ 121.04055, 14.605313 ] } },
{ "type": "Feature", "properties": { "fid": 1876, "gbifID": 5393925233, "occurrenceID": "URN:catalog:CLO:EBIRD:OBS2540234727", "order": "Pelecaniformes", "family": "Ardeidae", "genus": "Egretta", "species": "Egretta garzetta" }, "geometry": { "type": "Point", "coordinates": [ 121.04109, 14.60195 ] } },
{ "type": "Feature", "properties": { "fid": 1878, "gbifID": 4693174679, "occurrenceID": "URN:catalog:CLO:EBIRD:OBS1632529950", "order": "Columbiformes", "family": "Columbidae", "genus": "Geopelia", "species": "Geopelia striata" }, "geometry": { "type": "Point", "coordinates": [ 121.04139, 14.603972 ] } },
{ "type": "Feature", "properties": { "fid": 1879, "gbifID": 3552090121, "occurrenceID": "URN:catalog:CLO:EBIRD:OBS1129473867", "order": "Passeriformes", "family": "Sturnidae", "genus": "Aplonis", "species": "Aplonis panayensis" }, "geometry": { "type": "Point", "coordinates": [ 121.038605, 14.603709 ] } },
{ "type": "Feature", "properties": { "fid": 1881, "gbifID": 3539885789, "occurrenceID": "URN:catalog:CLO:EBIRD:OBS1266508552", "order": "Passeriformes", "family": "Pycnonotidae", "genus": "Pycnonotus", "species": "Pycnonotus goiavier" }, "geometry": { "type": "Point", "coordinates": [ 121.04677, 14.59694 ] } },
{ "type": "Feature", "properties": { "fid": 1882, "gbifID": 4374077275, "occurrenceID": "URN:catalog:CLO:EBIRD:OBS1385753898", "order": "Apodiformes", "family": "Apodidae", "genus": "Collocalia", "species": "Collocalia marginata" }, "geometry": { "type": "Point", "coordinates": [ 121.04728, 14.598908 ] } },
{ "type": "Feature", "properties": { "fid": 1883, "gbifID": 4291451760, "occurrenceID": "URN:catalog:CLO:EBIRD:OBS1313293449", "order": "Passeriformes", "family": "Rhipiduridae", "genus": "Rhipidura", "species": "Rhipidura nigritorquis" }, "geometry": { "type": "Point", "coordinates": [ 121.04044, 14.606056 ] } },
{ "type": "Feature", "properties": { "fid": 1884, "gbifID": 4202361417, "occurrenceID": "URN:catalog:CLO:EBIRD:OBS1329314376", "order": "Passeriformes", "family": "Zosteropidae", "genus": "Zosterops", "species": "Zosterops meyeni" }, "geometry": { "type": "Point", "coordinates": [ 121.04553, 14.597787 ] } },
{ "type": "Feature", "properties": { "fid": 1885, "gbifID": 5563642180, "occurrenceID": "URN:catalog:CLO:EBIRD:OBS1951483894", "order": "Passeriformes", "family": "Pycnonotidae", "genus": "Pycnonotus", "species": "Pycnonotus goiavier" }, "geometry": { "type": "Point", "coordinates": [ 121.04774, 14.589665 ] } },
{ "type": "Feature", "properties": { "fid": 1886, "gbifID": 3640624441, "occurrenceID": "URN:catalog:CLO:EBIRD:OBS1082880915", "order": "Passeriformes", "family": "Campephagidae", "genus": "Lalage", "species": "Lalage nigra" }, "geometry": { "type": "Point", "coordinates": [ 121.04677, 14.59694 ] } },
{ "type": "Feature", "properties": { "fid": 1887, "gbifID": 3511730838, "occurrenceID": "URN:catalog:CLO:EBIRD:OBS1085779984", "order": "Passeriformes", "family": "Pycnonotidae", "genus": "Pycnonotus", "species": "Pycnonotus goiavier" }, "geometry": { "type": "Point", "coordinates": [ 121.04109, 14.60195 ] } },
{ "type": "Feature", "properties": { "fid": 1888, "gbifID": 5523191043, "occurrenceID": "URN:catalog:CLO:EBIRD:OBS2485294676", "order": "Passeriformes", "family": "Pycnonotidae", "genus": "Pycnonotus", "species": "Pycnonotus goiavier" }, "geometry": { "type": "Point", "coordinates": [ 121.05861, 14.587981 ] } },
{ "type": "Feature", "properties": { "fid": 1889, "gbifID": 3689505653, "occurrenceID": "URN:catalog:CLO:EBIRD:OBS1267079748", "order": "Passeriformes", "family": "Corvidae", "genus": "Corvus", "species": null }, "geometry": { "type": "Point", "coordinates": [ 121.041954, 14.602813 ] } },
{ "type": "Feature", "properties": { "fid": 1890, "gbifID": 4646768173, "occurrenceID": "URN:catalog:CLO:EBIRD:OBS1726712702", "order": "Passeriformes", "family": "Campephagidae", "genus": "Lalage", "species": "Lalage nigra" }, "geometry": { "type": "Point", "coordinates": [ 121.04109, 14.60195 ] } },
{ "type": "Feature", "properties": { "fid": 1891, "gbifID": 3599635197, "occurrenceID": "URN:catalog:CLO:EBIRD:OBS1099635233", "order": "Columbiformes", "family": "Columbidae", "genus": "Spilopelia", "species": "Spilopelia chinensis" }, "geometry": { "type": "Point", "coordinates": [ 121.04109, 14.60195 ] } },
{ "type": "Feature", "properties": { "fid": 1892, "gbifID": 3633864285, "occurrenceID": "URN:catalog:CLO:EBIRD:OBS1241367926", "order": "Passeriformes", "family": "Acanthizidae", "genus": "Gerygone", "species": "Gerygone sulphurea" }, "geometry": { "type": "Point", "coordinates": [ 121.041954, 14.602813 ] } },
{ "type": "Feature", "properties": { "fid": 1895, "gbifID": 4657847181, "occurrenceID": "URN:catalog:CLO:EBIRD:OBS1737370501", "order": "Gruiformes", "family": "Rallidae", "genus": "Gallirallus", "species": "Gallirallus torquatus" }, "geometry": { "type": "Point", "coordinates": [ 121.04898, 14.589453 ] } },
{ "type": "Feature", "properties": { "fid": 1896, "gbifID": 3648806335, "occurrenceID": "URN:catalog:CLO:EBIRD:OBS1278134617", "order": "Passeriformes", "family": "Pycnonotidae", "genus": "Pycnonotus", "species": "Pycnonotus goiavier" }, "geometry": { "type": "Point", "coordinates": [ 121.04109, 14.60195 ] } },
{ "type": "Feature", "properties": { "fid": 1897, "gbifID": 5302584147, "occurrenceID": "URN:catalog:CLO:EBIRD:OBS1956772184", "order": "Passeriformes", "family": "Hirundinidae", "genus": "Hirundo", "species": "Hirundo javanica" }, "geometry": { "type": "Point", "coordinates": [ 121.03753, 14.602924 ] } },
{ "type": "Feature", "properties": { "fid": 1898, "gbifID": 4794034246, "occurrenceID": "URN:catalog:CLO:EBIRD:OBS1639025770", "order": "Passeriformes", "family": "Corvidae", "genus": "Corvus", "species": null }, "geometry": { "type": "Point", "coordinates": [ 121.04109, 14.60195 ] } },
{ "type": "Feature", "properties": { "fid": 1899, "gbifID": 4307541641, "occurrenceID": "URN:catalog:CLO:EBIRD:OBS1323151396", "order": "Passeriformes", "family": "Laniidae", "genus": "Lanius", "species": "Lanius cristatus" }, "geometry": { "type": "Point", "coordinates": [ 121.04109, 14.60195 ] } },
{ "type": "Feature", "properties": { "fid": 1900, "gbifID": 3226509010, "occurrenceID": "URN:catalog:CLO:EBIRD:OBS865788033", "order": "Passeriformes", "family": "Laniidae", "genus": "Lanius", "species": "Lanius cristatus" }, "geometry": { "type": "Point", "coordinates": [ 121.03753, 14.602924 ] } },
{ "type": "Feature", "properties": { "fid": 1901, "gbifID": 4618442451, "occurrenceID": "URN:catalog:CLO:EBIRD:OBS1837039404", "order": "Passeriformes", "family": "Sturnidae", "genus": "Aplonis", "species": "Aplonis panayensis" }, "geometry": { "type": "Point", "coordinates": [ 121.05878, 14.588141 ] } },
{ "type": "Feature", "properties": { "fid": 1902, "gbifID": 5681141441, "occurrenceID": "URN:catalog:CLO:EBIRD:OBS1980598997", "order": "Passeriformes", "family": "Dicaeidae", "genus": "Dicaeum", "species": "Dicaeum australe" }, "geometry": { "type": "Point", "coordinates": [ 121.04055, 14.605313 ] } },
{ "type": "Feature", "properties": { "fid": 1903, "gbifID": 4190172867, "occurrenceID": "URN:catalog:CLO:EBIRD:OBS1331009388", "order": "Passeriformes", "family": "Sturnidae", "genus": "Aplonis", "species": "Aplonis panayensis" }, "geometry": { "type": "Point", "coordinates": [ 121.03753, 14.602924 ] } },
{ "type": "Feature", "properties": { "fid": 1904, "gbifID": 4195545380, "occurrenceID": "URN:catalog:CLO:EBIRD:OBS1323152450", "order": "Passeriformes", "family": "Oriolidae", "genus": "Oriolus", "species": "Oriolus chinensis" }, "geometry": { "type": "Point", "coordinates": [ 121.04109, 14.60195 ] } },
{ "type": "Feature", "properties": { "fid": 1905, "gbifID": 4327886113, "occurrenceID": "URN:catalog:CLO:EBIRD:OBS1329314379", "order": "Passeriformes", "family": "Laniidae", "genus": "Lanius", "species": "Lanius cristatus" }, "geometry": { "type": "Point", "coordinates": [ 121.04553, 14.597787 ] } },
{ "type": "Feature", "properties": { "fid": 1907, "gbifID": 4710301558, "occurrenceID": "URN:catalog:CLO:EBIRD:OBS1800847852", "order": "Passeriformes", "family": "Zosteropidae", "genus": "Zosterops", "species": "Zosterops meyeni" }, "geometry": { "type": "Point", "coordinates": [ 121.03753, 14.602924 ] } },
{ "type": "Feature", "properties": { "fid": 1909, "gbifID": 3647541016, "occurrenceID": "URN:catalog:CLO:EBIRD:OBS1216850775", "order": "Passeriformes", "family": "Pycnonotidae", "genus": "Pycnonotus", "species": "Pycnonotus goiavier" }, "geometry": { "type": "Point", "coordinates": [ 121.04109, 14.60195 ] } },
{ "type": "Feature", "properties": { "fid": 1910, "gbifID": 3649095004, "occurrenceID": "URN:catalog:CLO:EBIRD:OBS1073180984", "order": "Passeriformes", "family": "Hirundinidae", "genus": "Hirundo", "species": "Hirundo javanica" }, "geometry": { "type": "Point", "coordinates": [ 121.051506, 14.603355 ] } },
{ "type": "Feature", "properties": { "fid": 1911, "gbifID": 3673002384, "occurrenceID": "URN:catalog:CLO:EBIRD:OBS1117832742", "order": "Passeriformes", "family": "Passeridae", "genus": "Passer", "species": "Passer montanus" }, "geometry": { "type": "Point", "coordinates": [ 121.04044, 14.606056 ] } },
{ "type": "Feature", "properties": { "fid": 1912, "gbifID": 4659889384, "occurrenceID": "URN:catalog:CLO:EBIRD:OBS1726712612", "order": "Columbiformes", "family": "Columbidae", "genus": "Geopelia", "species": "Geopelia striata" }, "geometry": { "type": "Point", "coordinates": [ 121.04109, 14.60195 ] } },
{ "type": "Feature", "properties": { "fid": 1913, "gbifID": 3623196131, "occurrenceID": "URN:catalog:CLO:EBIRD:OBS1117792191", "order": "Passeriformes", "family": "Oriolidae", "genus": "Oriolus", "species": "Oriolus chinensis" }, "geometry": { "type": "Point", "coordinates": [ 121.04109, 14.60195 ] } },
{ "type": "Feature", "properties": { "fid": 1914, "gbifID": 3261289171, "occurrenceID": "URN:catalog:CLO:EBIRD:OBS1011600856", "order": "Passeriformes", "family": "Passeridae", "genus": "Passer", "species": "Passer montanus" }, "geometry": { "type": "Point", "coordinates": [ 121.03753, 14.602924 ] } },
{ "type": "Feature", "properties": { "fid": 1916, "gbifID": 4638615871, "occurrenceID": "URN:catalog:CLO:EBIRD:OBS1726712708", "order": "Passeriformes", "family": "Corvidae", "genus": "Corvus", "species": null }, "geometry": { "type": "Point", "coordinates": [ 121.04109, 14.60195 ] } },
{ "type": "Feature", "properties": { "fid": 1918, "gbifID": 5613040233, "occurrenceID": "URN:catalog:CLO:EBIRD:OBS2414893832", "order": "Passeriformes", "family": "Rhipiduridae", "genus": "Rhipidura", "species": "Rhipidura nigritorquis" }, "geometry": { "type": "Point", "coordinates": [ 121.05601, 14.603744 ] } },
{ "type": "Feature", "properties": { "fid": 1919, "gbifID": 3238460532, "occurrenceID": "URN:catalog:CLO:EBIRD:OBS915635958", "order": "Passeriformes", "family": "Passeridae", "genus": "Passer", "species": "Passer montanus" }, "geometry": { "type": "Point", "coordinates": [ 121.03753, 14.602924 ] } },
{ "type": "Feature", "properties": { "fid": 1920, "gbifID": 3513663875, "occurrenceID": "URN:catalog:CLO:EBIRD:OBS1083433229", "order": "Passeriformes", "family": "Pycnonotidae", "genus": "Pycnonotus", "species": "Pycnonotus goiavier" }, "geometry": { "type": "Point", "coordinates": [ 121.051506, 14.603355 ] } },
{ "type": "Feature", "properties": { "fid": 1921, "gbifID": 3511581831, "occurrenceID": "URN:catalog:CLO:EBIRD:OBS1098562099", "order": "Passeriformes", "family": "Oriolidae", "genus": "Oriolus", "species": "Oriolus chinensis" }, "geometry": { "type": "Point", "coordinates": [ 121.04677, 14.59694 ] } },
{ "type": "Feature", "properties": { "fid": 1922, "gbifID": 3660583341, "occurrenceID": "URN:catalog:CLO:EBIRD:OBS1242468435", "order": "Gruiformes", "family": "Rallidae", "genus": "Amaurornis", "species": "Amaurornis phoenicurus" }, "geometry": { "type": "Point", "coordinates": [ 121.04109, 14.60195 ] } },
{ "type": "Feature", "properties": { "fid": 1924, "gbifID": 3530462849, "occurrenceID": "URN:catalog:CLO:EBIRD:OBS1054332207", "order": "Passeriformes", "family": "Nectariniidae", "genus": "Cinnyris", "species": "Cinnyris jugularis" }, "geometry": { "type": "Point", "coordinates": [ 121.03753, 14.602924 ] } },
{ "type": "Feature", "properties": { "fid": 1925, "gbifID": 5440075797, "occurrenceID": "URN:catalog:CLO:EBIRD:OBS2737179478", "order": "Passeriformes", "family": "Sturnidae", "genus": "Aplonis", "species": "Aplonis panayensis" }, "geometry": { "type": "Point", "coordinates": [ 121.03034, 14.611185 ] } },
{ "type": "Feature", "properties": { "fid": 1926, "gbifID": 3632759058, "occurrenceID": "URN:catalog:CLO:EBIRD:OBS1222162992", "order": "Columbiformes", "family": "Columbidae", "genus": "Geopelia", "species": "Geopelia striata" }, "geometry": { "type": "Point", "coordinates": [ 121.04728, 14.598908 ] } },
{ "type": "Feature", "properties": { "fid": 1927, "gbifID": 3641017293, "occurrenceID": "URN:catalog:CLO:EBIRD:OBS1220882743", "order": "Passeriformes", "family": "Sturnidae", "genus": "Acridotheres", "species": "Acridotheres cristatellus" }, "geometry": { "type": "Point", "coordinates": [ 121.04728, 14.598908 ] } },
{ "type": "Feature", "properties": { "fid": 1928, "gbifID": 4198193271, "occurrenceID": "URN:catalog:CLO:EBIRD:OBS1361347060", "order": "Passeriformes", "family": "Nectariniidae", "genus": "Cinnyris", "species": "Cinnyris jugularis" }, "geometry": { "type": "Point", "coordinates": [ 121.038605, 14.603709 ] } },
{ "type": "Feature", "properties": { "fid": 1929, "gbifID": 3572576955, "occurrenceID": "URN:catalog:CLO:EBIRD:OBS1215786348", "order": "Passeriformes", "family": "Acanthizidae", "genus": "Gerygone", "species": "Gerygone sulphurea" }, "geometry": { "type": "Point", "coordinates": [ 121.04307, 14.595008 ] } },
{ "type": "Feature", "properties": { "fid": 1930, "gbifID": 4759013810, "occurrenceID": "URN:catalog:CLO:EBIRD:OBS1726712621", "order": "Pelecaniformes", "family": "Ardeidae", "genus": "Nycticorax", "species": "Nycticorax nycticorax" }, "geometry": { "type": "Point", "coordinates": [ 121.04109, 14.60195 ] } },
{ "type": "Feature", "properties": { "fid": 1931, "gbifID": 3675429913, "occurrenceID": "URN:catalog:CLO:EBIRD:OBS1073182831", "order": "Passeriformes", "family": "Rhipiduridae", "genus": "Rhipidura", "species": "Rhipidura nigritorquis" }, "geometry": { "type": "Point", "coordinates": [ 121.04109, 14.60195 ] } },
{ "type": "Feature", "properties": { "fid": 1932, "gbifID": 4362034405, "occurrenceID": "URN:catalog:CLO:EBIRD:OBS1474633456", "order": "Passeriformes", "family": "Passeridae", "genus": "Passer", "species": "Passer montanus" }, "geometry": { "type": "Point", "coordinates": [ 121.03708, 14.59188 ] } },
{ "type": "Feature", "properties": { "fid": 1933, "gbifID": 3597613517, "occurrenceID": "URN:catalog:CLO:EBIRD:OBS1103447744", "order": "Gruiformes", "family": "Rallidae", "genus": "Amaurornis", "species": "Amaurornis phoenicurus" }, "geometry": { "type": "Point", "coordinates": [ 121.04109, 14.60195 ] } },
{ "type": "Feature", "properties": { "fid": 1934, "gbifID": 3648842720, "occurrenceID": "URN:catalog:CLO:EBIRD:OBS1267078240", "order": "Passeriformes", "family": "Zosteropidae", "genus": "Zosterops", "species": "Zosterops meyeni" }, "geometry": { "type": "Point", "coordinates": [ 121.041954, 14.602813 ] } },
{ "type": "Feature", "properties": { "fid": 1935, "gbifID": 4798120338, "occurrenceID": "URN:catalog:CLO:EBIRD:OBS1853007222", "order": "Passeriformes", "family": "Sturnidae", "genus": "Aplonis", "species": "Aplonis panayensis" }, "geometry": { "type": "Point", "coordinates": [ 121.05878, 14.588141 ] } },
{ "type": "Feature", "properties": { "fid": 1936, "gbifID": 3679712068, "occurrenceID": "URN:catalog:CLO:EBIRD:OBS1102780589", "order": "Columbiformes", "family": "Columbidae", "genus": "Geopelia", "species": "Geopelia striata" }, "geometry": { "type": "Point", "coordinates": [ 121.04109, 14.60195 ] } },
{ "type": "Feature", "properties": { "fid": 1937, "gbifID": 5376414235, "occurrenceID": "URN:catalog:CLO:EBIRD:OBS2220359429", "order": "Passeriformes", "family": "Rhipiduridae", "genus": "Rhipidura", "species": "Rhipidura nigritorquis" }, "geometry": { "type": "Point", "coordinates": [ 121.0307, 14.605167 ] } },
{ "type": "Feature", "properties": { "fid": 1938, "gbifID": 4314532120, "occurrenceID": "URN:catalog:CLO:EBIRD:OBS1357342919", "order": "Passeriformes", "family": "Pycnonotidae", "genus": "Pycnonotus", "species": "Pycnonotus goiavier" }, "geometry": { "type": "Point", "coordinates": [ 121.04363, 14.594279 ] } },
{ "type": "Feature", "properties": { "fid": 1939, "gbifID": 4778427169, "occurrenceID": "URN:catalog:CLO:EBIRD:OBS1632529949", "order": "Passeriformes", "family": "Pycnonotidae", "genus": "Pycnonotus", "species": "Pycnonotus goiavier" }, "geometry": { "type": "Point", "coordinates": [ 121.04139, 14.603972 ] } },
{ "type": "Feature", "properties": { "fid": 1940, "gbifID": 3245232509, "occurrenceID": "URN:catalog:CLO:EBIRD:OBS848445251", "order": "Charadriiformes", "family": "Laridae", "genus": "Chlidonias", "species": "Chlidonias hybrida" }, "geometry": { "type": "Point", "coordinates": [ 121.04612, 14.568563 ] } },
{ "type": "Feature", "properties": { "fid": 1941, "gbifID": 3517007387, "occurrenceID": "URN:catalog:CLO:EBIRD:OBS1111248995", "order": "Passeriformes", "family": "Nectariniidae", "genus": "Cinnyris", "species": "Cinnyris jugularis" }, "geometry": { "type": "Point", "coordinates": [ 121.04109, 14.60195 ] } },
{ "type": "Feature", "properties": { "fid": 1942, "gbifID": 3601114580, "occurrenceID": "URN:catalog:CLO:EBIRD:OBS1233303393", "order": "Passeriformes", "family": "Rhipiduridae", "genus": "Rhipidura", "species": "Rhipidura nigritorquis" }, "geometry": { "type": "Point", "coordinates": [ 121.041954, 14.602813 ] } },
{ "type": "Feature", "properties": { "fid": 1944, "gbifID": 3514756548, "occurrenceID": "URN:catalog:CLO:EBIRD:OBS1073368671", "order": "Coraciiformes", "family": "Alcedinidae", "genus": "Todiramphus", "species": "Todiramphus chloris" }, "geometry": { "type": "Point", "coordinates": [ 121.04677, 14.59694 ] } },
{ "type": "Feature", "properties": { "fid": 1945, "gbifID": 3682591318, "occurrenceID": "URN:catalog:CLO:EBIRD:OBS1117992361", "order": "Pelecaniformes", "family": "Ardeidae", "genus": "Egretta", "species": "Egretta garzetta" }, "geometry": { "type": "Point", "coordinates": [ 121.04109, 14.60195 ] } },
{ "type": "Feature", "properties": { "fid": 1946, "gbifID": 3621753314, "occurrenceID": "URN:catalog:CLO:EBIRD:OBS1095329832", "order": "Passeriformes", "family": "Passeridae", "genus": "Passer", "species": "Passer montanus" }, "geometry": { "type": "Point", "coordinates": [ 121.03964, 14.576538 ] } },
{ "type": "Feature", "properties": { "fid": 1947, "gbifID": 4768945775, "occurrenceID": "URN:catalog:CLO:EBIRD:OBS1633569816", "order": "Passeriformes", "family": "Passeridae", "genus": "Passer", "species": "Passer montanus" }, "geometry": { "type": "Point", "coordinates": [ 121.04015, 14.605008 ] } },
{ "type": "Feature", "properties": { "fid": 1948, "gbifID": 5525308837, "occurrenceID": "URN:catalog:CLO:EBIRD:OBS1980599001", "order": "Passeriformes", "family": "Sturnidae", "genus": "Aplonis", "species": "Aplonis panayensis" }, "geometry": { "type": "Point", "coordinates": [ 121.04055, 14.605313 ] } },
{ "type": "Feature", "properties": { "fid": 1949, "gbifID": 4317919828, "occurrenceID": "URN:catalog:CLO:EBIRD:OBS1313293447", "order": "Passeriformes", "family": "Oriolidae", "genus": "Oriolus", "species": "Oriolus chinensis" }, "geometry": { "type": "Point", "coordinates": [ 121.04044, 14.606056 ] } },
{ "type": "Feature", "properties": { "fid": 1950, "gbifID": 3241473839, "occurrenceID": "URN:catalog:CLO:EBIRD:OBS845949799", "order": "Passeriformes", "family": "Zosteropidae", "genus": "Zosterops", "species": "Zosterops meyeni" }, "geometry": { "type": "Point", "coordinates": [ 121.03753, 14.602924 ] } },
{ "type": "Feature", "properties": { "fid": 1951, "gbifID": 3505165168, "occurrenceID": "URN:catalog:CLO:EBIRD:OBS1054332210", "order": "Columbiformes", "family": "Columbidae", "genus": "Geopelia", "species": "Geopelia striata" }, "geometry": { "type": "Point", "coordinates": [ 121.03753, 14.602924 ] } },
{ "type": "Feature", "properties": { "fid": 1952, "gbifID": 4783138430, "occurrenceID": "URN:catalog:CLO:EBIRD:OBS1800847860", "order": "Piciformes", "family": "Picidae", "genus": "Yungipicus", "species": "Yungipicus maculatus" }, "geometry": { "type": "Point", "coordinates": [ 121.03753, 14.602924 ] } },
{ "type": "Feature", "properties": { "fid": 1953, "gbifID": 4327324584, "occurrenceID": "URN:catalog:CLO:EBIRD:OBS1361347062", "order": "Columbiformes", "family": "Columbidae", "genus": "Columba", "species": "Columba livia" }, "geometry": { "type": "Point", "coordinates": [ 121.038605, 14.603709 ] } },
{ "type": "Feature", "properties": { "fid": 1954, "gbifID": 5642421628, "occurrenceID": "URN:catalog:CLO:EBIRD:OBS1956776301", "order": "Passeriformes", "family": "Rhipiduridae", "genus": "Rhipidura", "species": "Rhipidura nigritorquis" }, "geometry": { "type": "Point", "coordinates": [ 121.04055, 14.605313 ] } },
{ "type": "Feature", "properties": { "fid": 1955, "gbifID": 3654926812, "occurrenceID": "URN:catalog:CLO:EBIRD:OBS1219817915", "order": "Passeriformes", "family": "Rhipiduridae", "genus": "Rhipidura", "species": "Rhipidura nigritorquis" }, "geometry": { "type": "Point", "coordinates": [ 121.04728, 14.598908 ] } },
{ "type": "Feature", "properties": { "fid": 1956, "gbifID": 4254986842, "occurrenceID": "URN:catalog:CLO:EBIRD:OBS1385753890", "order": "Apodiformes", "family": "Apodidae", "genus": "Aerodramus", "species": "Aerodramus amelis" }, "geometry": { "type": "Point", "coordinates": [ 121.04728, 14.598908 ] } },
{ "type": "Feature", "properties": { "fid": 1958, "gbifID": 3591017571, "occurrenceID": "URN:catalog:CLO:EBIRD:OBS1103447742", "order": "Passeriformes", "family": "Acanthizidae", "genus": "Gerygone", "species": "Gerygone sulphurea" }, "geometry": { "type": "Point", "coordinates": [ 121.04109, 14.60195 ] } },
{ "type": "Feature", "properties": { "fid": 1959, "gbifID": 3536492329, "occurrenceID": "URN:catalog:CLO:EBIRD:OBS1251709965", "order": "Passeriformes", "family": "Pycnonotidae", "genus": "Pycnonotus", "species": "Pycnonotus goiavier" }, "geometry": { "type": "Point", "coordinates": [ 121.041954, 14.602813 ] } },
{ "type": "Feature", "properties": { "fid": 1960, "gbifID": 3660728727, "occurrenceID": "URN:catalog:CLO:EBIRD:OBS1278134620", "order": "Passeriformes", "family": "Dicaeidae", "genus": "Dicaeum", "species": "Dicaeum australe" }, "geometry": { "type": "Point", "coordinates": [ 121.04109, 14.60195 ] } },
{ "type": "Feature", "properties": { "fid": 1961, "gbifID": 3294790254, "occurrenceID": "URN:catalog:CLO:EBIRD:OBS1004885099", "order": "Columbiformes", "family": "Columbidae", "genus": "Geopelia", "species": "Geopelia striata" }, "geometry": { "type": "Point", "coordinates": [ 121.03753, 14.602924 ] } },
{ "type": "Feature", "properties": { "fid": 1962, "gbifID": 3515426978, "occurrenceID": "URN:catalog:CLO:EBIRD:OBS1080841861", "order": "Passeriformes", "family": "Hirundinidae", "genus": "Hirundo", "species": "Hirundo rustica" }, "geometry": { "type": "Point", "coordinates": [ 121.03964, 14.576538 ] } },
{ "type": "Feature", "properties": { "fid": 1963, "gbifID": 3649926072, "occurrenceID": "URN:catalog:CLO:EBIRD:OBS1219817914", "order": "Passeriformes", "family": "Pycnonotidae", "genus": "Pycnonotus", "species": "Pycnonotus goiavier" }, "geometry": { "type": "Point", "coordinates": [ 121.04728, 14.598908 ] } },
{ "type": "Feature", "properties": { "fid": 1964, "gbifID": 4656740383, "occurrenceID": "URN:catalog:CLO:EBIRD:OBS1597543448", "order": "Passeriformes", "family": "Dicaeidae", "genus": "Dicaeum", "species": "Dicaeum australe" }, "geometry": { "type": "Point", "coordinates": [ 121.039185, 14.601851 ] } },
{ "type": "Feature", "properties": { "fid": 1965, "gbifID": 4730214892, "occurrenceID": "URN:catalog:CLO:EBIRD:OBS1609959572", "order": "Passeriformes", "family": "Acanthizidae", "genus": "Gerygone", "species": "Gerygone sulphurea" }, "geometry": { "type": "Point", "coordinates": [ 121.04109, 14.60195 ] } },
{ "type": "Feature", "properties": { "fid": 1966, "gbifID": 3687503325, "occurrenceID": "URN:catalog:CLO:EBIRD:OBS1117992355", "order": "Passeriformes", "family": "Estrildidae", "genus": "Lonchura", "species": "Lonchura punctulata" }, "geometry": { "type": "Point", "coordinates": [ 121.04109, 14.60195 ] } },
{ "type": "Feature", "properties": { "fid": 1967, "gbifID": 3651088715, "occurrenceID": "URN:catalog:CLO:EBIRD:OBS1267078232", "order": "Passeriformes", "family": "Oriolidae", "genus": "Oriolus", "species": "Oriolus chinensis" }, "geometry": { "type": "Point", "coordinates": [ 121.041954, 14.602813 ] } },
{ "type": "Feature", "properties": { "fid": 1968, "gbifID": 4632588426, "occurrenceID": "URN:catalog:CLO:EBIRD:OBS1726712628", "order": "Psittaciformes", "family": "Psittacidae", "genus": "Loriculus", "species": "Loriculus philippensis" }, "geometry": { "type": "Point", "coordinates": [ 121.04109, 14.60195 ] } },
{ "type": "Feature", "properties": { "fid": 1969, "gbifID": 4674975171, "occurrenceID": "URN:catalog:CLO:EBIRD:OBS1835246918", "order": "Passeriformes", "family": "Passeridae", "genus": "Passer", "species": "Passer montanus" }, "geometry": { "type": "Point", "coordinates": [ 121.03081, 14.60444 ] } },
{ "type": "Feature", "properties": { "fid": 1970, "gbifID": 5649710345, "occurrenceID": "URN:catalog:CLO:EBIRD:OBS1956773898", "order": "Passeriformes", "family": "Motacillidae", "genus": "Motacilla", "species": "Motacilla cinerea" }, "geometry": { "type": "Point", "coordinates": [ 121.04055, 14.605313 ] } },
{ "type": "Feature", "properties": { "fid": 1971, "gbifID": 3248474850, "occurrenceID": "URN:catalog:CLO:EBIRD:OBS917425579", "order": "Passeriformes", "family": "Oriolidae", "genus": "Oriolus", "species": "Oriolus chinensis" }, "geometry": { "type": "Point", "coordinates": [ 121.0311, 14.586659 ] } },
{ "type": "Feature", "properties": { "fid": 1972, "gbifID": 4618908427, "occurrenceID": "URN:catalog:CLO:EBIRD:OBS1726712619", "order": "Passeriformes", "family": "Corvidae", "genus": "Corvus", "species": null }, "geometry": { "type": "Point", "coordinates": [ 121.04109, 14.60195 ] } },
{ "type": "Feature", "properties": { "fid": 1973, "gbifID": 3588456025, "occurrenceID": "URN:catalog:CLO:EBIRD:OBS1091761601", "order": "Passeriformes", "family": "Muscicapidae", "genus": "Copsychus", "species": "Copsychus mindanensis" }, "geometry": { "type": "Point", "coordinates": [ 121.04677, 14.59694 ] } },
{ "type": "Feature", "properties": { "fid": 1974, "gbifID": 3544858673, "occurrenceID": "URN:catalog:CLO:EBIRD:OBS1251715624", "order": "Columbiformes", "family": "Columbidae", "genus": "Columba", "species": "Columba livia" }, "geometry": { "type": "Point", "coordinates": [ 121.041954, 14.602813 ] } },
{ "type": "Feature", "properties": { "fid": 1975, "gbifID": 4269558793, "occurrenceID": "URN:catalog:CLO:EBIRD:OBS1350512005", "order": "Passeriformes", "family": "Zosteropidae", "genus": "Zosterops", "species": "Zosterops meyeni" }, "geometry": { "type": "Point", "coordinates": [ 121.042046, 14.594734 ] } },
{ "type": "Feature", "properties": { "fid": 1976, "gbifID": 3268266318, "occurrenceID": "URN:catalog:CLO:EBIRD:OBS1002671441", "order": "Passeriformes", "family": "Nectariniidae", "genus": "Cinnyris", "species": "Cinnyris jugularis" }, "geometry": { "type": "Point", "coordinates": [ 121.03753, 14.602924 ] } },
{ "type": "Feature", "properties": { "fid": 1977, "gbifID": 3683338177, "occurrenceID": "URN:catalog:CLO:EBIRD:OBS1117992364", "order": "Columbiformes", "family": "Columbidae", "genus": "Spilopelia", "species": "Spilopelia chinensis" }, "geometry": { "type": "Point", "coordinates": [ 121.04109, 14.60195 ] } },
{ "type": "Feature", "properties": { "fid": 1978, "gbifID": 3670261529, "occurrenceID": "URN:catalog:CLO:EBIRD:OBS1121865203", "order": "Passeriformes", "family": "Nectariniidae", "genus": "Cinnyris", "species": "Cinnyris jugularis" }, "geometry": { "type": "Point", "coordinates": [ 121.02639, 14.606391 ] } },
{ "type": "Feature", "properties": { "fid": 1979, "gbifID": 4202405194, "occurrenceID": "URN:catalog:CLO:EBIRD:OBS1329314369", "order": "Passeriformes", "family": "Artamidae", "genus": "Artamus", "species": "Artamus leucorhynchos" }, "geometry": { "type": "Point", "coordinates": [ 121.04553, 14.597787 ] } },
{ "type": "Feature", "properties": { "fid": 1980, "gbifID": 5485031399, "occurrenceID": "URN:catalog:CLO:EBIRD:OBS1980599000", "order": "Passeriformes", "family": "Acanthizidae", "genus": "Gerygone", "species": "Gerygone sulphurea" }, "geometry": { "type": "Point", "coordinates": [ 121.04055, 14.605313 ] } },
{ "type": "Feature", "properties": { "fid": 1981, "gbifID": 5378637059, "occurrenceID": "URN:catalog:CLO:EBIRD:OBS2431090539", "order": "Columbiformes", "family": "Columbidae", "genus": "Spilopelia", "species": "Spilopelia chinensis" }, "geometry": { "type": "Point", "coordinates": [ 121.038605, 14.603709 ] } },
{ "type": "Feature", "properties": { "fid": 1982, "gbifID": 3534033719, "occurrenceID": "URN:catalog:CLO:EBIRD:OBS1073190938", "order": "Coraciiformes", "family": "Alcedinidae", "genus": "Todiramphus", "species": "Todiramphus chloris" }, "geometry": { "type": "Point", "coordinates": [ 121.04677, 14.59694 ] } },
{ "type": "Feature", "properties": { "fid": 1983, "gbifID": 3600874540, "occurrenceID": "URN:catalog:CLO:EBIRD:OBS1098581585", "order": "Passeriformes", "family": "Sturnidae", "genus": "Aplonis", "species": "Aplonis panayensis" }, "geometry": { "type": "Point", "coordinates": [ 121.03753, 14.602924 ] } },
{ "type": "Feature", "properties": { "fid": 1985, "gbifID": 4283539569, "occurrenceID": "URN:catalog:CLO:EBIRD:OBS1430310163", "order": "Apodiformes", "family": "Apodidae", "genus": "Collocalia", "species": "Collocalia marginata" }, "geometry": { "type": "Point", "coordinates": [ 121.04898, 14.589453 ] } },
{ "type": "Feature", "properties": { "fid": 1986, "gbifID": 4308602235, "occurrenceID": "URN:catalog:CLO:EBIRD:OBS1361347061", "order": "Psittaciformes", "family": "Psittacidae", "genus": "Loriculus", "species": "Loriculus philippensis" }, "geometry": { "type": "Point", "coordinates": [ 121.038605, 14.603709 ] } },
{ "type": "Feature", "properties": { "fid": 1987, "gbifID": 3625046306, "occurrenceID": "URN:catalog:CLO:EBIRD:OBS1274963886", "order": "Passeriformes", "family": "Pycnonotidae", "genus": "Pycnonotus", "species": "Pycnonotus goiavier" }, "geometry": { "type": "Point", "coordinates": [ 121.041954, 14.602813 ] } },
{ "type": "Feature", "properties": { "fid": 1988, "gbifID": 3672843363, "occurrenceID": "URN:catalog:CLO:EBIRD:OBS1140362952", "order": "Pelecaniformes", "family": "Ardeidae", "genus": "Egretta", "species": "Egretta garzetta" }, "geometry": { "type": "Point", "coordinates": [ 121.04044, 14.606056 ] } },
{ "type": "Feature", "properties": { "fid": 1989, "gbifID": 5582254617, "occurrenceID": "URN:catalog:CLO:EBIRD:OBS2431090540", "order": "Apodiformes", "family": "Apodidae", "genus": "Collocalia", "species": "Collocalia marginata" }, "geometry": { "type": "Point", "coordinates": [ 121.038605, 14.603709 ] } },
{ "type": "Feature", "properties": { "fid": 1991, "gbifID": 4790826714, "occurrenceID": "URN:catalog:CLO:EBIRD:OBS1814720157", "order": "Passeriformes", "family": "Pycnonotidae", "genus": "Pycnonotus", "species": "Pycnonotus goiavier" }, "geometry": { "type": "Point", "coordinates": [ 121.05878, 14.588141 ] } },
{ "type": "Feature", "properties": { "fid": 1992, "gbifID": 3567963812, "occurrenceID": "URN:catalog:CLO:EBIRD:OBS1129473873", "order": "Passeriformes", "family": "Pycnonotidae", "genus": "Pycnonotus", "species": "Pycnonotus goiavier" }, "geometry": { "type": "Point", "coordinates": [ 121.038605, 14.603709 ] } },
{ "type": "Feature", "properties": { "fid": 1993, "gbifID": 4647003044, "occurrenceID": "URN:catalog:CLO:EBIRD:OBS1726712703", "order": "Pelecaniformes", "family": "Ardeidae", "genus": "Nycticorax", "species": "Nycticorax nycticorax" }, "geometry": { "type": "Point", "coordinates": [ 121.04109, 14.60195 ] } },
{ "type": "Feature", "properties": { "fid": 1994, "gbifID": 3589470666, "occurrenceID": "URN:catalog:CLO:EBIRD:OBS1091761611", "order": "Passeriformes", "family": "Oriolidae", "genus": "Oriolus", "species": "Oriolus chinensis" }, "geometry": { "type": "Point", "coordinates": [ 121.04677, 14.59694 ] } },
{ "type": "Feature", "properties": { "fid": 1995, "gbifID": 3673541940, "occurrenceID": "URN:catalog:CLO:EBIRD:OBS1117832743", "order": "Passeriformes", "family": "Sturnidae", "genus": "Aplonis", "species": "Aplonis panayensis" }, "geometry": { "type": "Point", "coordinates": [ 121.04044, 14.606056 ] } },
{ "type": "Feature", "properties": { "fid": 1996, "gbifID": 4310198990, "occurrenceID": "URN:catalog:CLO:EBIRD:OBS1323152440", "order": "Coraciiformes", "family": "Alcedinidae", "genus": "Todiramphus", "species": "Todiramphus chloris" }, "geometry": { "type": "Point", "coordinates": [ 121.04109, 14.60195 ] } },
{ "type": "Feature", "properties": { "fid": 1997, "gbifID": 3201409436, "occurrenceID": "URN:catalog:CLO:EBIRD:OBS1008206972", "order": "Coraciiformes", "family": "Alcedinidae", "genus": "Todiramphus", "species": "Todiramphus chloris" }, "geometry": { "type": "Point", "coordinates": [ 121.04898, 14.589453 ] } },
{ "type": "Feature", "properties": { "fid": 1998, "gbifID": 3152047638, "occurrenceID": "URN:catalog:CLO:EBIRD:OBS920391196", "order": "Piciformes", "family": "Megalaimidae", "genus": "Psilopogon", "species": "Psilopogon haemacephalus" }, "geometry": { "type": "Point", "coordinates": [ 121.03753, 14.602924 ] } },
{ "type": "Feature", "properties": { "fid": 1999, "gbifID": 4354842316, "occurrenceID": "URN:catalog:CLO:EBIRD:OBS1591411430", "order": "Psittaciformes", "family": "Psittacidae", "genus": "Loriculus", "species": "Loriculus philippensis" }, "geometry": { "type": "Point", "coordinates": [ 121.04109, 14.60195 ] } },
{ "type": "Feature", "properties": { "fid": 2000, "gbifID": 3598014534, "occurrenceID": "URN:catalog:CLO:EBIRD:OBS1091761609", "order": "Piciformes", "family": "Megalaimidae", "genus": "Psilopogon", "species": "Psilopogon haemacephalus" }, "geometry": { "type": "Point", "coordinates": [ 121.04677, 14.59694 ] } },
{ "type": "Feature", "properties": { "fid": 2001, "gbifID": 4645466282, "occurrenceID": "URN:catalog:CLO:EBIRD:OBS1629820302", "order": "Passeriformes", "family": "Oriolidae", "genus": "Oriolus", "species": "Oriolus chinensis" }, "geometry": { "type": "Point", "coordinates": [ 121.04297, 14.594615 ] } },
{ "type": "Feature", "properties": { "fid": 2002, "gbifID": 5338978465, "occurrenceID": "URN:catalog:CLO:EBIRD:OBS2218373313", "order": "Passeriformes", "family": "Nectariniidae", "genus": "Cinnyris", "species": "Cinnyris jugularis" }, "geometry": { "type": "Point", "coordinates": [ 121.059555, 14.588209 ] } },
{ "type": "Feature", "properties": { "fid": 2003, "gbifID": 4831179653, "occurrenceID": "URN:catalog:CLO:EBIRD:OBS1924803384", "order": "Passeriformes", "family": "Hirundinidae", "genus": "Hirundo", "species": "Hirundo javanica" }, "geometry": { "type": "Point", "coordinates": [ 121.05964, 14.584772 ] } },
{ "type": "Feature", "properties": { "fid": 2004, "gbifID": 4373964265, "occurrenceID": "URN:catalog:CLO:EBIRD:OBS1470630180", "order": "Passeriformes", "family": "Passeridae", "genus": "Passer", "species": "Passer montanus" }, "geometry": { "type": "Point", "coordinates": [ 121.03708, 14.59188 ] } },
{ "type": "Feature", "properties": { "fid": 2005, "gbifID": 3197834943, "occurrenceID": "URN:catalog:CLO:EBIRD:OBS978139290", "order": "Passeriformes", "family": "Zosteropidae", "genus": "Zosterops", "species": "Zosterops meyeni" }, "geometry": { "type": "Point", "coordinates": [ 121.05856, 14.588318 ] } },
{ "type": "Feature", "properties": { "fid": 2006, "gbifID": 3525146487, "occurrenceID": "URN:catalog:CLO:EBIRD:OBS1081460636", "order": "Passeriformes", "family": "Sturnidae", "genus": "Acridotheres", "species": "Acridotheres cristatellus" }, "geometry": { "type": "Point", "coordinates": [ 121.04904, 14.589351 ] } },
{ "type": "Feature", "properties": { "fid": 2007, "gbifID": 3552052917, "occurrenceID": "URN:catalog:CLO:EBIRD:OBS1129098177", "order": "Passeriformes", "family": "Oriolidae", "genus": "Oriolus", "species": "Oriolus chinensis" }, "geometry": { "type": "Point", "coordinates": [ 121.04109, 14.60195 ] } },
{ "type": "Feature", "properties": { "fid": 2008, "gbifID": 3691322817, "occurrenceID": "URN:catalog:CLO:EBIRD:OBS1267079737", "order": "Piciformes", "family": "Picidae", "genus": "Yungipicus", "species": "Yungipicus maculatus" }, "geometry": { "type": "Point", "coordinates": [ 121.041954, 14.602813 ] } },
{ "type": "Feature", "properties": { "fid": 2009, "gbifID": 5558145631, "occurrenceID": "URN:catalog:CLO:EBIRD:OBS2019954483", "order": "Passeriformes", "family": "Nectariniidae", "genus": "Cinnyris", "species": "Cinnyris jugularis" }, "geometry": { "type": "Point", "coordinates": [ 121.03203, 14.607486 ] } },
{ "type": "Feature", "properties": { "fid": 2010, "gbifID": 5653103415, "occurrenceID": "URN:catalog:CLO:EBIRD:OBS1956764491", "order": "Passeriformes", "family": "Passeridae", "genus": "Passer", "species": "Passer montanus" }, "geometry": { "type": "Point", "coordinates": [ 121.04055, 14.605313 ] } },
{ "type": "Feature", "properties": { "fid": 2011, "gbifID": 4654221988, "occurrenceID": "URN:catalog:CLO:EBIRD:OBS1737370492", "order": "Columbiformes", "family": "Columbidae", "genus": "Geopelia", "species": "Geopelia striata" }, "geometry": { "type": "Point", "coordinates": [ 121.04898, 14.589453 ] } },
{ "type": "Feature", "properties": { "fid": 2012, "gbifID": 3579714018, "occurrenceID": "URN:catalog:CLO:EBIRD:OBS1233284423", "order": "Coraciiformes", "family": "Alcedinidae", "genus": "Todiramphus", "species": "Todiramphus chloris" }, "geometry": { "type": "Point", "coordinates": [ 121.04109, 14.60195 ] } },
{ "type": "Feature", "properties": { "fid": 2013, "gbifID": 3242187827, "occurrenceID": "URN:catalog:CLO:EBIRD:OBS845949803", "order": "Passeriformes", "family": "Oriolidae", "genus": "Oriolus", "species": "Oriolus chinensis" }, "geometry": { "type": "Point", "coordinates": [ 121.03753, 14.602924 ] } },
{ "type": "Feature", "properties": { "fid": 2014, "gbifID": 3275036349, "occurrenceID": "URN:catalog:CLO:EBIRD:OBS998236728", "order": "Piciformes", "family": "Megalaimidae", "genus": "Psilopogon", "species": "Psilopogon haemacephalus" }, "geometry": { "type": "Point", "coordinates": [ 121.03753, 14.602924 ] } },
{ "type": "Feature", "properties": { "fid": 2015, "gbifID": 3197784055, "occurrenceID": "URN:catalog:CLO:EBIRD:OBS978139293", "order": "Passeriformes", "family": "Rhipiduridae", "genus": "Rhipidura", "species": "Rhipidura nigritorquis" }, "geometry": { "type": "Point", "coordinates": [ 121.05856, 14.588318 ] } },
{ "type": "Feature", "properties": { "fid": 2016, "gbifID": 3635616122, "occurrenceID": "URN:catalog:CLO:EBIRD:OBS1216853900", "order": "Passeriformes", "family": "Zosteropidae", "genus": "Zosterops", "species": "Zosterops meyeni" }, "geometry": { "type": "Point", "coordinates": [ 121.04109, 14.60195 ] } },
{ "type": "Feature", "properties": { "fid": 2017, "gbifID": 3638028283, "occurrenceID": "URN:catalog:CLO:EBIRD:OBS1242468431", "order": "Passeriformes", "family": "Rhipiduridae", "genus": "Rhipidura", "species": "Rhipidura nigritorquis" }, "geometry": { "type": "Point", "coordinates": [ 121.04109, 14.60195 ] } },
{ "type": "Feature", "properties": { "fid": 2018, "gbifID": 3267042956, "occurrenceID": "URN:catalog:CLO:EBIRD:OBS1011600858", "order": "Piciformes", "family": "Megalaimidae", "genus": "Psilopogon", "species": "Psilopogon haemacephalus" }, "geometry": { "type": "Point", "coordinates": [ 121.03753, 14.602924 ] } },
{ "type": "Feature", "properties": { "fid": 2019, "gbifID": 3594668715, "occurrenceID": "URN:catalog:CLO:EBIRD:OBS1103447741", "order": "Passeriformes", "family": "Dicaeidae", "genus": "Dicaeum", "species": "Dicaeum australe" }, "geometry": { "type": "Point", "coordinates": [ 121.04109, 14.60195 ] } },
{ "type": "Feature", "properties": { "fid": 2020, "gbifID": 3612171276, "occurrenceID": "URN:catalog:CLO:EBIRD:OBS1119129886", "order": "Psittaciformes", "family": "Psittacidae", "genus": "Loriculus", "species": "Loriculus philippensis" }, "geometry": { "type": "Point", "coordinates": [ 121.03753, 14.602924 ] } },
{ "type": "Feature", "properties": { "fid": 2021, "gbifID": 4199168333, "occurrenceID": "URN:catalog:CLO:EBIRD:OBS1350514533", "order": "Coraciiformes", "family": "Alcedinidae", "genus": "Todiramphus", "species": "Todiramphus chloris" }, "geometry": { "type": "Point", "coordinates": [ 121.042046, 14.594734 ] } },
{ "type": "Feature", "properties": { "fid": 2023, "gbifID": 3525738305, "occurrenceID": "URN:catalog:CLO:EBIRD:OBS1069482033", "order": "Passeriformes", "family": "Laniidae", "genus": "Lanius", "species": "Lanius cristatus" }, "geometry": { "type": "Point", "coordinates": [ 121.04677, 14.59694 ] } },
{ "type": "Feature", "properties": { "fid": 2024, "gbifID": 4334129475, "occurrenceID": "URN:catalog:CLO:EBIRD:OBS1336401564", "order": "Passeriformes", "family": "Oriolidae", "genus": "Oriolus", "species": "Oriolus chinensis" }, "geometry": { "type": "Point", "coordinates": [ 121.04904, 14.589351 ] } },
{ "type": "Feature", "properties": { "fid": 2025, "gbifID": 4704134948, "occurrenceID": "URN:catalog:CLO:EBIRD:OBS1780342909", "order": "Apodiformes", "family": "Apodidae", "genus": "Collocalia", "species": "Collocalia marginata" }, "geometry": { "type": "Point", "coordinates": [ 121.05715, 14.580761 ] } },
{ "type": "Feature", "properties": { "fid": 2027, "gbifID": 3285139509, "occurrenceID": "URN:catalog:CLO:EBIRD:OBS1007299905", "order": "Passeriformes", "family": "Acanthizidae", "genus": "Gerygone", "species": "Gerygone sulphurea" }, "geometry": { "type": "Point", "coordinates": [ 121.04363, 14.594279 ] } },
{ "type": "Feature", "properties": { "fid": 2028, "gbifID": 3683850176, "occurrenceID": "URN:catalog:CLO:EBIRD:OBS1117823908", "order": "Passeriformes", "family": "Sturnidae", "genus": "Acridotheres", "species": "Acridotheres cristatellus" }, "geometry": { "type": "Point", "coordinates": [ 121.03771, 14.606191 ] } },
{ "type": "Feature", "properties": { "fid": 2029, "gbifID": 3693752417, "occurrenceID": "URN:catalog:CLO:EBIRD:OBS1267079747", "order": "Passeriformes", "family": "Passeridae", "genus": "Passer", "species": "Passer montanus" }, "geometry": { "type": "Point", "coordinates": [ 121.041954, 14.602813 ] } },
{ "type": "Feature", "properties": { "fid": 2030, "gbifID": 4669008478, "occurrenceID": "URN:catalog:CLO:EBIRD:OBS1737370493", "order": "Passeriformes", "family": "Pycnonotidae", "genus": "Pycnonotus", "species": "Pycnonotus goiavier" }, "geometry": { "type": "Point", "coordinates": [ 121.04898, 14.589453 ] } },
{ "type": "Feature", "properties": { "fid": 2032, "gbifID": 3543652089, "occurrenceID": "URN:catalog:CLO:EBIRD:OBS1112488559", "order": "Passeriformes", "family": "Pycnonotidae", "genus": "Pycnonotus", "species": "Pycnonotus goiavier" }, "geometry": { "type": "Point", "coordinates": [ 121.03771, 14.606191 ] } },
{ "type": "Feature", "properties": { "fid": 2033, "gbifID": 3249065999, "occurrenceID": "URN:catalog:CLO:EBIRD:OBS862813321", "order": "Piciformes", "family": "Picidae", "genus": "Yungipicus", "species": "Yungipicus maculatus" }, "geometry": { "type": "Point", "coordinates": [ 121.05737, 14.588144 ] } },
{ "type": "Feature", "properties": { "fid": 2034, "gbifID": 3556672767, "occurrenceID": "URN:catalog:CLO:EBIRD:OBS1263408591", "order": "Coraciiformes", "family": "Alcedinidae", "genus": "Todiramphus", "species": "Todiramphus chloris" }, "geometry": { "type": "Point", "coordinates": [ 121.05942, 14.596272 ] } },
{ "type": "Feature", "properties": { "fid": 2035, "gbifID": 3207307368, "occurrenceID": "URN:catalog:CLO:EBIRD:OBS1008206964", "order": "Charadriiformes", "family": "Scolopacidae", "genus": "Actitis", "species": "Actitis hypoleucos" }, "geometry": { "type": "Point", "coordinates": [ 121.04898, 14.589453 ] } },
{ "type": "Feature", "properties": { "fid": 2036, "gbifID": 4662417437, "occurrenceID": "URN:catalog:CLO:EBIRD:OBS1896485961", "order": "Passeriformes", "family": "Phylloscopidae", "genus": "Phylloscopus", "species": "Phylloscopus borealis" }, "geometry": { "type": "Point", "coordinates": [ 121.05878, 14.588141 ] } },
{ "type": "Feature", "properties": { "fid": 2037, "gbifID": 3616057623, "occurrenceID": "URN:catalog:CLO:EBIRD:OBS1274963883", "order": "Passeriformes", "family": "Sturnidae", "genus": "Aplonis", "species": "Aplonis panayensis" }, "geometry": { "type": "Point", "coordinates": [ 121.041954, 14.602813 ] } },
{ "type": "Feature", "properties": { "fid": 2038, "gbifID": 4287183457, "occurrenceID": "URN:catalog:CLO:EBIRD:OBS1323152441", "order": "Passeriformes", "family": "Rhipiduridae", "genus": "Rhipidura", "species": "Rhipidura nigritorquis" }, "geometry": { "type": "Point", "coordinates": [ 121.04109, 14.60195 ] } },
{ "type": "Feature", "properties": { "fid": 2039, "gbifID": 5520599645, "occurrenceID": "URN:catalog:CLO:EBIRD:OBS2552281873", "order": "Passeriformes", "family": "Corvidae", "genus": "Corvus", "species": null }, "geometry": { "type": "Point", "coordinates": [ 121.04906, 14.589362 ] } },
{ "type": "Feature", "properties": { "fid": 2040, "gbifID": 3510941488, "occurrenceID": "URN:catalog:CLO:EBIRD:OBS1073368672", "order": "Psittaciformes", "family": "Psittacidae", "genus": "Loriculus", "species": "Loriculus philippensis" }, "geometry": { "type": "Point", "coordinates": [ 121.04677, 14.59694 ] } },
{ "type": "Feature", "properties": { "fid": 2041, "gbifID": 3693423890, "occurrenceID": "URN:catalog:CLO:EBIRD:OBS1241363598", "order": "Psittaciformes", "family": "Psittacidae", "genus": "Loriculus", "species": "Loriculus philippensis" }, "geometry": { "type": "Point", "coordinates": [ 121.041954, 14.602813 ] } },
{ "type": "Feature", "properties": { "fid": 2042, "gbifID": 3667093989, "occurrenceID": "URN:catalog:CLO:EBIRD:OBS1082880922", "order": "Passeriformes", "family": "Passeridae", "genus": "Passer", "species": "Passer montanus" }, "geometry": { "type": "Point", "coordinates": [ 121.04677, 14.59694 ] } },
{ "type": "Feature", "properties": { "fid": 2043, "gbifID": 5313928304, "occurrenceID": "URN:catalog:CLO:EBIRD:OBS1956750317", "order": "Columbiformes", "family": "Columbidae", "genus": "Spilopelia", "species": "Spilopelia chinensis" }, "geometry": { "type": "Point", "coordinates": [ 121.04055, 14.605313 ] } },
{ "type": "Feature", "properties": { "fid": 2044, "gbifID": 4675478429, "occurrenceID": "URN:catalog:CLO:EBIRD:OBS1895415981", "order": "Passeriformes", "family": "Laniidae", "genus": "Lanius", "species": "Lanius cristatus" }, "geometry": { "type": "Point", "coordinates": [ 121.041985, 14.595222 ] } },
{ "type": "Feature", "properties": { "fid": 2045, "gbifID": 3536108955, "occurrenceID": "URN:catalog:CLO:EBIRD:OBS1119942871", "order": "Passeriformes", "family": "Motacillidae", "genus": "Motacilla", "species": "Motacilla cinerea" }, "geometry": { "type": "Point", "coordinates": [ 121.04109, 14.60195 ] } },
{ "type": "Feature", "properties": { "fid": 2046, "gbifID": 4314074273, "occurrenceID": "URN:catalog:CLO:EBIRD:OBS1474021945", "order": "Passeriformes", "family": "Passeridae", "genus": "Passer", "species": "Passer montanus" }, "geometry": { "type": "Point", "coordinates": [ 121.03708, 14.59188 ] } },
{ "type": "Feature", "properties": { "fid": 2047, "gbifID": 4780945960, "occurrenceID": "URN:catalog:CLO:EBIRD:OBS1639025782", "order": "Passeriformes", "family": "Acanthizidae", "genus": "Gerygone", "species": "Gerygone sulphurea" }, "geometry": { "type": "Point", "coordinates": [ 121.04109, 14.60195 ] } },
{ "type": "Feature", "properties": { "fid": 2048, "gbifID": 4653380545, "occurrenceID": "URN:catalog:CLO:EBIRD:OBS1632529945", "order": "Passeriformes", "family": "Nectariniidae", "genus": "Cinnyris", "species": "Cinnyris jugularis" }, "geometry": { "type": "Point", "coordinates": [ 121.04139, 14.603972 ] } },
{ "type": "Feature", "properties": { "fid": 2049, "gbifID": 3554042965, "occurrenceID": "URN:catalog:CLO:EBIRD:OBS1129473865", "order": "Passeriformes", "family": "Acanthizidae", "genus": "Gerygone", "species": "Gerygone sulphurea" }, "geometry": { "type": "Point", "coordinates": [ 121.04109, 14.60195 ] } },
{ "type": "Feature", "properties": { "fid": 2050, "gbifID": 3658597577, "occurrenceID": "URN:catalog:CLO:EBIRD:OBS1259558886", "order": "Passeriformes", "family": "Passeridae", "genus": "Passer", "species": "Passer montanus" }, "geometry": { "type": "Point", "coordinates": [ 121.03964, 14.576538 ] } },
{ "type": "Feature", "properties": { "fid": 2051, "gbifID": 5555759663, "occurrenceID": "URN:catalog:CLO:EBIRD:OBS2287226730", "order": "Passeriformes", "family": "Pycnonotidae", "genus": "Pycnonotus", "species": "Pycnonotus goiavier" }, "geometry": { "type": "Point", "coordinates": [ 121.04055, 14.605313 ] } },
{ "type": "Feature", "properties": { "fid": 2052, "gbifID": 5453933509, "occurrenceID": "URN:catalog:CLO:EBIRD:OBS2540247934", "order": "Passeriformes", "family": "Passeridae", "genus": "Passer", "species": "Passer montanus" }, "geometry": { "type": "Point", "coordinates": [ 121.04055, 14.605313 ] } },
{ "type": "Feature", "properties": { "fid": 2053, "gbifID": 3513966981, "occurrenceID": "URN:catalog:CLO:EBIRD:OBS1122476001", "order": "Passeriformes", "family": "Motacillidae", "genus": "Motacilla", "species": "Motacilla cinerea" }, "geometry": { "type": "Point", "coordinates": [ 121.038605, 14.603709 ] } },
{ "type": "Feature", "properties": { "fid": 2054, "gbifID": 3659382539, "occurrenceID": "URN:catalog:CLO:EBIRD:OBS1267078245", "order": "Passeriformes", "family": "Laniidae", "genus": "Lanius", "species": "Lanius cristatus" }, "geometry": { "type": "Point", "coordinates": [ 121.041954, 14.602813 ] } },
{ "type": "Feature", "properties": { "fid": 2055, "gbifID": 3273257304, "occurrenceID": "URN:catalog:CLO:EBIRD:OBS1002671438", "order": "Passeriformes", "family": "Motacillidae", "genus": "Motacilla", "species": "Motacilla cinerea" }, "geometry": { "type": "Point", "coordinates": [ 121.03753, 14.602924 ] } },
{ "type": "Feature", "properties": { "fid": 2056, "gbifID": 5627556712, "occurrenceID": "URN:catalog:CLO:EBIRD:OBS1926276721", "order": "Falconiformes", "family": "Falconidae", "genus": "Falco", "species": "Falco peregrinus" }, "geometry": { "type": "Point", "coordinates": [ 121.049774, 14.57231 ] } },
{ "type": "Feature", "properties": { "fid": 2057, "gbifID": 3688250051, "occurrenceID": "URN:catalog:CLO:EBIRD:OBS1117992347", "order": "Passeriformes", "family": "Rhipiduridae", "genus": "Rhipidura", "species": "Rhipidura nigritorquis" }, "geometry": { "type": "Point", "coordinates": [ 121.038605, 14.603709 ] } },
{ "type": "Feature", "properties": { "fid": 2058, "gbifID": 3209777806, "occurrenceID": "URN:catalog:CLO:EBIRD:OBS1000063997", "order": "Passeriformes", "family": "Passeridae", "genus": "Passer", "species": "Passer montanus" }, "geometry": { "type": "Point", "coordinates": [ 121.03753, 14.602924 ] } },
{ "type": "Feature", "properties": { "fid": 2059, "gbifID": 3522522675, "occurrenceID": "URN:catalog:CLO:EBIRD:OBS1112488565", "order": "Passeriformes", "family": "Laniidae", "genus": "Lanius", "species": "Lanius cristatus" }, "geometry": { "type": "Point", "coordinates": [ 121.03771, 14.606191 ] } },
{ "type": "Feature", "properties": { "fid": 2060, "gbifID": 3596865359, "occurrenceID": "URN:catalog:CLO:EBIRD:OBS1073378743", "order": "Passeriformes", "family": "Zosteropidae", "genus": "Zosterops", "species": "Zosterops meyeni" }, "geometry": { "type": "Point", "coordinates": [ 121.04677, 14.59694 ] } },
{ "type": "Feature", "properties": { "fid": 2061, "gbifID": 3526446363, "occurrenceID": "URN:catalog:CLO:EBIRD:OBS1081460637", "order": "Passeriformes", "family": "Pycnonotidae", "genus": "Pycnonotus", "species": "Pycnonotus goiavier" }, "geometry": { "type": "Point", "coordinates": [ 121.04904, 14.589351 ] } },
{ "type": "Feature", "properties": { "fid": 2062, "gbifID": 3590924553, "occurrenceID": "URN:catalog:CLO:EBIRD:OBS1091761604", "order": "Columbiformes", "family": "Columbidae", "genus": "Spilopelia", "species": "Spilopelia chinensis" }, "geometry": { "type": "Point", "coordinates": [ 121.04677, 14.59694 ] } },
{ "type": "Feature", "properties": { "fid": 2063, "gbifID": 3543730863, "occurrenceID": "URN:catalog:CLO:EBIRD:OBS1251709969", "order": "Passeriformes", "family": "Passeridae", "genus": "Passer", "species": "Passer montanus" }, "geometry": { "type": "Point", "coordinates": [ 121.041954, 14.602813 ] } },
{ "type": "Feature", "properties": { "fid": 2064, "gbifID": 4318940258, "occurrenceID": "URN:catalog:CLO:EBIRD:OBS1357342908", "order": "Piciformes", "family": "Megalaimidae", "genus": "Psilopogon", "species": "Psilopogon haemacephalus" }, "geometry": { "type": "Point", "coordinates": [ 121.04363, 14.594279 ] } },
{ "type": "Feature", "properties": { "fid": 2065, "gbifID": 3530302107, "occurrenceID": "URN:catalog:CLO:EBIRD:OBS1200949596", "order": "Passeriformes", "family": "Passeridae", "genus": "Passer", "species": "Passer montanus" }, "geometry": { "type": "Point", "coordinates": [ 121.03753, 14.602924 ] } },
{ "type": "Feature", "properties": { "fid": 2066, "gbifID": 4192661106, "occurrenceID": "URN:catalog:CLO:EBIRD:OBS1339262645", "order": "Passeriformes", "family": "Rhipiduridae", "genus": "Rhipidura", "species": "Rhipidura nigritorquis" }, "geometry": { "type": "Point", "coordinates": [ 121.03861, 14.603591 ] } },
{ "type": "Feature", "properties": { "fid": 2067, "gbifID": 3690090902, "occurrenceID": "URN:catalog:CLO:EBIRD:OBS1216850951", "order": "Passeriformes", "family": "Pycnonotidae", "genus": "Pycnonotus", "species": "Pycnonotus goiavier" }, "geometry": { "type": "Point", "coordinates": [ 121.04109, 14.60195 ] } },
{ "type": "Feature", "properties": { "fid": 2068, "gbifID": 3248236018, "occurrenceID": "URN:catalog:CLO:EBIRD:OBS862792021", "order": "Passeriformes", "family": "Laniidae", "genus": "Lanius", "species": "Lanius cristatus" }, "geometry": { "type": "Point", "coordinates": [ 121.05856, 14.588318 ] } },
{ "type": "Feature", "properties": { "fid": 2070, "gbifID": 3674728398, "occurrenceID": "URN:catalog:CLO:EBIRD:OBS1193403842", "order": "Passeriformes", "family": "Passeridae", "genus": "Passer", "species": "Passer montanus" }, "geometry": { "type": "Point", "coordinates": [ 121.03964, 14.576538 ] } },
{ "type": "Feature", "properties": { "fid": 2071, "gbifID": 5482598848, "occurrenceID": "URN:catalog:CLO:EBIRD:OBS2431090535", "order": "Coraciiformes", "family": "Alcedinidae", "genus": "Todiramphus", "species": "Todiramphus chloris" }, "geometry": { "type": "Point", "coordinates": [ 121.038605, 14.603709 ] } },
{ "type": "Feature", "properties": { "fid": 2074, "gbifID": 3637825292, "occurrenceID": "URN:catalog:CLO:EBIRD:OBS1222162988", "order": "Piciformes", "family": "Megalaimidae", "genus": "Psilopogon", "species": "Psilopogon haemacephalus" }, "geometry": { "type": "Point", "coordinates": [ 121.04728, 14.598908 ] } },
{ "type": "Feature", "properties": { "fid": 2075, "gbifID": 3519655582, "occurrenceID": "URN:catalog:CLO:EBIRD:OBS1069482032", "order": "Passeriformes", "family": "Pycnonotidae", "genus": "Pycnonotus", "species": "Pycnonotus goiavier" }, "geometry": { "type": "Point", "coordinates": [ 121.04677, 14.59694 ] } },
{ "type": "Feature", "properties": { "fid": 2076, "gbifID": 3599971282, "occurrenceID": "URN:catalog:CLO:EBIRD:OBS1073188530", "order": "Passeriformes", "family": "Laniidae", "genus": "Lanius", "species": "Lanius cristatus" }, "geometry": { "type": "Point", "coordinates": [ 121.04055, 14.605313 ] } },
{ "type": "Feature", "properties": { "fid": 2077, "gbifID": 3553480880, "occurrenceID": "URN:catalog:CLO:EBIRD:OBS1119942875", "order": "Passeriformes", "family": "Rhipiduridae", "genus": "Rhipidura", "species": "Rhipidura nigritorquis" }, "geometry": { "type": "Point", "coordinates": [ 121.04109, 14.60195 ] } },
{ "type": "Feature", "properties": { "fid": 2078, "gbifID": 3641444681, "occurrenceID": "URN:catalog:CLO:EBIRD:OBS1241367928", "order": "Passeriformes", "family": "Passeridae", "genus": "Passer", "species": "Passer montanus" }, "geometry": { "type": "Point", "coordinates": [ 121.041954, 14.602813 ] } },
{ "type": "Feature", "properties": { "fid": 2079, "gbifID": 3621097483, "occurrenceID": "URN:catalog:CLO:EBIRD:OBS1241367931", "order": "Passeriformes", "family": "Pycnonotidae", "genus": "Pycnonotus", "species": "Pycnonotus goiavier" }, "geometry": { "type": "Point", "coordinates": [ 121.041954, 14.602813 ] } },
{ "type": "Feature", "properties": { "fid": 2080, "gbifID": 4297827163, "occurrenceID": "URN:catalog:CLO:EBIRD:OBS1591411432", "order": "Columbiformes", "family": "Columbidae", "genus": "Geopelia", "species": "Geopelia striata" }, "geometry": { "type": "Point", "coordinates": [ 121.04109, 14.60195 ] } },
{ "type": "Feature", "properties": { "fid": 2081, "gbifID": 3155936475, "occurrenceID": "URN:catalog:CLO:EBIRD:OBS915632772", "order": "Passeriformes", "family": "Rhipiduridae", "genus": "Rhipidura", "species": "Rhipidura nigritorquis" }, "geometry": { "type": "Point", "coordinates": [ 121.02639, 14.606391 ] } },
{ "type": "Feature", "properties": { "fid": 2082, "gbifID": 3612636504, "occurrenceID": "URN:catalog:CLO:EBIRD:OBS1116026404", "order": "Passeriformes", "family": "Passeridae", "genus": "Passer", "species": "Passer montanus" }, "geometry": { "type": "Point", "coordinates": [ 121.038605, 14.603709 ] } },
{ "type": "Feature", "properties": { "fid": 2083, "gbifID": 3590515324, "occurrenceID": "URN:catalog:CLO:EBIRD:OBS1086333258", "order": "Passeriformes", "family": "Passeridae", "genus": "Passer", "species": "Passer montanus" }, "geometry": { "type": "Point", "coordinates": [ 121.04677, 14.59694 ] } },
{ "type": "Feature", "properties": { "fid": 2084, "gbifID": 4300678888, "occurrenceID": "URN:catalog:CLO:EBIRD:OBS1429755149", "order": "Passeriformes", "family": "Estrildidae", "genus": "Lonchura", "species": "Lonchura atricapilla" }, "geometry": { "type": "Point", "coordinates": [ 121.04898, 14.589453 ] } },
{ "type": "Feature", "properties": { "fid": 2085, "gbifID": 5695919368, "occurrenceID": "URN:catalog:CLO:EBIRD:OBS1954981495", "order": "Passeriformes", "family": "Corvidae", "genus": "Corvus", "species": null }, "geometry": { "type": "Point", "coordinates": [ 121.05694, 14.590089 ] } },
{ "type": "Feature", "properties": { "fid": 2086, "gbifID": 4681031375, "occurrenceID": "URN:catalog:CLO:EBIRD:OBS1639029370", "order": "Passeriformes", "family": "Oriolidae", "genus": "Oriolus", "species": "Oriolus chinensis" }, "geometry": { "type": "Point", "coordinates": [ 121.02962, 14.605055 ] } },
{ "type": "Feature", "properties": { "fid": 2087, "gbifID": 4817512736, "occurrenceID": "URN:catalog:CLO:EBIRD:OBS1630537582", "order": "Pelecaniformes", "family": "Ardeidae", "genus": "Egretta", "species": "Egretta garzetta" }, "geometry": { "type": "Point", "coordinates": [ 121.04677, 14.59694 ] } },
{ "type": "Feature", "properties": { "fid": 2088, "gbifID": 5397429315, "occurrenceID": "URN:catalog:CLO:EBIRD:OBS2540247933", "order": "Passeriformes", "family": "Zosteropidae", "genus": "Zosterops", "species": "Zosterops meyeni" }, "geometry": { "type": "Point", "coordinates": [ 121.04055, 14.605313 ] } },
{ "type": "Feature", "properties": { "fid": 2089, "gbifID": 4658293562, "occurrenceID": "URN:catalog:CLO:EBIRD:OBS1597543434", "order": "Passeriformes", "family": "Sturnidae", "genus": "Aplonis", "species": "Aplonis panayensis" }, "geometry": { "type": "Point", "coordinates": [ 121.039185, 14.601851 ] } },
{ "type": "Feature", "properties": { "fid": 2090, "gbifID": 4652154762, "occurrenceID": "URN:catalog:CLO:EBIRD:OBS1639029374", "order": "Passeriformes", "family": "Pycnonotidae", "genus": "Pycnonotus", "species": "Pycnonotus goiavier" }, "geometry": { "type": "Point", "coordinates": [ 121.02962, 14.605055 ] } },
{ "type": "Feature", "properties": { "fid": 2092, "gbifID": 3544683764, "occurrenceID": "URN:catalog:CLO:EBIRD:OBS1073190944", "order": "Passeriformes", "family": "Passeridae", "genus": "Passer", "species": "Passer montanus" }, "geometry": { "type": "Point", "coordinates": [ 121.04677, 14.59694 ] } },
{ "type": "Feature", "properties": { "fid": 2093, "gbifID": 3527820943, "occurrenceID": "URN:catalog:CLO:EBIRD:OBS1099641328", "order": "Passeriformes", "family": "Dicaeidae", "genus": "Dicaeum", "species": "Dicaeum australe" }, "geometry": { "type": "Point", "coordinates": [ 121.04109, 14.60195 ] } },
{ "type": "Feature", "properties": { "fid": 2094, "gbifID": 4282619532, "occurrenceID": "URN:catalog:CLO:EBIRD:OBS1324153260", "order": "Passeriformes", "family": "Passeridae", "genus": "Passer", "species": "Passer montanus" }, "geometry": { "type": "Point", "coordinates": [ 121.04307, 14.595008 ] } },
{ "type": "Feature", "properties": { "fid": 2095, "gbifID": 3245832555, "occurrenceID": "URN:catalog:CLO:EBIRD:OBS915635960", "order": "Columbiformes", "family": "Columbidae", "genus": "Spilopelia", "species": "Spilopelia chinensis" }, "geometry": { "type": "Point", "coordinates": [ 121.03753, 14.602924 ] } },
{ "type": "Feature", "properties": { "fid": 2096, "gbifID": 3595516122, "occurrenceID": "URN:catalog:CLO:EBIRD:OBS1094483732", "order": "Passeriformes", "family": "Sturnidae", "genus": "Aplonis", "species": "Aplonis panayensis" }, "geometry": { "type": "Point", "coordinates": [ 121.03964, 14.576538 ] } },
{ "type": "Feature", "properties": { "fid": 2097, "gbifID": 3298615884, "occurrenceID": "URN:catalog:CLO:EBIRD:OBS915640002", "order": "Passeriformes", "family": "Laniidae", "genus": "Lanius", "species": "Lanius cristatus" }, "geometry": { "type": "Point", "coordinates": [ 121.03753, 14.602924 ] } },
{ "type": "Feature", "properties": { "fid": 2098, "gbifID": 3530957142, "occurrenceID": "URN:catalog:CLO:EBIRD:OBS1117989315", "order": "Passeriformes", "family": "Motacillidae", "genus": "Motacilla", "species": "Motacilla cinerea" }, "geometry": { "type": "Point", "coordinates": [ 121.04109, 14.60195 ] } },
{ "type": "Feature", "properties": { "fid": 2099, "gbifID": 4704887790, "occurrenceID": "URN:catalog:CLO:EBIRD:OBS1632529947", "order": "Passeriformes", "family": "Campephagidae", "genus": "Lalage", "species": "Lalage nigra" }, "geometry": { "type": "Point", "coordinates": [ 121.04139, 14.603972 ] } },
{ "type": "Feature", "properties": { "fid": 2101, "gbifID": 4260632663, "occurrenceID": "URN:catalog:CLO:EBIRD:OBS1509740668", "order": "Passeriformes", "family": "Zosteropidae", "genus": "Zosterops", "species": "Zosterops meyeni" }, "geometry": { "type": "Point", "coordinates": [ 121.04076, 14.60353 ] } },
{ "type": "Feature", "properties": { "fid": 2102, "gbifID": 4609687363, "occurrenceID": "URN:catalog:CLO:EBIRD:OBS1630537590", "order": "Passeriformes", "family": "Laniidae", "genus": "Lanius", "species": "Lanius cristatus" }, "geometry": { "type": "Point", "coordinates": [ 121.04677, 14.59694 ] } },
{ "type": "Feature", "properties": { "fid": 2103, "gbifID": 3587185216, "occurrenceID": "URN:catalog:CLO:EBIRD:OBS1073187023", "order": "Columbiformes", "family": "Columbidae", "genus": "Geopelia", "species": "Geopelia striata" }, "geometry": { "type": "Point", "coordinates": [ 121.04055, 14.605313 ] } },
{ "type": "Feature", "properties": { "fid": 2104, "gbifID": 3644939432, "occurrenceID": "URN:catalog:CLO:EBIRD:OBS1242468434", "order": "Pelecaniformes", "family": "Ardeidae", "genus": "Butorides", "species": "Butorides striata" }, "geometry": { "type": "Point", "coordinates": [ 121.04109, 14.60195 ] } },
{ "type": "Feature", "properties": { "fid": 2105, "gbifID": 4666356242, "occurrenceID": "URN:catalog:CLO:EBIRD:OBS1639025162", "order": "Passeriformes", "family": "Passeridae", "genus": "Passer", "species": "Passer montanus" }, "geometry": { "type": "Point", "coordinates": [ 121.04109, 14.60195 ] } },
{ "type": "Feature", "properties": { "fid": 2106, "gbifID": 3596806267, "occurrenceID": "URN:catalog:CLO:EBIRD:OBS1082135746", "order": "Passeriformes", "family": "Passeridae", "genus": "Passer", "species": "Passer montanus" }, "geometry": { "type": "Point", "coordinates": [ 121.03964, 14.576538 ] } },
{ "type": "Feature", "properties": { "fid": 2107, "gbifID": 3298692483, "occurrenceID": "URN:catalog:CLO:EBIRD:OBS1011600290", "order": "Columbiformes", "family": "Columbidae", "genus": "Geopelia", "species": "Geopelia striata" }, "geometry": { "type": "Point", "coordinates": [ 121.03753, 14.602924 ] } },
{ "type": "Feature", "properties": { "fid": 2108, "gbifID": 3676152947, "occurrenceID": "URN:catalog:CLO:EBIRD:OBS1117992341", "order": "Passeriformes", "family": "Dicaeidae", "genus": "Dicaeum", "species": "Dicaeum australe" }, "geometry": { "type": "Point", "coordinates": [ 121.038605, 14.603709 ] } },
{ "type": "Feature", "properties": { "fid": 2110, "gbifID": 3616807594, "occurrenceID": "URN:catalog:CLO:EBIRD:OBS1116026407", "order": "Passeriformes", "family": "Laniidae", "genus": "Lanius", "species": "Lanius cristatus" }, "geometry": { "type": "Point", "coordinates": [ 121.038605, 14.603709 ] } },
{ "type": "Feature", "properties": { "fid": 2111, "gbifID": 3648196645, "occurrenceID": "URN:catalog:CLO:EBIRD:OBS1242471484", "order": "Psittaciformes", "family": "Psittacidae", "genus": "Loriculus", "species": "Loriculus philippensis" }, "geometry": { "type": "Point", "coordinates": [ 121.041954, 14.602813 ] } },
{ "type": "Feature", "properties": { "fid": 2112, "gbifID": 4767415872, "occurrenceID": "URN:catalog:CLO:EBIRD:OBS1609959570", "order": "Coraciiformes", "family": "Alcedinidae", "genus": "Alcedo", "species": "Alcedo atthis" }, "geometry": { "type": "Point", "coordinates": [ 121.04109, 14.60195 ] } },
{ "type": "Feature", "properties": { "fid": 2113, "gbifID": 4838016406, "occurrenceID": "URN:catalog:CLO:EBIRD:OBS1738931602", "order": "Passeriformes", "family": "Hirundinidae", "genus": "Hirundo", "species": "Hirundo javanica" }, "geometry": { "type": "Point", "coordinates": [ 121.04815, 14.601044 ] } },
{ "type": "Feature", "properties": { "fid": 2114, "gbifID": 3671298302, "occurrenceID": "URN:catalog:CLO:EBIRD:OBS1121865204", "order": "Columbiformes", "family": "Columbidae", "genus": "Geopelia", "species": "Geopelia striata" }, "geometry": { "type": "Point", "coordinates": [ 121.02639, 14.606391 ] } },
{ "type": "Feature", "properties": { "fid": 2115, "gbifID": 4199785487, "occurrenceID": "URN:catalog:CLO:EBIRD:OBS1429755150", "order": "Passeriformes", "family": "Muscicapidae", "genus": "Copsychus", "species": "Copsychus mindanensis" }, "geometry": { "type": "Point", "coordinates": [ 121.04898, 14.589453 ] } },
{ "type": "Feature", "properties": { "fid": 2116, "gbifID": 3517175665, "occurrenceID": "URN:catalog:CLO:EBIRD:OBS1112488560", "order": "Passeriformes", "family": "Rhipiduridae", "genus": "Rhipidura", "species": "Rhipidura nigritorquis" }, "geometry": { "type": "Point", "coordinates": [ 121.03771, 14.606191 ] } },
{ "type": "Feature", "properties": { "fid": 2117, "gbifID": 5503743796, "occurrenceID": "URN:catalog:CLO:EBIRD:OBS1954981494", "order": "Passeriformes", "family": "Sturnidae", "genus": "Acridotheres", "species": "Acridotheres cristatellus" }, "geometry": { "type": "Point", "coordinates": [ 121.05694, 14.590089 ] } },
{ "type": "Feature", "properties": { "fid": 2118, "gbifID": 4324796011, "occurrenceID": "URN:catalog:CLO:EBIRD:OBS1350507685", "order": "Piciformes", "family": "Megalaimidae", "genus": "Psilopogon", "species": "Psilopogon haemacephalus" }, "geometry": { "type": "Point", "coordinates": [ 121.042046, 14.594734 ] } },
{ "type": "Feature", "properties": { "fid": 2120, "gbifID": 4233316979, "occurrenceID": "URN:catalog:CLO:EBIRD:OBS1357358300", "order": "Charadriiformes", "family": "Scolopacidae", "genus": "Actitis", "species": "Actitis hypoleucos" }, "geometry": { "type": "Point", "coordinates": [ 121.04898, 14.589453 ] } },
{ "type": "Feature", "properties": { "fid": 2121, "gbifID": 4215009816, "occurrenceID": "URN:catalog:CLO:EBIRD:OBS1361349424", "order": "Pelecaniformes", "family": "Ardeidae", "genus": "Egretta", "species": "Egretta garzetta" }, "geometry": { "type": "Point", "coordinates": [ 121.042046, 14.594734 ] } },
{ "type": "Feature", "properties": { "fid": 2122, "gbifID": 4781863462, "occurrenceID": "URN:catalog:CLO:EBIRD:OBS1630537595", "order": "Passeriformes", "family": "Passeridae", "genus": "Passer", "species": "Passer montanus" }, "geometry": { "type": "Point", "coordinates": [ 121.04677, 14.59694 ] } },
{ "type": "Feature", "properties": { "fid": 2123, "gbifID": 4197699811, "occurrenceID": "URN:catalog:CLO:EBIRD:OBS1329317473", "order": "Apodiformes", "family": "Apodidae", "genus": "Aerodramus", "species": "Aerodramus amelis" }, "geometry": { "type": "Point", "coordinates": [ 121.04553, 14.597787 ] } },
{ "type": "Feature", "properties": { "fid": 2124, "gbifID": 3510688632, "occurrenceID": "URN:catalog:CLO:EBIRD:OBS1093523359", "order": "Passeriformes", "family": "Zosteropidae", "genus": "Zosterops", "species": "Zosterops meyeni" }, "geometry": { "type": "Point", "coordinates": [ 121.04677, 14.59694 ] } },
{ "type": "Feature", "properties": { "fid": 2125, "gbifID": 3270923438, "occurrenceID": "URN:catalog:CLO:EBIRD:OBS933608505", "order": "Columbiformes", "family": "Columbidae", "genus": "Geopelia", "species": "Geopelia striata" }, "geometry": { "type": "Point", "coordinates": [ 121.05384, 14.579544 ] } },
{ "type": "Feature", "properties": { "fid": 2126, "gbifID": 5461792784, "occurrenceID": "URN:catalog:CLO:EBIRD:OBS1951483895", "order": "Passeriformes", "family": "Campephagidae", "genus": "Lalage", "species": "Lalage nigra" }, "geometry": { "type": "Point", "coordinates": [ 121.04774, 14.589665 ] } },
{ "type": "Feature", "properties": { "fid": 2128, "gbifID": 4645943412, "occurrenceID": "URN:catalog:CLO:EBIRD:OBS1726715787", "order": "Passeriformes", "family": "Sturnidae", "genus": "Aplonis", "species": "Aplonis panayensis" }, "geometry": { "type": "Point", "coordinates": [ 121.04109, 14.60195 ] } },
{ "type": "Feature", "properties": { "fid": 2129, "gbifID": 4350657272, "occurrenceID": "URN:catalog:CLO:EBIRD:OBS1430311532", "order": "Passeriformes", "family": "Acanthizidae", "genus": "Gerygone", "species": "Gerygone sulphurea" }, "geometry": { "type": "Point", "coordinates": [ 121.04898, 14.589453 ] } },
{ "type": "Feature", "properties": { "fid": 2130, "gbifID": 5471254708, "occurrenceID": "URN:catalog:CLO:EBIRD:OBS1956771825", "order": "Columbiformes", "family": "Columbidae", "genus": "Geopelia", "species": "Geopelia striata" }, "geometry": { "type": "Point", "coordinates": [ 121.04055, 14.605313 ] } },
{ "type": "Feature", "properties": { "fid": 2131, "gbifID": 3589047499, "occurrenceID": "URN:catalog:CLO:EBIRD:OBS1084314134", "order": "Passeriformes", "family": "Passeridae", "genus": "Passer", "species": "Passer montanus" }, "geometry": { "type": "Point", "coordinates": [ 121.04677, 14.59694 ] } },
{ "type": "Feature", "properties": { "fid": 2132, "gbifID": 3525013773, "occurrenceID": "URN:catalog:CLO:EBIRD:OBS1073375428", "order": "Passeriformes", "family": "Zosteropidae", "genus": "Zosterops", "species": "Zosterops meyeni" }, "geometry": { "type": "Point", "coordinates": [ 121.04677, 14.59694 ] } },
{ "type": "Feature", "properties": { "fid": 2133, "gbifID": 3539000736, "occurrenceID": "URN:catalog:CLO:EBIRD:OBS1099641329", "order": "Piciformes", "family": "Picidae", "genus": "Yungipicus", "species": "Yungipicus maculatus" }, "geometry": { "type": "Point", "coordinates": [ 121.04109, 14.60195 ] } },
{ "type": "Feature", "properties": { "fid": 2134, "gbifID": 4333717535, "occurrenceID": "URN:catalog:CLO:EBIRD:OBS1344447036", "order": "Piciformes", "family": "Picidae", "genus": "Yungipicus", "species": "Yungipicus maculatus" }, "geometry": { "type": "Point", "coordinates": [ 121.04728, 14.598908 ] } },
{ "type": "Feature", "properties": { "fid": 2135, "gbifID": 3296072309, "occurrenceID": "URN:catalog:CLO:EBIRD:OBS1007299901", "order": "Passeriformes", "family": "Passeridae", "genus": "Passer", "species": "Passer montanus" }, "geometry": { "type": "Point", "coordinates": [ 121.04363, 14.594279 ] } },
{ "type": "Feature", "properties": { "fid": 2136, "gbifID": 3516260849, "occurrenceID": "URN:catalog:CLO:EBIRD:OBS1098562092", "order": "Passeriformes", "family": "Nectariniidae", "genus": "Cinnyris", "species": "Cinnyris jugularis" }, "geometry": { "type": "Point", "coordinates": [ 121.04677, 14.59694 ] } },
{ "type": "Feature", "properties": { "fid": 2137, "gbifID": 3581148160, "occurrenceID": "URN:catalog:CLO:EBIRD:OBS1274963902", "order": "Piciformes", "family": "Picidae", "genus": "Yungipicus", "species": "Yungipicus maculatus" }, "geometry": { "type": "Point", "coordinates": [ 121.041954, 14.602813 ] } },
{ "type": "Feature", "properties": { "fid": 2138, "gbifID": 4270546005, "occurrenceID": "URN:catalog:CLO:EBIRD:OBS1429757713", "order": "Piciformes", "family": "Megalaimidae", "genus": "Psilopogon", "species": "Psilopogon haemacephalus" }, "geometry": { "type": "Point", "coordinates": [ 121.04898, 14.589453 ] } },
{ "type": "Feature", "properties": { "fid": 2139, "gbifID": 3285061120, "occurrenceID": "URN:catalog:CLO:EBIRD:OBS1004885093", "order": "Passeriformes", "family": "Pycnonotidae", "genus": "Pycnonotus", "species": "Pycnonotus goiavier" }, "geometry": { "type": "Point", "coordinates": [ 121.03753, 14.602924 ] } },
{ "type": "Feature", "properties": { "fid": 2141, "gbifID": 3680760124, "occurrenceID": "URN:catalog:CLO:EBIRD:OBS1117992351", "order": "Columbiformes", "family": "Columbidae", "genus": "Geopelia", "species": "Geopelia striata" }, "geometry": { "type": "Point", "coordinates": [ 121.038605, 14.603709 ] } },
{ "type": "Feature", "properties": { "fid": 2142, "gbifID": 5624211864, "occurrenceID": "URN:catalog:CLO:EBIRD:OBS1952214171", "order": "Passeriformes", "family": "Nectariniidae", "genus": "Cinnyris", "species": "Cinnyris jugularis" }, "geometry": { "type": "Point", "coordinates": [ 121.04774, 14.589665 ] } },
{ "type": "Feature", "properties": { "fid": 2143, "gbifID": 4705865030, "occurrenceID": "URN:catalog:CLO:EBIRD:OBS1629818771", "order": "Piciformes", "family": "Megalaimidae", "genus": "Psilopogon", "species": "Psilopogon haemacephalus" }, "geometry": { "type": "Point", "coordinates": [ 121.04297, 14.594615 ] } },
{ "type": "Feature", "properties": { "fid": 2144, "gbifID": 4327056058, "occurrenceID": "URN:catalog:CLO:EBIRD:OBS1331009395", "order": "Passeriformes", "family": "Acanthizidae", "genus": "Gerygone", "species": "Gerygone sulphurea" }, "geometry": { "type": "Point", "coordinates": [ 121.03753, 14.602924 ] } },
{ "type": "Feature", "properties": { "fid": 2145, "gbifID": 4213610748, "occurrenceID": "URN:catalog:CLO:EBIRD:OBS1429755154", "order": "Pelecaniformes", "family": "Ardeidae", "genus": "Egretta", "species": "Egretta intermedia" }, "geometry": { "type": "Point", "coordinates": [ 121.04898, 14.589453 ] } },
{ "type": "Feature", "properties": { "fid": 2146, "gbifID": 3666581114, "occurrenceID": "URN:catalog:CLO:EBIRD:OBS1111245696", "order": "Pelecaniformes", "family": "Ardeidae", "genus": "Egretta", "species": "Egretta garzetta" }, "geometry": { "type": "Point", "coordinates": [ 121.04109, 14.60195 ] } },
{ "type": "Feature", "properties": { "fid": 2147, "gbifID": 3674140233, "occurrenceID": "URN:catalog:CLO:EBIRD:OBS1114407117", "order": "Passeriformes", "family": "Corvidae", "genus": "Corvus", "species": null }, "geometry": { "type": "Point", "coordinates": [ 121.04109, 14.60195 ] } },
{ "type": "Feature", "properties": { "fid": 2149, "gbifID": 3620577733, "occurrenceID": "URN:catalog:CLO:EBIRD:OBS1145763444", "order": "Passeriformes", "family": "Nectariniidae", "genus": "Cinnyris", "species": "Cinnyris jugularis" }, "geometry": { "type": "Point", "coordinates": [ 121.04109, 14.60195 ] } },
{ "type": "Feature", "properties": { "fid": 2150, "gbifID": 4712154573, "occurrenceID": "URN:catalog:CLO:EBIRD:OBS1837252363", "order": "Passeriformes", "family": "Pycnonotidae", "genus": "Pycnonotus", "species": "Pycnonotus goiavier" }, "geometry": { "type": "Point", "coordinates": [ 121.05878, 14.588141 ] } },
{ "type": "Feature", "properties": { "fid": 2152, "gbifID": 4688562086, "occurrenceID": "URN:catalog:CLO:EBIRD:OBS1814720160", "order": "Columbiformes", "family": "Columbidae", "genus": "Geopelia", "species": "Geopelia striata" }, "geometry": { "type": "Point", "coordinates": [ 121.05878, 14.588141 ] } },
{ "type": "Feature", "properties": { "fid": 2154, "gbifID": 3534480914, "occurrenceID": "URN:catalog:CLO:EBIRD:OBS1200949602", "order": "Psittaciformes", "family": "Psittacidae", "genus": "Loriculus", "species": "Loriculus philippensis" }, "geometry": { "type": "Point", "coordinates": [ 121.03753, 14.602924 ] } },
{ "type": "Feature", "properties": { "fid": 2155, "gbifID": 5358689602, "occurrenceID": "URN:catalog:CLO:EBIRD:OBS2540247946", "order": "Passeriformes", "family": "Oriolidae", "genus": "Oriolus", "species": "Oriolus chinensis" }, "geometry": { "type": "Point", "coordinates": [ 121.04055, 14.605313 ] } },
{ "type": "Feature", "properties": { "fid": 2156, "gbifID": 5346482873, "occurrenceID": "URN:catalog:CLO:EBIRD:OBS1956750312", "order": "Pelecaniformes", "family": "Ardeidae", "genus": "Egretta", "species": "Egretta garzetta" }, "geometry": { "type": "Point", "coordinates": [ 121.04055, 14.605313 ] } },
{ "type": "Feature", "properties": { "fid": 2157, "gbifID": 4733470856, "occurrenceID": "URN:catalog:CLO:EBIRD:OBS1628948084", "order": "Apodiformes", "family": "Apodidae", "genus": "Collocalia", "species": "Collocalia marginata" }, "geometry": { "type": "Point", "coordinates": [ 121.058624, 14.588141 ] } },
{ "type": "Feature", "properties": { "fid": 2158, "gbifID": 4300084200, "occurrenceID": "URN:catalog:CLO:EBIRD:OBS1361349421", "order": "Passeriformes", "family": "Oriolidae", "genus": "Oriolus", "species": "Oriolus chinensis" }, "geometry": { "type": "Point", "coordinates": [ 121.042046, 14.594734 ] } },
{ "type": "Feature", "properties": { "fid": 2159, "gbifID": 3642524426, "occurrenceID": "URN:catalog:CLO:EBIRD:OBS1079353643", "order": "Columbiformes", "family": "Columbidae", "genus": "Columba", "species": "Columba livia" }, "geometry": { "type": "Point", "coordinates": [ 121.03964, 14.576538 ] } },
{ "type": "Feature", "properties": { "fid": 2161, "gbifID": 5514540660, "occurrenceID": "URN:catalog:CLO:EBIRD:OBS2527578501", "order": "Passeriformes", "family": "Passeridae", "genus": "Passer", "species": "Passer montanus" }, "geometry": { "type": "Point", "coordinates": [ 121.05737, 14.588144 ] } },
{ "type": "Feature", "properties": { "fid": 2162, "gbifID": 3645636243, "occurrenceID": "URN:catalog:CLO:EBIRD:OBS1218004472", "order": "Gruiformes", "family": "Rallidae", "genus": "Amaurornis", "species": "Amaurornis phoenicurus" }, "geometry": { "type": "Point", "coordinates": [ 121.04898, 14.589453 ] } },
{ "type": "Feature", "properties": { "fid": 2163, "gbifID": 4253707880, "occurrenceID": "URN:catalog:CLO:EBIRD:OBS1331009383", "order": "Passeriformes", "family": "Passeridae", "genus": "Passer", "species": "Passer montanus" }, "geometry": { "type": "Point", "coordinates": [ 121.03753, 14.602924 ] } },
{ "type": "Feature", "properties": { "fid": 2164, "gbifID": 3619619177, "occurrenceID": "URN:catalog:CLO:EBIRD:OBS1117792190", "order": "Passeriformes", "family": "Sturnidae", "genus": "Aplonis", "species": "Aplonis panayensis" }, "geometry": { "type": "Point", "coordinates": [ 121.04109, 14.60195 ] } },
{ "type": "Feature", "properties": { "fid": 2165, "gbifID": 4321255818, "occurrenceID": "URN:catalog:CLO:EBIRD:OBS1357358305", "order": "Passeriformes", "family": "Laniidae", "genus": "Lanius", "species": "Lanius cristatus" }, "geometry": { "type": "Point", "coordinates": [ 121.04898, 14.589453 ] } },
{ "type": "Feature", "properties": { "fid": 2166, "gbifID": 3255900899, "occurrenceID": "URN:catalog:CLO:EBIRD:OBS1011600867", "order": "Passeriformes", "family": "Pycnonotidae", "genus": "Pycnonotus", "species": "Pycnonotus goiavier" }, "geometry": { "type": "Point", "coordinates": [ 121.03753, 14.602924 ] } },
{ "type": "Feature", "properties": { "fid": 2168, "gbifID": 3510338742, "occurrenceID": "URN:catalog:CLO:EBIRD:OBS1098562097", "order": "Columbiformes", "family": "Columbidae", "genus": "Treron", "species": "Treron vernans" }, "geometry": { "type": "Point", "coordinates": [ 121.04677, 14.59694 ] } },
{ "type": "Feature", "properties": { "fid": 2169, "gbifID": 3659727906, "occurrenceID": "URN:catalog:CLO:EBIRD:OBS1140362939", "order": "Passeriformes", "family": "Dicaeidae", "genus": "Dicaeum", "species": "Dicaeum australe" }, "geometry": { "type": "Point", "coordinates": [ 121.04044, 14.606056 ] } },
{ "type": "Feature", "properties": { "fid": 2170, "gbifID": 4287344305, "occurrenceID": "URN:catalog:CLO:EBIRD:OBS1466546096", "order": "Apodiformes", "family": "Apodidae", "genus": "Collocalia", "species": "Collocalia marginata" }, "geometry": { "type": "Point", "coordinates": [ 121.03708, 14.59188 ] } },
{ "type": "Feature", "properties": { "fid": 2171, "gbifID": 3179533972, "occurrenceID": "URN:catalog:CLO:EBIRD:OBS915632769", "order": "Passeriformes", "family": "Acanthizidae", "genus": "Gerygone", "species": "Gerygone sulphurea" }, "geometry": { "type": "Point", "coordinates": [ 121.02639, 14.606391 ] } },
{ "type": "Feature", "properties": { "fid": 2172, "gbifID": 4230241083, "occurrenceID": "URN:catalog:CLO:EBIRD:OBS1357358292", "order": "Columbiformes", "family": "Columbidae", "genus": "Spilopelia", "species": "Spilopelia chinensis" }, "geometry": { "type": "Point", "coordinates": [ 121.04898, 14.589453 ] } },
{ "type": "Feature", "properties": { "fid": 2173, "gbifID": 3512181163, "occurrenceID": "URN:catalog:CLO:EBIRD:OBS1080186943", "order": "Columbiformes", "family": "Columbidae", "genus": "Columba", "species": "Columba livia" }, "geometry": { "type": "Point", "coordinates": [ 121.03964, 14.576538 ] } },
{ "type": "Feature", "properties": { "fid": 2174, "gbifID": 3559351427, "occurrenceID": "URN:catalog:CLO:EBIRD:OBS1117823918", "order": "Passeriformes", "family": "Oriolidae", "genus": "Oriolus", "species": "Oriolus chinensis" }, "geometry": { "type": "Point", "coordinates": [ 121.03771, 14.606191 ] } },
{ "type": "Feature", "properties": { "fid": 2175, "gbifID": 4204454547, "occurrenceID": "URN:catalog:CLO:EBIRD:OBS1350512004", "order": "Pelecaniformes", "family": "Ardeidae", "genus": "Egretta", "species": "Egretta garzetta" }, "geometry": { "type": "Point", "coordinates": [ 121.042046, 14.594734 ] } },
{ "type": "Feature", "properties": { "fid": 2176, "gbifID": 4210973325, "occurrenceID": "URN:catalog:CLO:EBIRD:OBS1361349423", "order": "Passeriformes", "family": "Dicaeidae", "genus": "Dicaeum", "species": "Dicaeum australe" }, "geometry": { "type": "Point", "coordinates": [ 121.042046, 14.594734 ] } },
{ "type": "Feature", "properties": { "fid": 2177, "gbifID": 4696918741, "occurrenceID": "URN:catalog:CLO:EBIRD:OBS1800847865", "order": "Columbiformes", "family": "Columbidae", "genus": "Geopelia", "species": "Geopelia striata" }, "geometry": { "type": "Point", "coordinates": [ 121.03753, 14.602924 ] } },
{ "type": "Feature", "properties": { "fid": 2178, "gbifID": 3512217061, "occurrenceID": "URN:catalog:CLO:EBIRD:OBS1081460633", "order": "Columbiformes", "family": "Columbidae", "genus": "Geopelia", "species": "Geopelia striata" }, "geometry": { "type": "Point", "coordinates": [ 121.04904, 14.589351 ] } },
{ "type": "Feature", "properties": { "fid": 2179, "gbifID": 3581905996, "occurrenceID": "URN:catalog:CLO:EBIRD:OBS1237382198", "order": "Passeriformes", "family": "Rhipiduridae", "genus": "Rhipidura", "species": "Rhipidura nigritorquis" }, "geometry": { "type": "Point", "coordinates": [ 121.04307, 14.595008 ] } },
{ "type": "Feature", "properties": { "fid": 2180, "gbifID": 3519012222, "occurrenceID": "URN:catalog:CLO:EBIRD:OBS1093523353", "order": "Passeriformes", "family": "Passeridae", "genus": "Passer", "species": "Passer montanus" }, "geometry": { "type": "Point", "coordinates": [ 121.04677, 14.59694 ] } },
{ "type": "Feature", "properties": { "fid": 2181, "gbifID": 3617942926, "occurrenceID": "URN:catalog:CLO:EBIRD:OBS1132503809", "order": "Passeriformes", "family": "Laniidae", "genus": "Lanius", "species": "Lanius cristatus" }, "geometry": { "type": "Point", "coordinates": [ 121.040436, 14.605678 ] } },
{ "type": "Feature", "properties": { "fid": 2182, "gbifID": 3540472752, "occurrenceID": "URN:catalog:CLO:EBIRD:OBS1266508553", "order": "Pelecaniformes", "family": "Ardeidae", "genus": "Egretta", "species": "Egretta garzetta" }, "geometry": { "type": "Point", "coordinates": [ 121.04677, 14.59694 ] } },
{ "type": "Feature", "properties": { "fid": 2183, "gbifID": 3235054468, "occurrenceID": "URN:catalog:CLO:EBIRD:OBS915635959", "order": "Coraciiformes", "family": "Alcedinidae", "genus": "Todiramphus", "species": "Todiramphus chloris" }, "geometry": { "type": "Point", "coordinates": [ 121.03753, 14.602924 ] } },
{ "type": "Feature", "properties": { "fid": 2184, "gbifID": 3224280044, "occurrenceID": "URN:catalog:CLO:EBIRD:OBS916172612", "order": "Passeriformes", "family": "Hirundinidae", "genus": "Hirundo", "species": "Hirundo javanica" }, "geometry": { "type": "Point", "coordinates": [ 121.04833, 14.572577 ] } },
{ "type": "Feature", "properties": { "fid": 2185, "gbifID": 3655439053, "occurrenceID": "URN:catalog:CLO:EBIRD:OBS1140362943", "order": "Coraciiformes", "family": "Alcedinidae", "genus": "Halcyon", "species": "Halcyon gularis" }, "geometry": { "type": "Point", "coordinates": [ 121.04044, 14.606056 ] } },
{ "type": "Feature", "properties": { "fid": 2186, "gbifID": 4202669023, "occurrenceID": "URN:catalog:CLO:EBIRD:OBS1329314367", "order": "Passeriformes", "family": "Oriolidae", "genus": "Oriolus", "species": "Oriolus chinensis" }, "geometry": { "type": "Point", "coordinates": [ 121.04553, 14.597787 ] } },
{ "type": "Feature", "properties": { "fid": 2187, "gbifID": 3508269080, "occurrenceID": "URN:catalog:CLO:EBIRD:OBS1054332202", "order": "Passeriformes", "family": "Laniidae", "genus": "Lanius", "species": "Lanius cristatus" }, "geometry": { "type": "Point", "coordinates": [ 121.03753, 14.602924 ] } },
{ "type": "Feature", "properties": { "fid": 2188, "gbifID": 3285837448, "occurrenceID": "URN:catalog:CLO:EBIRD:OBS1007299904", "order": "Columbiformes", "family": "Columbidae", "genus": "Geopelia", "species": "Geopelia striata" }, "geometry": { "type": "Point", "coordinates": [ 121.04363, 14.594279 ] } },
{ "type": "Feature", "properties": { "fid": 2189, "gbifID": 3135294082, "occurrenceID": "URN:catalog:CLO:EBIRD:OBS865790461", "order": "Passeriformes", "family": "Laniidae", "genus": "Lanius", "species": "Lanius cristatus" }, "geometry": { "type": "Point", "coordinates": [ 121.03753, 14.602924 ] } },
{ "type": "Feature", "properties": { "fid": 2190, "gbifID": 3508014449, "occurrenceID": "URN:catalog:CLO:EBIRD:OBS1054332212", "order": "Pelecaniformes", "family": "Ardeidae", "genus": "Egretta", "species": "Egretta garzetta" }, "geometry": { "type": "Point", "coordinates": [ 121.03753, 14.602924 ] } },
{ "type": "Feature", "properties": { "fid": 2191, "gbifID": 3608031276, "occurrenceID": "URN:catalog:CLO:EBIRD:OBS1274963892", "order": "Pelecaniformes", "family": "Ardeidae", "genus": "Butorides", "species": "Butorides striata" }, "geometry": { "type": "Point", "coordinates": [ 121.041954, 14.602813 ] } },
{ "type": "Feature", "properties": { "fid": 2192, "gbifID": 5529935255, "occurrenceID": "URN:catalog:CLO:EBIRD:OBS1956772189", "order": "Passeriformes", "family": "Oriolidae", "genus": "Oriolus", "species": "Oriolus chinensis" }, "geometry": { "type": "Point", "coordinates": [ 121.03753, 14.602924 ] } },
{ "type": "Feature", "properties": { "fid": 2193, "gbifID": 5382889291, "occurrenceID": "URN:catalog:CLO:EBIRD:OBS1980598994", "order": "Passeriformes", "family": "Laniidae", "genus": "Lanius", "species": "Lanius cristatus" }, "geometry": { "type": "Point", "coordinates": [ 121.04055, 14.605313 ] } },
{ "type": "Feature", "properties": { "fid": 2194, "gbifID": 3681587347, "occurrenceID": "URN:catalog:CLO:EBIRD:OBS1073188619", "order": "Passeriformes", "family": "Laniidae", "genus": "Lanius", "species": "Lanius cristatus" }, "geometry": { "type": "Point", "coordinates": [ 121.04677, 14.59694 ] } },
{ "type": "Feature", "properties": { "fid": 2196, "gbifID": 4645973767, "occurrenceID": "URN:catalog:CLO:EBIRD:OBS1800847866", "order": "Passeriformes", "family": "Oriolidae", "genus": "Oriolus", "species": "Oriolus chinensis" }, "geometry": { "type": "Point", "coordinates": [ 121.03753, 14.602924 ] } },
{ "type": "Feature", "properties": { "fid": 2197, "gbifID": 3205319557, "occurrenceID": "URN:catalog:CLO:EBIRD:OBS998238267", "order": "Psittaciformes", "family": "Psittacidae", "genus": "Loriculus", "species": "Loriculus philippensis" }, "geometry": { "type": "Point", "coordinates": [ 121.03753, 14.602924 ] } },
{ "type": "Feature", "properties": { "fid": 2199, "gbifID": 3653473751, "occurrenceID": "URN:catalog:CLO:EBIRD:OBS1219817900", "order": "Passeriformes", "family": "Corvidae", "genus": "Corvus", "species": null }, "geometry": { "type": "Point", "coordinates": [ 121.04728, 14.598908 ] } },
{ "type": "Feature", "properties": { "fid": 2201, "gbifID": 4806464288, "occurrenceID": "URN:catalog:CLO:EBIRD:OBS1895420879", "order": "Pelecaniformes", "family": "Ardeidae", "genus": "Botaurus", "species": null }, "geometry": { "type": "Point", "coordinates": [ 121.041985, 14.595222 ] } },
{ "type": "Feature", "properties": { "fid": 2202, "gbifID": 4307987338, "occurrenceID": "URN:catalog:CLO:EBIRD:OBS1315919619", "order": "Psittaciformes", "family": "Psittacidae", "genus": "Loriculus", "species": "Loriculus philippensis" }, "geometry": { "type": "Point", "coordinates": [ 121.041954, 14.602813 ] } },
{ "type": "Feature", "properties": { "fid": 2203, "gbifID": 4623262734, "occurrenceID": "URN:catalog:CLO:EBIRD:OBS1794104825", "order": "Passeriformes", "family": "Passeridae", "genus": "Passer", "species": "Passer montanus" }, "geometry": { "type": "Point", "coordinates": [ 121.03753, 14.602924 ] } },
{ "type": "Feature", "properties": { "fid": 2204, "gbifID": 3691890957, "occurrenceID": "URN:catalog:CLO:EBIRD:OBS1117992359", "order": "Passeriformes", "family": "Laniidae", "genus": "Lanius", "species": "Lanius cristatus" }, "geometry": { "type": "Point", "coordinates": [ 121.04109, 14.60195 ] } },
{ "type": "Feature", "properties": { "fid": 2205, "gbifID": 3666098960, "occurrenceID": "URN:catalog:CLO:EBIRD:OBS1234561854", "order": "Passeriformes", "family": "Acanthizidae", "genus": "Gerygone", "species": "Gerygone sulphurea" }, "geometry": { "type": "Point", "coordinates": [ 121.03771, 14.606191 ] } },
{ "type": "Feature", "properties": { "fid": 2206, "gbifID": 3532604522, "occurrenceID": "URN:catalog:CLO:EBIRD:OBS1073190939", "order": "Passeriformes", "family": "Laniidae", "genus": "Lanius", "species": "Lanius cristatus" }, "geometry": { "type": "Point", "coordinates": [ 121.04677, 14.59694 ] } },
{ "type": "Feature", "properties": { "fid": 2207, "gbifID": 5602014423, "occurrenceID": "URN:catalog:CLO:EBIRD:OBS1980584561", "order": "Passeriformes", "family": "Rhipiduridae", "genus": "Rhipidura", "species": "Rhipidura nigritorquis" }, "geometry": { "type": "Point", "coordinates": [ 121.04055, 14.605313 ] } },
{ "type": "Feature", "properties": { "fid": 2208, "gbifID": 3609068567, "occurrenceID": "URN:catalog:CLO:EBIRD:OBS1092831327", "order": "Passeriformes", "family": "Passeridae", "genus": "Passer", "species": "Passer montanus" }, "geometry": { "type": "Point", "coordinates": [ 121.03964, 14.576538 ] } },
{ "type": "Feature", "properties": { "fid": 2209, "gbifID": 3527737217, "occurrenceID": "URN:catalog:CLO:EBIRD:OBS1145765973", "order": "Passeriformes", "family": "Pycnonotidae", "genus": "Pycnonotus", "species": "Pycnonotus goiavier" }, "geometry": { "type": "Point", "coordinates": [ 121.04109, 14.60195 ] } },
{ "type": "Feature", "properties": { "fid": 2210, "gbifID": 3238811598, "occurrenceID": "URN:catalog:CLO:EBIRD:OBS915640005", "order": "Passeriformes", "family": "Nectariniidae", "genus": "Cinnyris", "species": "Cinnyris jugularis" }, "geometry": { "type": "Point", "coordinates": [ 121.03753, 14.602924 ] } },
{ "type": "Feature", "properties": { "fid": 2211, "gbifID": 4382420594, "occurrenceID": "URN:catalog:CLO:EBIRD:OBS1385753887", "order": "Passeriformes", "family": "Estrildidae", "genus": "Lonchura", "species": "Lonchura atricapilla" }, "geometry": { "type": "Point", "coordinates": [ 121.04728, 14.598908 ] } },
{ "type": "Feature", "properties": { "fid": 2212, "gbifID": 5374288804, "occurrenceID": "URN:catalog:CLO:EBIRD:OBS1954981492", "order": "Passeriformes", "family": "Pycnonotidae", "genus": "Pycnonotus", "species": "Pycnonotus goiavier" }, "geometry": { "type": "Point", "coordinates": [ 121.05694, 14.590089 ] } },
{ "type": "Feature", "properties": { "fid": 2213, "gbifID": 4731214632, "occurrenceID": "URN:catalog:CLO:EBIRD:OBS1853824760", "order": "Columbiformes", "family": "Columbidae", "genus": "Geopelia", "species": "Geopelia striata" }, "geometry": { "type": "Point", "coordinates": [ 121.05878, 14.588141 ] } },
{ "type": "Feature", "properties": { "fid": 2214, "gbifID": 4838758535, "occurrenceID": "URN:catalog:CLO:EBIRD:OBS1956762780", "order": "Columbiformes", "family": "Columbidae", "genus": "Spilopelia", "species": "Spilopelia chinensis" }, "geometry": { "type": "Point", "coordinates": [ 121.04055, 14.605313 ] } },
{ "type": "Feature", "properties": { "fid": 2215, "gbifID": 4830079688, "occurrenceID": "URN:catalog:CLO:EBIRD:OBS1951591852", "order": "Passeriformes", "family": "Pycnonotidae", "genus": "Pycnonotus", "species": "Pycnonotus goiavier" }, "geometry": { "type": "Point", "coordinates": [ 121.03665, 14.589744 ] } },
{ "type": "Feature", "properties": { "fid": 2216, "gbifID": 3539755253, "occurrenceID": "URN:catalog:CLO:EBIRD:OBS1069482037", "order": "Passeriformes", "family": "Sturnidae", "genus": "Aplonis", "species": "Aplonis panayensis" }, "geometry": { "type": "Point", "coordinates": [ 121.04677, 14.59694 ] } },
{ "type": "Feature", "properties": { "fid": 2217, "gbifID": 3624310776, "occurrenceID": "URN:catalog:CLO:EBIRD:OBS1119129882", "order": "Passeriformes", "family": "Dicaeidae", "genus": "Dicaeum", "species": "Dicaeum australe" }, "geometry": { "type": "Point", "coordinates": [ 121.03753, 14.602924 ] } },
{ "type": "Feature", "properties": { "fid": 2218, "gbifID": 3658052674, "occurrenceID": "URN:catalog:CLO:EBIRD:OBS1219817899", "order": "Psittaciformes", "family": "Psittacidae", "genus": "Loriculus", "species": "Loriculus philippensis" }, "geometry": { "type": "Point", "coordinates": [ 121.04728, 14.598908 ] } },
{ "type": "Feature", "properties": { "fid": 2219, "gbifID": 3222417057, "occurrenceID": "URN:catalog:CLO:EBIRD:OBS865788036", "order": "Piciformes", "family": "Megalaimidae", "genus": "Psilopogon", "species": "Psilopogon haemacephalus" }, "geometry": { "type": "Point", "coordinates": [ 121.03753, 14.602924 ] } },
{ "type": "Feature", "properties": { "fid": 2220, "gbifID": 3514554083, "occurrenceID": "URN:catalog:CLO:EBIRD:OBS1112488574", "order": "Passeriformes", "family": "Motacillidae", "genus": "Motacilla", "species": "Motacilla cinerea" }, "geometry": { "type": "Point", "coordinates": [ 121.04109, 14.60195 ] } },
{ "type": "Feature", "properties": { "fid": 2221, "gbifID": 5515141287, "occurrenceID": "URN:catalog:CLO:EBIRD:OBS2184288202", "order": "Passeriformes", "family": "Passeridae", "genus": "Passer", "species": "Passer montanus" }, "geometry": { "type": "Point", "coordinates": [ 121.05959, 14.585716 ] } },
{ "type": "Feature", "properties": { "fid": 2222, "gbifID": 3664839492, "occurrenceID": "URN:catalog:CLO:EBIRD:OBS1117992327", "order": "Columbiformes", "family": "Columbidae", "genus": "Columba", "species": "Columba livia" }, "geometry": { "type": "Point", "coordinates": [ 121.03771, 14.606191 ] } },
{ "type": "Feature", "properties": { "fid": 2224, "gbifID": 3624045593, "occurrenceID": "URN:catalog:CLO:EBIRD:OBS1251706968", "order": "Passeriformes", "family": "Zosteropidae", "genus": "Zosterops", "species": "Zosterops meyeni" }, "geometry": { "type": "Point", "coordinates": [ 121.041954, 14.602813 ] } },
{ "type": "Feature", "properties": { "fid": 2225, "gbifID": 5373164210, "occurrenceID": "URN:catalog:CLO:EBIRD:OBS2351968844", "order": "Columbiformes", "family": "Columbidae", "genus": "Columba", "species": "Columba livia" }, "geometry": { "type": "Point", "coordinates": [ 121.05878, 14.588141 ] } },
{ "type": "Feature", "properties": { "fid": 2226, "gbifID": 4683072887, "occurrenceID": "URN:catalog:CLO:EBIRD:OBS1837039405", "order": "Apodiformes", "family": "Apodidae", "genus": "Collocalia", "species": "Collocalia marginata" }, "geometry": { "type": "Point", "coordinates": [ 121.05878, 14.588141 ] } },
{ "type": "Feature", "properties": { "fid": 2227, "gbifID": 5389178746, "occurrenceID": "URN:catalog:CLO:EBIRD:OBS1952214170", "order": "Columbiformes", "family": "Columbidae", "genus": "Geopelia", "species": "Geopelia striata" }, "geometry": { "type": "Point", "coordinates": [ 121.04774, 14.589665 ] } },
{ "type": "Feature", "properties": { "fid": 2228, "gbifID": 3653288574, "occurrenceID": "URN:catalog:CLO:EBIRD:OBS1218004475", "order": "Passeriformes", "family": "Acanthizidae", "genus": "Gerygone", "species": "Gerygone sulphurea" }, "geometry": { "type": "Point", "coordinates": [ 121.04898, 14.589453 ] } },
{ "type": "Feature", "properties": { "fid": 2229, "gbifID": 4204160373, "occurrenceID": "URN:catalog:CLO:EBIRD:OBS1329314364", "order": "Piciformes", "family": "Picidae", "genus": "Yungipicus", "species": "Yungipicus maculatus" }, "geometry": { "type": "Point", "coordinates": [ 121.04553, 14.597787 ] } },
{ "type": "Feature", "properties": { "fid": 2231, "gbifID": 4189163707, "occurrenceID": "URN:catalog:CLO:EBIRD:OBS1315919617", "order": "Pelecaniformes", "family": "Ardeidae", "genus": "Egretta", "species": "Egretta garzetta" }, "geometry": { "type": "Point", "coordinates": [ 121.041954, 14.602813 ] } },
{ "type": "Feature", "properties": { "fid": 2232, "gbifID": 3631292639, "occurrenceID": "URN:catalog:CLO:EBIRD:OBS1121876301", "order": "Passeriformes", "family": "Pycnonotidae", "genus": "Pycnonotus", "species": "Pycnonotus goiavier" }, "geometry": { "type": "Point", "coordinates": [ 121.02639, 14.606391 ] } },
{ "type": "Feature", "properties": { "fid": 2233, "gbifID": 5550704618, "occurrenceID": "URN:catalog:CLO:EBIRD:OBS2527587327", "order": "Passeriformes", "family": "Laniidae", "genus": "Lanius", "species": "Lanius cristatus" }, "geometry": { "type": "Point", "coordinates": [ 121.05737, 14.588144 ] } },
{ "type": "Feature", "properties": { "fid": 2234, "gbifID": 5389756389, "occurrenceID": "URN:catalog:CLO:EBIRD:OBS2708448629", "order": "Passeriformes", "family": "Hirundinidae", "genus": "Hirundo", "species": "Hirundo rustica" }, "geometry": { "type": "Point", "coordinates": [ 121.05332, 14.604934 ] } },
{ "type": "Feature", "properties": { "fid": 2235, "gbifID": 3670418607, "occurrenceID": "URN:catalog:CLO:EBIRD:OBS1082880924", "order": "Passeriformes", "family": "Rhipiduridae", "genus": "Rhipidura", "species": "Rhipidura nigritorquis" }, "geometry": { "type": "Point", "coordinates": [ 121.04677, 14.59694 ] } },
{ "type": "Feature", "properties": { "fid": 2237, "gbifID": 3623513548, "occurrenceID": "URN:catalog:CLO:EBIRD:OBS1116028575", "order": "Passeriformes", "family": "Passeridae", "genus": "Passer", "species": "Passer montanus" }, "geometry": { "type": "Point", "coordinates": [ 121.04044, 14.606056 ] } },
{ "type": "Feature", "properties": { "fid": 2238, "gbifID": 3536367930, "occurrenceID": "URN:catalog:CLO:EBIRD:OBS1200949597", "order": "Passeriformes", "family": "Nectariniidae", "genus": "Cinnyris", "species": "Cinnyris jugularis" }, "geometry": { "type": "Point", "coordinates": [ 121.03753, 14.602924 ] } },
{ "type": "Feature", "properties": { "fid": 2239, "gbifID": 3682136601, "occurrenceID": "URN:catalog:CLO:EBIRD:OBS1215777227", "order": "Passeriformes", "family": "Campephagidae", "genus": "Lalage", "species": "Lalage nigra" }, "geometry": { "type": "Point", "coordinates": [ 121.04307, 14.595008 ] } },
{ "type": "Feature", "properties": { "fid": 2240, "gbifID": 5339452252, "occurrenceID": "URN:catalog:CLO:EBIRD:OBS1949799956", "order": "Passeriformes", "family": "Hirundinidae", "genus": "Cecropis", "species": "Cecropis daurica" }, "geometry": { "type": "Point", "coordinates": [ 121.049225, 14.589323 ] } },
{ "type": "Feature", "properties": { "fid": 2241, "gbifID": 3516520374, "occurrenceID": "URN:catalog:CLO:EBIRD:OBS1049203862", "order": "Passeriformes", "family": "Pycnonotidae", "genus": "Pycnonotus", "species": "Pycnonotus goiavier" }, "geometry": { "type": "Point", "coordinates": [ 121.04265, 14.606585 ] } },
{ "type": "Feature", "properties": { "fid": 2242, "gbifID": 3612455864, "occurrenceID": "URN:catalog:CLO:EBIRD:OBS1098581588", "order": "Passeriformes", "family": "Laniidae", "genus": "Lanius", "species": "Lanius cristatus" }, "geometry": { "type": "Point", "coordinates": [ 121.03753, 14.602924 ] } },
{ "type": "Feature", "properties": { "fid": 2243, "gbifID": 5469689882, "occurrenceID": "URN:catalog:CLO:EBIRD:OBS2220359432", "order": "Passeriformes", "family": "Nectariniidae", "genus": "Cinnyris", "species": "Cinnyris jugularis" }, "geometry": { "type": "Point", "coordinates": [ 121.0307, 14.605167 ] } },
{ "type": "Feature", "properties": { "fid": 2244, "gbifID": 3151440583, "occurrenceID": "URN:catalog:CLO:EBIRD:OBS917191087", "order": "Columbiformes", "family": "Columbidae", "genus": "Geopelia", "species": "Geopelia striata" }, "geometry": { "type": "Point", "coordinates": [ 121.03753, 14.602924 ] } },
{ "type": "Feature", "properties": { "fid": 2245, "gbifID": 4349854415, "occurrenceID": "URN:catalog:CLO:EBIRD:OBS1474021943", "order": "Passeriformes", "family": "Pycnonotidae", "genus": "Pycnonotus", "species": "Pycnonotus goiavier" }, "geometry": { "type": "Point", "coordinates": [ 121.03708, 14.59188 ] } },
{ "type": "Feature", "properties": { "fid": 2246, "gbifID": 5653684643, "occurrenceID": "URN:catalog:CLO:EBIRD:OBS1980598425", "order": "Passeriformes", "family": "Passeridae", "genus": "Passer", "species": "Passer montanus" }, "geometry": { "type": "Point", "coordinates": [ 121.04055, 14.605313 ] } },
{ "type": "Feature", "properties": { "fid": 2248, "gbifID": 4287098527, "occurrenceID": "URN:catalog:CLO:EBIRD:OBS1470005511", "order": "Passeriformes", "family": "Passeridae", "genus": "Passer", "species": "Passer montanus" }, "geometry": { "type": "Point", "coordinates": [ 121.03708, 14.59188 ] } },
{ "type": "Feature", "properties": { "fid": 2250, "gbifID": 4234540116, "occurrenceID": "URN:catalog:CLO:EBIRD:OBS1357358298", "order": "Passeriformes", "family": "Muscicapidae", "genus": "Copsychus", "species": "Copsychus mindanensis" }, "geometry": { "type": "Point", "coordinates": [ 121.04898, 14.589453 ] } },
{ "type": "Feature", "properties": { "fid": 2251, "gbifID": 3587545055, "occurrenceID": "URN:catalog:CLO:EBIRD:OBS1073187024", "order": "Passeriformes", "family": "Pycnonotidae", "genus": "Pycnonotus", "species": "Pycnonotus goiavier" }, "geometry": { "type": "Point", "coordinates": [ 121.04055, 14.605313 ] } },
{ "type": "Feature", "properties": { "fid": 2252, "gbifID": 3694961405, "occurrenceID": "URN:catalog:CLO:EBIRD:OBS1246521779", "order": "Passeriformes", "family": "Rhipiduridae", "genus": "Rhipidura", "species": "Rhipidura nigritorquis" }, "geometry": { "type": "Point", "coordinates": [ 121.04728, 14.598908 ] } },
{ "type": "Feature", "properties": { "fid": 2253, "gbifID": 3554159346, "occurrenceID": "URN:catalog:CLO:EBIRD:OBS1129473872", "order": "Passeriformes", "family": "Passeridae", "genus": "Passer", "species": "Passer montanus" }, "geometry": { "type": "Point", "coordinates": [ 121.038605, 14.603709 ] } },
{ "type": "Feature", "properties": { "fid": 2254, "gbifID": 4329517191, "occurrenceID": "URN:catalog:CLO:EBIRD:OBS1572207376", "order": "Pelecaniformes", "family": "Ardeidae", "genus": "Egretta", "species": "Egretta garzetta" }, "geometry": { "type": "Point", "coordinates": [ 121.05711, 14.580716 ] } },
{ "type": "Feature", "properties": { "fid": 2255, "gbifID": 4309011829, "occurrenceID": "URN:catalog:CLO:EBIRD:OBS1313289257", "order": "Passeriformes", "family": "Laniidae", "genus": "Lanius", "species": "Lanius cristatus" }, "geometry": { "type": "Point", "coordinates": [ 121.04044, 14.606056 ] } },
{ "type": "Feature", "properties": { "fid": 2256, "gbifID": 3648201932, "occurrenceID": "URN:catalog:CLO:EBIRD:OBS1242468424", "order": "Coraciiformes", "family": "Alcedinidae", "genus": "Todiramphus", "species": "Todiramphus chloris" }, "geometry": { "type": "Point", "coordinates": [ 121.04109, 14.60195 ] } },
{ "type": "Feature", "properties": { "fid": 2258, "gbifID": 3608585417, "occurrenceID": "URN:catalog:CLO:EBIRD:OBS1111341786", "order": "Columbiformes", "family": "Columbidae", "genus": "Columba", "species": "Columba livia" }, "geometry": { "type": "Point", "coordinates": [ 121.03771, 14.606191 ] } },
{ "type": "Feature", "properties": { "fid": 2259, "gbifID": 3229548841, "occurrenceID": "URN:catalog:CLO:EBIRD:OBS917425575", "order": "Passeriformes", "family": "Passeridae", "genus": "Passer", "species": "Passer montanus" }, "geometry": { "type": "Point", "coordinates": [ 121.0311, 14.586659 ] } },
{ "type": "Feature", "properties": { "fid": 2260, "gbifID": 4391663060, "occurrenceID": "URN:catalog:CLO:EBIRD:OBS1518646412", "order": "Passeriformes", "family": "Oriolidae", "genus": "Oriolus", "species": "Oriolus chinensis" }, "geometry": { "type": "Point", "coordinates": [ 121.04677, 14.59694 ] } },
{ "type": "Feature", "properties": { "fid": 2261, "gbifID": 3281878832, "occurrenceID": "URN:catalog:CLO:EBIRD:OBS996913145", "order": "Columbiformes", "family": "Columbidae", "genus": "Spilopelia", "species": "Spilopelia chinensis" }, "geometry": { "type": "Point", "coordinates": [ 121.03753, 14.602924 ] } },
{ "type": "Feature", "properties": { "fid": 2262, "gbifID": 3673128676, "occurrenceID": "URN:catalog:CLO:EBIRD:OBS1122473255", "order": "Passeriformes", "family": "Nectariniidae", "genus": "Cinnyris", "species": "Cinnyris jugularis" }, "geometry": { "type": "Point", "coordinates": [ 121.038605, 14.603709 ] } },
{ "type": "Feature", "properties": { "fid": 2263, "gbifID": 3542317118, "occurrenceID": "URN:catalog:CLO:EBIRD:OBS1145765975", "order": "Passeriformes", "family": "Rhipiduridae", "genus": "Rhipidura", "species": "Rhipidura nigritorquis" }, "geometry": { "type": "Point", "coordinates": [ 121.04109, 14.60195 ] } },
{ "type": "Feature", "properties": { "fid": 2264, "gbifID": 3688313904, "occurrenceID": "URN:catalog:CLO:EBIRD:OBS1216850947", "order": "Passeriformes", "family": "Zosteropidae", "genus": "Zosterops", "species": "Zosterops meyeni" }, "geometry": { "type": "Point", "coordinates": [ 121.04109, 14.60195 ] } },
{ "type": "Feature", "properties": { "fid": 2265, "gbifID": 5320794189, "occurrenceID": "URN:catalog:CLO:EBIRD:OBS2552281877", "order": "Coraciiformes", "family": "Alcedinidae", "genus": "Todiramphus", "species": "Todiramphus chloris" }, "geometry": { "type": "Point", "coordinates": [ 121.04906, 14.589362 ] } },
{ "type": "Feature", "properties": { "fid": 2266, "gbifID": 3618964647, "occurrenceID": "URN:catalog:CLO:EBIRD:OBS1192335796", "order": "Passeriformes", "family": "Passeridae", "genus": "Passer", "species": "Passer montanus" }, "geometry": { "type": "Point", "coordinates": [ 121.03964, 14.576538 ] } },
{ "type": "Feature", "properties": { "fid": 2267, "gbifID": 4195248271, "occurrenceID": "URN:catalog:CLO:EBIRD:OBS1350507688", "order": "Passeriformes", "family": "Oriolidae", "genus": "Oriolus", "species": "Oriolus chinensis" }, "geometry": { "type": "Point", "coordinates": [ 121.042046, 14.594734 ] } },
{ "type": "Feature", "properties": { "fid": 2269, "gbifID": 3691993494, "occurrenceID": "URN:catalog:CLO:EBIRD:OBS1251721845", "order": "Passeriformes", "family": "Passeridae", "genus": "Passer", "species": "Passer montanus" }, "geometry": { "type": "Point", "coordinates": [ 121.04109, 14.60195 ] } },
{ "type": "Feature", "properties": { "fid": 2270, "gbifID": 3641852421, "occurrenceID": "URN:catalog:CLO:EBIRD:OBS1220882729", "order": "Passeriformes", "family": "Corvidae", "genus": "Corvus", "species": null }, "geometry": { "type": "Point", "coordinates": [ 121.04728, 14.598908 ] } },
{ "type": "Feature", "properties": { "fid": 2271, "gbifID": 4641749508, "occurrenceID": "URN:catalog:CLO:EBIRD:OBS1895417511", "order": "Passeriformes", "family": "Dicaeidae", "genus": "Dicaeum", "species": "Dicaeum australe" }, "geometry": { "type": "Point", "coordinates": [ 121.041985, 14.595222 ] } },
{ "type": "Feature", "properties": { "fid": 2272, "gbifID": 3133572058, "occurrenceID": "URN:catalog:CLO:EBIRD:OBS855597462", "order": "Passeriformes", "family": "Corvidae", "genus": "Corvus", "species": null }, "geometry": { "type": "Point", "coordinates": [ 121.057045, 14.589503 ] } },
{ "type": "Feature", "properties": { "fid": 2274, "gbifID": 4660367924, "occurrenceID": "URN:catalog:CLO:EBIRD:OBS1895417517", "order": "Passeriformes", "family": "Pycnonotidae", "genus": "Pycnonotus", "species": "Pycnonotus goiavier" }, "geometry": { "type": "Point", "coordinates": [ 121.041985, 14.595222 ] } },
{ "type": "Feature", "properties": { "fid": 2275, "gbifID": 3509336107, "occurrenceID": "URN:catalog:CLO:EBIRD:OBS1095984215", "order": "Pelecaniformes", "family": "Ardeidae", "genus": "Egretta", "species": "Egretta garzetta" }, "geometry": { "type": "Point", "coordinates": [ 121.03964, 14.576538 ] } },
{ "type": "Feature", "properties": { "fid": 2279, "gbifID": 5555255049, "occurrenceID": "URN:catalog:CLO:EBIRD:OBS1956771824", "order": "Piciformes", "family": "Megalaimidae", "genus": "Psilopogon", "species": "Psilopogon haemacephalus" }, "geometry": { "type": "Point", "coordinates": [ 121.04055, 14.605313 ] } },
{ "type": "Feature", "properties": { "fid": 2280, "gbifID": 4332798173, "occurrenceID": "URN:catalog:CLO:EBIRD:OBS1591411427", "order": "Passeriformes", "family": "Laniidae", "genus": "Lanius", "species": "Lanius cristatus" }, "geometry": { "type": "Point", "coordinates": [ 121.04109, 14.60195 ] } },
{ "type": "Feature", "properties": { "fid": 2281, "gbifID": 3641139026, "occurrenceID": "URN:catalog:CLO:EBIRD:OBS1259559258", "order": "Passeriformes", "family": "Sturnidae", "genus": "Aplonis", "species": "Aplonis panayensis" }, "geometry": { "type": "Point", "coordinates": [ 121.03964, 14.576538 ] } },
{ "type": "Feature", "properties": { "fid": 2282, "gbifID": 4192256723, "occurrenceID": "URN:catalog:CLO:EBIRD:OBS1339906111", "order": "Passeriformes", "family": "Rhipiduridae", "genus": "Rhipidura", "species": "Rhipidura nigritorquis" }, "geometry": { "type": "Point", "coordinates": [ 121.046486, 14.573293 ] } },
{ "type": "Feature", "properties": { "fid": 2283, "gbifID": 3611754009, "occurrenceID": "URN:catalog:CLO:EBIRD:OBS1132503819", "order": "Passeriformes", "family": "Rhipiduridae", "genus": "Rhipidura", "species": "Rhipidura nigritorquis" }, "geometry": { "type": "Point", "coordinates": [ 121.040436, 14.605678 ] } },
{ "type": "Feature", "properties": { "fid": 2284, "gbifID": 3527452347, "occurrenceID": "URN:catalog:CLO:EBIRD:OBS1073190928", "order": "Passeriformes", "family": "Phylloscopidae", "genus": "Phylloscopus", "species": "Phylloscopus borealis" }, "geometry": { "type": "Point", "coordinates": [ 121.04677, 14.59694 ] } },
{ "type": "Feature", "properties": { "fid": 2285, "gbifID": 4239681267, "occurrenceID": "URN:catalog:CLO:EBIRD:OBS1350514530", "order": "Piciformes", "family": "Picidae", "genus": "Yungipicus", "species": "Yungipicus maculatus" }, "geometry": { "type": "Point", "coordinates": [ 121.042046, 14.594734 ] } },
{ "type": "Feature", "properties": { "fid": 2286, "gbifID": 4331958022, "occurrenceID": "URN:catalog:CLO:EBIRD:OBS1357358297", "order": "Passeriformes", "family": "Rhipiduridae", "genus": "Rhipidura", "species": "Rhipidura nigritorquis" }, "geometry": { "type": "Point", "coordinates": [ 121.04898, 14.589453 ] } },
{ "type": "Feature", "properties": { "fid": 2287, "gbifID": 3648436680, "occurrenceID": "URN:catalog:CLO:EBIRD:OBS1219817904", "order": "Columbiformes", "family": "Columbidae", "genus": "Geopelia", "species": "Geopelia striata" }, "geometry": { "type": "Point", "coordinates": [ 121.04728, 14.598908 ] } },
{ "type": "Feature", "properties": { "fid": 2289, "gbifID": 3264770930, "occurrenceID": "URN:catalog:CLO:EBIRD:OBS1011600296", "order": "Pelecaniformes", "family": "Ardeidae", "genus": "Egretta", "species": "Egretta garzetta" }, "geometry": { "type": "Point", "coordinates": [ 121.03753, 14.602924 ] } },
{ "type": "Feature", "properties": { "fid": 2290, "gbifID": 3556136826, "occurrenceID": "URN:catalog:CLO:EBIRD:OBS1073190930", "order": "Passeriformes", "family": "Dicaeidae", "genus": "Dicaeum", "species": "Dicaeum australe" }, "geometry": { "type": "Point", "coordinates": [ 121.04677, 14.59694 ] } },
{ "type": "Feature", "properties": { "fid": 2291, "gbifID": 3673012865, "occurrenceID": "URN:catalog:CLO:EBIRD:OBS1098562101", "order": "Passeriformes", "family": "Laniidae", "genus": "Lanius", "species": "Lanius cristatus" }, "geometry": { "type": "Point", "coordinates": [ 121.04677, 14.59694 ] } },
{ "type": "Feature", "properties": { "fid": 2292, "gbifID": 3683861463, "occurrenceID": "URN:catalog:CLO:EBIRD:OBS1117992356", "order": "Passeriformes", "family": "Pycnonotidae", "genus": "Pycnonotus", "species": "Pycnonotus goiavier" }, "geometry": { "type": "Point", "coordinates": [ 121.04109, 14.60195 ] } },
{ "type": "Feature", "properties": { "fid": 2293, "gbifID": 3556081816, "occurrenceID": "URN:catalog:CLO:EBIRD:OBS1149774704", "order": "Passeriformes", "family": "Rhipiduridae", "genus": "Rhipidura", "species": "Rhipidura nigritorquis" }, "geometry": { "type": "Point", "coordinates": [ 121.05737, 14.588144 ] } },
{ "type": "Feature", "properties": { "fid": 2295, "gbifID": 4770988025, "occurrenceID": "URN:catalog:CLO:EBIRD:OBS1780342911", "order": "Passeriformes", "family": "Pycnonotidae", "genus": "Pycnonotus", "species": "Pycnonotus goiavier" }, "geometry": { "type": "Point", "coordinates": [ 121.05715, 14.580761 ] } },
{ "type": "Feature", "properties": { "fid": 2296, "gbifID": 3673211369, "occurrenceID": "URN:catalog:CLO:EBIRD:OBS1073188626", "order": "Coraciiformes", "family": "Alcedinidae", "genus": "Todiramphus", "species": "Todiramphus chloris" }, "geometry": { "type": "Point", "coordinates": [ 121.04677, 14.59694 ] } },
{ "type": "Feature", "properties": { "fid": 2297, "gbifID": 3541549381, "occurrenceID": "URN:catalog:CLO:EBIRD:OBS1117823943", "order": "Passeriformes", "family": "Dicaeidae", "genus": "Dicaeum", "species": "Dicaeum australe" }, "geometry": { "type": "Point", "coordinates": [ 121.04044, 14.606056 ] } },
{ "type": "Feature", "properties": { "fid": 2298, "gbifID": 4189800072, "occurrenceID": "URN:catalog:CLO:EBIRD:OBS1339270379", "order": "Passeriformes", "family": "Oriolidae", "genus": "Oriolus", "species": "Oriolus chinensis" }, "geometry": { "type": "Point", "coordinates": [ 121.04109, 14.60195 ] } },
{ "type": "Feature", "properties": { "fid": 2299, "gbifID": 3656786255, "occurrenceID": "URN:catalog:CLO:EBIRD:OBS1278134613", "order": "Columbiformes", "family": "Columbidae", "genus": "Geopelia", "species": "Geopelia striata" }, "geometry": { "type": "Point", "coordinates": [ 121.04109, 14.60195 ] } },
{ "type": "Feature", "properties": { "fid": 2300, "gbifID": 4189675084, "occurrenceID": "URN:catalog:CLO:EBIRD:OBS1339262647", "order": "Columbiformes", "family": "Columbidae", "genus": "Geopelia", "species": "Geopelia striata" }, "geometry": { "type": "Point", "coordinates": [ 121.03861, 14.603591 ] } },
{ "type": "Feature", "properties": { "fid": 2301, "gbifID": 3646333925, "occurrenceID": "URN:catalog:CLO:EBIRD:OBS1216850777", "order": "Passeriformes", "family": "Sturnidae", "genus": "Aplonis", "species": "Aplonis panayensis" }, "geometry": { "type": "Point", "coordinates": [ 121.04109, 14.60195 ] } },
{ "type": "Feature", "properties": { "fid": 2302, "gbifID": 4647221762, "occurrenceID": "URN:catalog:CLO:EBIRD:OBS1895417518", "order": "Columbiformes", "family": "Columbidae", "genus": "Spilopelia", "species": "Spilopelia chinensis" }, "geometry": { "type": "Point", "coordinates": [ 121.041985, 14.595222 ] } },
{ "type": "Feature", "properties": { "fid": 2303, "gbifID": 4310103879, "occurrenceID": "URN:catalog:CLO:EBIRD:OBS1339262643", "order": "Pelecaniformes", "family": "Ardeidae", "genus": "Egretta", "species": "Egretta garzetta" }, "geometry": { "type": "Point", "coordinates": [ 121.03861, 14.603591 ] } },
{ "type": "Feature", "properties": { "fid": 2304, "gbifID": 4711541534, "occurrenceID": "URN:catalog:CLO:EBIRD:OBS1639025768", "order": "Passeriformes", "family": "Passeridae", "genus": "Passer", "species": "Passer montanus" }, "geometry": { "type": "Point", "coordinates": [ 121.04109, 14.60195 ] } },
{ "type": "Feature", "properties": { "fid": 2307, "gbifID": 3548911912, "occurrenceID": "URN:catalog:CLO:EBIRD:OBS1069482038", "order": "Columbiformes", "family": "Columbidae", "genus": "Geopelia", "species": "Geopelia striata" }, "geometry": { "type": "Point", "coordinates": [ 121.04677, 14.59694 ] } },
{ "type": "Feature", "properties": { "fid": 2308, "gbifID": 4707618813, "occurrenceID": "URN:catalog:CLO:EBIRD:OBS1833420641", "order": "Piciformes", "family": "Megalaimidae", "genus": "Psilopogon", "species": "Psilopogon haemacephalus" }, "geometry": { "type": "Point", "coordinates": [ 121.03081, 14.60444 ] } },
{ "type": "Feature", "properties": { "fid": 2309, "gbifID": 4230424997, "occurrenceID": "URN:catalog:CLO:EBIRD:OBS1475213352", "order": "Passeriformes", "family": "Artamidae", "genus": "Artamus", "species": "Artamus leucorhynchos" }, "geometry": { "type": "Point", "coordinates": [ 121.03708, 14.59188 ] } },
{ "type": "Feature", "properties": { "fid": 2310, "gbifID": 3239443953, "occurrenceID": "URN:catalog:CLO:EBIRD:OBS917425576", "order": "Passeriformes", "family": "Nectariniidae", "genus": "Cinnyris", "species": "Cinnyris jugularis" }, "geometry": { "type": "Point", "coordinates": [ 121.0311, 14.586659 ] } },
{ "type": "Feature", "properties": { "fid": 2311, "gbifID": 5512273566, "occurrenceID": "URN:catalog:CLO:EBIRD:OBS2220359431", "order": "Columbiformes", "family": "Columbidae", "genus": "Geopelia", "species": "Geopelia striata" }, "geometry": { "type": "Point", "coordinates": [ 121.0307, 14.605167 ] } },
{ "type": "Feature", "properties": { "fid": 2312, "gbifID": 3190717672, "occurrenceID": "URN:catalog:CLO:EBIRD:OBS998238268", "order": "Passeriformes", "family": "Laniidae", "genus": "Lanius", "species": "Lanius cristatus" }, "geometry": { "type": "Point", "coordinates": [ 121.03753, 14.602924 ] } },
{ "type": "Feature", "properties": { "fid": 2313, "gbifID": 4756075214, "occurrenceID": "URN:catalog:CLO:EBIRD:OBS1726714924", "order": "Pelecaniformes", "family": "Ardeidae", "genus": "Egretta", "species": "Egretta garzetta" }, "geometry": { "type": "Point", "coordinates": [ 121.04109, 14.60195 ] } },
{ "type": "Feature", "properties": { "fid": 2314, "gbifID": 4664531246, "occurrenceID": "URN:catalog:CLO:EBIRD:OBS1794104833", "order": "Psittaciformes", "family": "Psittacidae", "genus": "Loriculus", "species": "Loriculus philippensis" }, "geometry": { "type": "Point", "coordinates": [ 121.03753, 14.602924 ] } },
{ "type": "Feature", "properties": { "fid": 2315, "gbifID": 3625076491, "occurrenceID": "URN:catalog:CLO:EBIRD:OBS1145763443", "order": "Passeriformes", "family": "Estrildidae", "genus": "Lonchura", "species": "Lonchura punctulata" }, "geometry": { "type": "Point", "coordinates": [ 121.04109, 14.60195 ] } },
{ "type": "Feature", "properties": { "fid": 2316, "gbifID": 3652550486, "occurrenceID": "URN:catalog:CLO:EBIRD:OBS1216850778", "order": "Passeriformes", "family": "Acanthizidae", "genus": "Gerygone", "species": "Gerygone sulphurea" }, "geometry": { "type": "Point", "coordinates": [ 121.04109, 14.60195 ] } },
{ "type": "Feature", "properties": { "fid": 2317, "gbifID": 4183264294, "occurrenceID": "URN:catalog:CLO:EBIRD:OBS1315919482", "order": "Coraciiformes", "family": "Alcedinidae", "genus": "Alcedo", "species": "Alcedo atthis" }, "geometry": { "type": "Point", "coordinates": [ 121.04109, 14.60195 ] } },
{ "type": "Feature", "properties": { "fid": 2318, "gbifID": 4193477811, "occurrenceID": "URN:catalog:CLO:EBIRD:OBS1331009389", "order": "Piciformes", "family": "Megalaimidae", "genus": "Psilopogon", "species": "Psilopogon haemacephalus" }, "geometry": { "type": "Point", "coordinates": [ 121.03753, 14.602924 ] } },
{ "type": "Feature", "properties": { "fid": 2319, "gbifID": 4835249093, "occurrenceID": "URN:catalog:CLO:EBIRD:OBS1726709404", "order": "Passeriformes", "family": "Nectariniidae", "genus": "Cinnyris", "species": "Cinnyris jugularis" }, "geometry": { "type": "Point", "coordinates": [ 121.04109, 14.60195 ] } },
{ "type": "Feature", "properties": { "fid": 2320, "gbifID": 3235773863, "occurrenceID": "URN:catalog:CLO:EBIRD:OBS845949796", "order": "Piciformes", "family": "Megalaimidae", "genus": "Psilopogon", "species": "Psilopogon haemacephalus" }, "geometry": { "type": "Point", "coordinates": [ 121.03753, 14.602924 ] } },
{ "type": "Feature", "properties": { "fid": 2321, "gbifID": 4831631252, "occurrenceID": "URN:catalog:CLO:EBIRD:OBS1726741956", "order": "Passeriformes", "family": "Acanthizidae", "genus": "Gerygone", "species": "Gerygone sulphurea" }, "geometry": { "type": "Point", "coordinates": [ 121.02679, 14.602205 ] } },
{ "type": "Feature", "properties": { "fid": 2322, "gbifID": 4188238083, "occurrenceID": "URN:catalog:CLO:EBIRD:OBS1339262649", "order": "Passeriformes", "family": "Nectariniidae", "genus": "Cinnyris", "species": "Cinnyris jugularis" }, "geometry": { "type": "Point", "coordinates": [ 121.03861, 14.603591 ] } },
{ "type": "Feature", "properties": { "fid": 2323, "gbifID": 3680175555, "occurrenceID": "URN:catalog:CLO:EBIRD:OBS1117992345", "order": "Passeriformes", "family": "Laniidae", "genus": "Lanius", "species": "Lanius cristatus" }, "geometry": { "type": "Point", "coordinates": [ 121.038605, 14.603709 ] } },
{ "type": "Feature", "properties": { "fid": 2324, "gbifID": 3155006614, "occurrenceID": "URN:catalog:CLO:EBIRD:OBS920391199", "order": "Passeriformes", "family": "Pycnonotidae", "genus": "Pycnonotus", "species": "Pycnonotus goiavier" }, "geometry": { "type": "Point", "coordinates": [ 121.03753, 14.602924 ] } },
{ "type": "Feature", "properties": { "fid": 2325, "gbifID": 3672353728, "occurrenceID": "URN:catalog:CLO:EBIRD:OBS1111246202", "order": "Columbiformes", "family": "Columbidae", "genus": "Columba", "species": "Columba livia" }, "geometry": { "type": "Point", "coordinates": [ 121.04109, 14.60195 ] } },
{ "type": "Feature", "properties": { "fid": 2326, "gbifID": 3510183958, "occurrenceID": "URN:catalog:CLO:EBIRD:OBS1084314124", "order": "Columbiformes", "family": "Columbidae", "genus": "Geopelia", "species": "Geopelia striata" }, "geometry": { "type": "Point", "coordinates": [ 121.04677, 14.59694 ] } },
{ "type": "Feature", "properties": { "fid": 2327, "gbifID": 4631750542, "occurrenceID": "URN:catalog:CLO:EBIRD:OBS1780342912", "order": "Passeriformes", "family": "Passeridae", "genus": "Passer", "species": "Passer montanus" }, "geometry": { "type": "Point", "coordinates": [ 121.05715, 14.580761 ] } },
{ "type": "Feature", "properties": { "fid": 2328, "gbifID": 4299669417, "occurrenceID": "URN:catalog:CLO:EBIRD:OBS1344447030", "order": "Passeriformes", "family": "Oriolidae", "genus": "Oriolus", "species": "Oriolus chinensis" }, "geometry": { "type": "Point", "coordinates": [ 121.04728, 14.598908 ] } },
{ "type": "Feature", "properties": { "fid": 2329, "gbifID": 3518514787, "occurrenceID": "URN:catalog:CLO:EBIRD:OBS1129093317", "order": "Passeriformes", "family": "Pycnonotidae", "genus": "Pycnonotus", "species": "Pycnonotus goiavier" }, "geometry": { "type": "Point", "coordinates": [ 121.04109, 14.60195 ] } },
{ "type": "Feature", "properties": { "fid": 2330, "gbifID": 3572943283, "occurrenceID": "URN:catalog:CLO:EBIRD:OBS1246521938", "order": "Pelecaniformes", "family": "Ardeidae", "genus": "Ardea", "species": null }, "geometry": { "type": "Point", "coordinates": [ 121.04728, 14.598908 ] } },
{ "type": "Feature", "properties": { "fid": 2331, "gbifID": 4638199201, "occurrenceID": "URN:catalog:CLO:EBIRD:OBS1901446139", "order": "Columbiformes", "family": "Columbidae", "genus": "Columba", "species": "Columba livia" }, "geometry": { "type": "Point", "coordinates": [ 121.03203, 14.607486 ] } },
{ "type": "Feature", "properties": { "fid": 2332, "gbifID": 5450280943, "occurrenceID": "URN:catalog:CLO:EBIRD:OBS1956776322", "order": "Passeriformes", "family": "Passeridae", "genus": "Passer", "species": "Passer montanus" }, "geometry": { "type": "Point", "coordinates": [ 121.04055, 14.605313 ] } },
{ "type": "Feature", "properties": { "fid": 2333, "gbifID": 3561133628, "occurrenceID": "URN:catalog:CLO:EBIRD:OBS1114411736", "order": "Passeriformes", "family": "Laniidae", "genus": "Lanius", "species": "Lanius cristatus" }, "geometry": { "type": "Point", "coordinates": [ 121.04109, 14.60195 ] } },
{ "type": "Feature", "properties": { "fid": 2334, "gbifID": 3677785098, "occurrenceID": "URN:catalog:CLO:EBIRD:OBS1073188618", "order": "Passeriformes", "family": "Sturnidae", "genus": "Aplonis", "species": "Aplonis panayensis" }, "geometry": { "type": "Point", "coordinates": [ 121.04677, 14.59694 ] } },
{ "type": "Feature", "properties": { "fid": 2335, "gbifID": 4680192770, "occurrenceID": "URN:catalog:CLO:EBIRD:OBS1721893884", "order": "Pelecaniformes", "family": "Ardeidae", "genus": "Butorides", "species": "Butorides striata" }, "geometry": { "type": "Point", "coordinates": [ 121.04898, 14.589453 ] } },
{ "type": "Feature", "properties": { "fid": 2337, "gbifID": 3280641842, "occurrenceID": "URN:catalog:CLO:EBIRD:OBS1011600299", "order": "Passeriformes", "family": "Rhipiduridae", "genus": "Rhipidura", "species": "Rhipidura nigritorquis" }, "geometry": { "type": "Point", "coordinates": [ 121.03753, 14.602924 ] } },
{ "type": "Feature", "properties": { "fid": 2338, "gbifID": 3632863413, "occurrenceID": "URN:catalog:CLO:EBIRD:OBS1274963898", "order": "Passeriformes", "family": "Oriolidae", "genus": "Oriolus", "species": "Oriolus chinensis" }, "geometry": { "type": "Point", "coordinates": [ 121.041954, 14.602813 ] } },
{ "type": "Feature", "properties": { "fid": 2339, "gbifID": 3663981535, "occurrenceID": "URN:catalog:CLO:EBIRD:OBS1210199814", "order": "Passeriformes", "family": "Rhipiduridae", "genus": "Rhipidura", "species": "Rhipidura nigritorquis" }, "geometry": { "type": "Point", "coordinates": [ 121.03964, 14.576538 ] } },
{ "type": "Feature", "properties": { "fid": 2340, "gbifID": 5602277386, "occurrenceID": "URN:catalog:CLO:EBIRD:OBS1952214169", "order": "Coraciiformes", "family": "Alcedinidae", "genus": "Todiramphus", "species": "Todiramphus chloris" }, "geometry": { "type": "Point", "coordinates": [ 121.04774, 14.589665 ] } },
{ "type": "Feature", "properties": { "fid": 2341, "gbifID": 3600020121, "occurrenceID": "URN:catalog:CLO:EBIRD:OBS1116028576", "order": "Columbiformes", "family": "Columbidae", "genus": "Geopelia", "species": "Geopelia striata" }, "geometry": { "type": "Point", "coordinates": [ 121.04044, 14.606056 ] } },
{ "type": "Feature", "properties": { "fid": 2342, "gbifID": 3583571749, "occurrenceID": "URN:catalog:CLO:EBIRD:OBS1237382188", "order": "Passeriformes", "family": "Zosteropidae", "genus": "Zosterops", "species": "Zosterops meyeni" }, "geometry": { "type": "Point", "coordinates": [ 121.04307, 14.595008 ] } },
{ "type": "Feature", "properties": { "fid": 2343, "gbifID": 3666633497, "occurrenceID": "URN:catalog:CLO:EBIRD:OBS1241363600", "order": "Passeriformes", "family": "Rhipiduridae", "genus": "Rhipidura", "species": "Rhipidura nigritorquis" }, "geometry": { "type": "Point", "coordinates": [ 121.041954, 14.602813 ] } },
{ "type": "Feature", "properties": { "fid": 2344, "gbifID": 4351270582, "occurrenceID": "URN:catalog:CLO:EBIRD:OBS1361347058", "order": "Coraciiformes", "family": "Alcedinidae", "genus": "Todiramphus", "species": "Todiramphus chloris" }, "geometry": { "type": "Point", "coordinates": [ 121.038605, 14.603709 ] } },
{ "type": "Feature", "properties": { "fid": 2345, "gbifID": 3678531545, "occurrenceID": "URN:catalog:CLO:EBIRD:OBS1122473259", "order": "Passeriformes", "family": "Zosteropidae", "genus": "Zosterops", "species": "Zosterops meyeni" }, "geometry": { "type": "Point", "coordinates": [ 121.038605, 14.603709 ] } },
{ "type": "Feature", "properties": { "fid": 2346, "gbifID": 3659457677, "occurrenceID": "URN:catalog:CLO:EBIRD:OBS1219817912", "order": "Piciformes", "family": "Megalaimidae", "genus": "Psilopogon", "species": "Psilopogon haemacephalus" }, "geometry": { "type": "Point", "coordinates": [ 121.04728, 14.598908 ] } },
{ "type": "Feature", "properties": { "fid": 2347, "gbifID": 3663074860, "occurrenceID": "URN:catalog:CLO:EBIRD:OBS1242471477", "order": "Pelecaniformes", "family": "Ardeidae", "genus": "Egretta", "species": "Egretta garzetta" }, "geometry": { "type": "Point", "coordinates": [ 121.041954, 14.602813 ] } },
{ "type": "Feature", "properties": { "fid": 2348, "gbifID": 4751937501, "occurrenceID": "URN:catalog:CLO:EBIRD:OBS1956762779", "order": "Passeriformes", "family": "Pycnonotidae", "genus": "Pycnonotus", "species": "Pycnonotus goiavier" }, "geometry": { "type": "Point", "coordinates": [ 121.04055, 14.605313 ] } },
{ "type": "Feature", "properties": { "fid": 2349, "gbifID": 3140631110, "occurrenceID": "URN:catalog:CLO:EBIRD:OBS862791801", "order": "Passeriformes", "family": "Corvidae", "genus": "Corvus", "species": null }, "geometry": { "type": "Point", "coordinates": [ 121.057045, 14.589503 ] } },
{ "type": "Feature", "properties": { "fid": 2350, "gbifID": 3675717489, "occurrenceID": "URN:catalog:CLO:EBIRD:OBS1119956129", "order": "Passeriformes", "family": "Passeridae", "genus": "Passer", "species": "Passer montanus" }, "geometry": { "type": "Point", "coordinates": [ 121.04109, 14.60195 ] } },
{ "type": "Feature", "properties": { "fid": 2352, "gbifID": 3589015287, "occurrenceID": "URN:catalog:CLO:EBIRD:OBS1091761610", "order": "Columbiformes", "family": "Columbidae", "genus": "Geopelia", "species": "Geopelia striata" }, "geometry": { "type": "Point", "coordinates": [ 121.04677, 14.59694 ] } },
{ "type": "Feature", "properties": { "fid": 2353, "gbifID": 3653231810, "occurrenceID": "URN:catalog:CLO:EBIRD:OBS1219817907", "order": "Passeriformes", "family": "Sturnidae", "genus": "Aplonis", "species": "Aplonis panayensis" }, "geometry": { "type": "Point", "coordinates": [ 121.04728, 14.598908 ] } },
{ "type": "Feature", "properties": { "fid": 2354, "gbifID": 3559337449, "occurrenceID": "URN:catalog:CLO:EBIRD:OBS1237382190", "order": "Piciformes", "family": "Megalaimidae", "genus": "Psilopogon", "species": "Psilopogon haemacephalus" }, "geometry": { "type": "Point", "coordinates": [ 121.04307, 14.595008 ] } },
{ "type": "Feature", "properties": { "fid": 2355, "gbifID": 3620911407, "occurrenceID": "URN:catalog:CLO:EBIRD:OBS1274963894", "order": "Passeriformes", "family": "Motacillidae", "genus": "Motacilla", "species": "Motacilla cinerea" }, "geometry": { "type": "Point", "coordinates": [ 121.041954, 14.602813 ] } },
{ "type": "Feature", "properties": { "fid": 2356, "gbifID": 3683337928, "occurrenceID": "URN:catalog:CLO:EBIRD:OBS1117823910", "order": "Passeriformes", "family": "Motacillidae", "genus": "Motacilla", "species": "Motacilla cinerea" }, "geometry": { "type": "Point", "coordinates": [ 121.03771, 14.606191 ] } },
{ "type": "Feature", "properties": { "fid": 2357, "gbifID": 4295771355, "occurrenceID": "URN:catalog:CLO:EBIRD:OBS1331009387", "order": "Columbiformes", "family": "Columbidae", "genus": "Geopelia", "species": "Geopelia striata" }, "geometry": { "type": "Point", "coordinates": [ 121.03753, 14.602924 ] } },
{ "type": "Feature", "properties": { "fid": 2358, "gbifID": 3629301407, "occurrenceID": "URN:catalog:CLO:EBIRD:OBS1145763446", "order": "Passeriformes", "family": "Oriolidae", "genus": "Oriolus", "species": "Oriolus chinensis" }, "geometry": { "type": "Point", "coordinates": [ 121.04109, 14.60195 ] } },
{ "type": "Feature", "properties": { "fid": 2359, "gbifID": 3553708912, "occurrenceID": "URN:catalog:CLO:EBIRD:OBS1119942868", "order": "Pelecaniformes", "family": "Ardeidae", "genus": "Egretta", "species": "Egretta garzetta" }, "geometry": { "type": "Point", "coordinates": [ 121.04109, 14.60195 ] } },
{ "type": "Feature", "properties": { "fid": 2360, "gbifID": 4187608517, "occurrenceID": "URN:catalog:CLO:EBIRD:OBS1313293450", "order": "Passeriformes", "family": "Sturnidae", "genus": "Aplonis", "species": "Aplonis panayensis" }, "geometry": { "type": "Point", "coordinates": [ 121.04044, 14.606056 ] } },
{ "type": "Feature", "properties": { "fid": 2361, "gbifID": 4300433131, "occurrenceID": "URN:catalog:CLO:EBIRD:OBS1357342905", "order": "Passeriformes", "family": "Laniidae", "genus": "Lanius", "species": "Lanius cristatus" }, "geometry": { "type": "Point", "coordinates": [ 121.04363, 14.594279 ] } },
{ "type": "Feature", "properties": { "fid": 2362, "gbifID": 3625973436, "occurrenceID": "URN:catalog:CLO:EBIRD:OBS1117836181", "order": "Passeriformes", "family": "Nectariniidae", "genus": "Cinnyris", "species": "Cinnyris jugularis" }, "geometry": { "type": "Point", "coordinates": [ 121.038605, 14.603709 ] } },
{ "type": "Feature", "properties": { "fid": 2363, "gbifID": 3614832756, "occurrenceID": "URN:catalog:CLO:EBIRD:OBS1274963895", "order": "Columbiformes", "family": "Columbidae", "genus": "Columba", "species": "Columba livia" }, "geometry": { "type": "Point", "coordinates": [ 121.041954, 14.602813 ] } },
{ "type": "Feature", "properties": { "fid": 2364, "gbifID": 5417561617, "occurrenceID": "URN:catalog:CLO:EBIRD:OBS2252604476", "order": "Passeriformes", "family": "Nectariniidae", "genus": "Cinnyris", "species": "Cinnyris jugularis" }, "geometry": { "type": "Point", "coordinates": [ 121.0277, 14.581363 ] } },
{ "type": "Feature", "properties": { "fid": 2365, "gbifID": 4769796429, "occurrenceID": "URN:catalog:CLO:EBIRD:OBS1833420640", "order": "Passeriformes", "family": "Zosteropidae", "genus": "Zosterops", "species": "Zosterops meyeni" }, "geometry": { "type": "Point", "coordinates": [ 121.03081, 14.60444 ] } },
{ "type": "Feature", "properties": { "fid": 2366, "gbifID": 4759756168, "occurrenceID": "URN:catalog:CLO:EBIRD:OBS1794104829", "order": "Passeriformes", "family": "Pycnonotidae", "genus": "Pycnonotus", "species": "Pycnonotus goiavier" }, "geometry": { "type": "Point", "coordinates": [ 121.03753, 14.602924 ] } },
{ "type": "Feature", "properties": { "fid": 2367, "gbifID": 3624950110, "occurrenceID": "URN:catalog:CLO:EBIRD:OBS1117836180", "order": "Passeriformes", "family": "Passeridae", "genus": "Passer", "species": "Passer montanus" }, "geometry": { "type": "Point", "coordinates": [ 121.038605, 14.603709 ] } },
{ "type": "Feature", "properties": { "fid": 2368, "gbifID": 4300535308, "occurrenceID": "URN:catalog:CLO:EBIRD:OBS1315919612", "order": "Passeriformes", "family": "Motacillidae", "genus": "Motacilla", "species": "Motacilla cinerea" }, "geometry": { "type": "Point", "coordinates": [ 121.041954, 14.602813 ] } },
{ "type": "Feature", "properties": { "fid": 2369, "gbifID": 3591169241, "occurrenceID": "URN:catalog:CLO:EBIRD:OBS1103447751", "order": "Passeriformes", "family": "Oriolidae", "genus": "Oriolus", "species": "Oriolus chinensis" }, "geometry": { "type": "Point", "coordinates": [ 121.04109, 14.60195 ] } },
{ "type": "Feature", "properties": { "fid": 2370, "gbifID": 3634584060, "occurrenceID": "URN:catalog:CLO:EBIRD:OBS1216853901", "order": "Columbiformes", "family": "Columbidae", "genus": "Geopelia", "species": "Geopelia striata" }, "geometry": { "type": "Point", "coordinates": [ 121.04109, 14.60195 ] } },
{ "type": "Feature", "properties": { "fid": 2371, "gbifID": 4633879155, "occurrenceID": "URN:catalog:CLO:EBIRD:OBS1853007221", "order": "Passeriformes", "family": "Pycnonotidae", "genus": "Pycnonotus", "species": "Pycnonotus goiavier" }, "geometry": { "type": "Point", "coordinates": [ 121.05878, 14.588141 ] } },
{ "type": "Feature", "properties": { "fid": 2372, "gbifID": 3278393101, "occurrenceID": "URN:catalog:CLO:EBIRD:OBS1007299903", "order": "Passeriformes", "family": "Nectariniidae", "genus": "Cinnyris", "species": "Cinnyris jugularis" }, "geometry": { "type": "Point", "coordinates": [ 121.04363, 14.594279 ] } },
{ "type": "Feature", "properties": { "fid": 2373, "gbifID": 3271380094, "occurrenceID": "URN:catalog:CLO:EBIRD:OBS1011600291", "order": "Passeriformes", "family": "Laniidae", "genus": "Lanius", "species": "Lanius cristatus" }, "geometry": { "type": "Point", "coordinates": [ 121.03753, 14.602924 ] } },
{ "type": "Feature", "properties": { "fid": 2374, "gbifID": 3652301482, "occurrenceID": "URN:catalog:CLO:EBIRD:OBS1099630419", "order": "Passeriformes", "family": "Acanthizidae", "genus": "Gerygone", "species": "Gerygone sulphurea" }, "geometry": { "type": "Point", "coordinates": [ 121.04109, 14.60195 ] } },
{ "type": "Feature", "properties": { "fid": 2375, "gbifID": 5700503358, "occurrenceID": "URN:catalog:CLO:EBIRD:OBS2220359428", "order": "Passeriformes", "family": "Passeridae", "genus": "Passer", "species": "Passer montanus" }, "geometry": { "type": "Point", "coordinates": [ 121.0307, 14.605167 ] } },
{ "type": "Feature", "properties": { "fid": 2376, "gbifID": 5363624343, "occurrenceID": "URN:catalog:CLO:EBIRD:OBS2540247936", "order": "Pelecaniformes", "family": "Ardeidae", "genus": "Egretta", "species": "Egretta garzetta" }, "geometry": { "type": "Point", "coordinates": [ 121.04055, 14.605313 ] } },
{ "type": "Feature", "properties": { "fid": 2377, "gbifID": 3291167990, "occurrenceID": "URN:catalog:CLO:EBIRD:OBS1011598505", "order": "Passeriformes", "family": "Acanthizidae", "genus": "Gerygone", "species": "Gerygone sulphurea" }, "geometry": { "type": "Point", "coordinates": [ 121.03753, 14.602924 ] } },
{ "type": "Feature", "properties": { "fid": 2379, "gbifID": 3693811267, "occurrenceID": "URN:catalog:CLO:EBIRD:OBS1251721847", "order": "Passeriformes", "family": "Laniidae", "genus": "Lanius", "species": "Lanius cristatus" }, "geometry": { "type": "Point", "coordinates": [ 121.04109, 14.60195 ] } },
{ "type": "Feature", "properties": { "fid": 2380, "gbifID": 3283583916, "occurrenceID": "URN:catalog:CLO:EBIRD:OBS1027283632", "order": "Passeriformes", "family": "Rhipiduridae", "genus": "Rhipidura", "species": "Rhipidura nigritorquis" }, "geometry": { "type": "Point", "coordinates": [ 121.03753, 14.602924 ] } },
{ "type": "Feature", "properties": { "fid": 2381, "gbifID": 3675228660, "occurrenceID": "URN:catalog:CLO:EBIRD:OBS1140362953", "order": "Columbiformes", "family": "Columbidae", "genus": "Geopelia", "species": "Geopelia striata" }, "geometry": { "type": "Point", "coordinates": [ 121.04044, 14.606056 ] } },
{ "type": "Feature", "properties": { "fid": 2382, "gbifID": 3673260520, "occurrenceID": "URN:catalog:CLO:EBIRD:OBS1121865206", "order": "Passeriformes", "family": "Passeridae", "genus": "Passer", "species": "Passer montanus" }, "geometry": { "type": "Point", "coordinates": [ 121.02639, 14.606391 ] } },
{ "type": "Feature", "properties": { "fid": 2383, "gbifID": 4707249500, "occurrenceID": "URN:catalog:CLO:EBIRD:OBS1639025785", "order": "Pelecaniformes", "family": "Ardeidae", "genus": "Egretta", "species": "Egretta garzetta" }, "geometry": { "type": "Point", "coordinates": [ 121.04109, 14.60195 ] } },
{ "type": "Feature", "properties": { "fid": 2384, "gbifID": 3683215070, "occurrenceID": "URN:catalog:CLO:EBIRD:OBS1117992352", "order": "Passeriformes", "family": "Passeridae", "genus": "Passer", "species": "Passer montanus" }, "geometry": { "type": "Point", "coordinates": [ 121.04109, 14.60195 ] } },
{ "type": "Feature", "properties": { "fid": 2385, "gbifID": 3639722110, "occurrenceID": "URN:catalog:CLO:EBIRD:OBS1241367929", "order": "Passeriformes", "family": "Artamidae", "genus": "Artamus", "species": "Artamus leucorhynchos" }, "geometry": { "type": "Point", "coordinates": [ 121.041954, 14.602813 ] } },
{ "type": "Feature", "properties": { "fid": 2386, "gbifID": 3577270021, "occurrenceID": "URN:catalog:CLO:EBIRD:OBS1237382197", "order": "Coraciiformes", "family": "Alcedinidae", "genus": "Todiramphus", "species": "Todiramphus chloris" }, "geometry": { "type": "Point", "coordinates": [ 121.04307, 14.595008 ] } },
{ "type": "Feature", "properties": { "fid": 2387, "gbifID": 3533136488, "occurrenceID": "URN:catalog:CLO:EBIRD:OBS1112488557", "order": "Columbiformes", "family": "Columbidae", "genus": "Columba", "species": "Columba livia" }, "geometry": { "type": "Point", "coordinates": [ 121.03771, 14.606191 ] } },
{ "type": "Feature", "properties": { "fid": 2388, "gbifID": 3283590903, "occurrenceID": "URN:catalog:CLO:EBIRD:OBS1027283633", "order": "Passeriformes", "family": "Sturnidae", "genus": "Acridotheres", "species": "Acridotheres cristatellus" }, "geometry": { "type": "Point", "coordinates": [ 121.03753, 14.602924 ] } },
{ "type": "Feature", "properties": { "fid": 2389, "gbifID": 5568047518, "occurrenceID": "URN:catalog:CLO:EBIRD:OBS2019954480", "order": "Columbiformes", "family": "Columbidae", "genus": "Geopelia", "species": "Geopelia striata" }, "geometry": { "type": "Point", "coordinates": [ 121.03203, 14.607486 ] } },
{ "type": "Feature", "properties": { "fid": 2390, "gbifID": 4238833111, "occurrenceID": "URN:catalog:CLO:EBIRD:OBS1430311530", "order": "Passeriformes", "family": "Passeridae", "genus": "Passer", "species": "Passer montanus" }, "geometry": { "type": "Point", "coordinates": [ 121.04898, 14.589453 ] } },
{ "type": "Feature", "properties": { "fid": 2391, "gbifID": 3600766149, "occurrenceID": "URN:catalog:CLO:EBIRD:OBS1233303391", "order": "Passeriformes", "family": "Acanthizidae", "genus": "Gerygone", "species": "Gerygone sulphurea" }, "geometry": { "type": "Point", "coordinates": [ 121.041954, 14.602813 ] } },
{ "type": "Feature", "properties": { "fid": 2392, "gbifID": 3292106819, "occurrenceID": "URN:catalog:CLO:EBIRD:OBS962390843", "order": "Passeriformes", "family": "Pycnonotidae", "genus": "Pycnonotus", "species": "Pycnonotus goiavier" }, "geometry": { "type": "Point", "coordinates": [ 121.05856, 14.588318 ] } },
{ "type": "Feature", "properties": { "fid": 2393, "gbifID": 4773488352, "occurrenceID": "URN:catalog:CLO:EBIRD:OBS1895420881", "order": "Charadriiformes", "family": "Scolopacidae", "genus": "Actitis", "species": "Actitis hypoleucos" }, "geometry": { "type": "Point", "coordinates": [ 121.041985, 14.595222 ] } },
{ "type": "Feature", "properties": { "fid": 2394, "gbifID": 3572285726, "occurrenceID": "URN:catalog:CLO:EBIRD:OBS1237382192", "order": "Passeriformes", "family": "Pycnonotidae", "genus": "Pycnonotus", "species": "Pycnonotus goiavier" }, "geometry": { "type": "Point", "coordinates": [ 121.04307, 14.595008 ] } },
{ "type": "Feature", "properties": { "fid": 2395, "gbifID": 3158024512, "occurrenceID": "URN:catalog:CLO:EBIRD:OBS915645737", "order": "Piciformes", "family": "Megalaimidae", "genus": "Psilopogon", "species": "Psilopogon haemacephalus" }, "geometry": { "type": "Point", "coordinates": [ 121.03753, 14.602924 ] } },
{ "type": "Feature", "properties": { "fid": 2396, "gbifID": 5654509096, "occurrenceID": "URN:catalog:CLO:EBIRD:OBS1956776321", "order": "Coraciiformes", "family": "Alcedinidae", "genus": "Todiramphus", "species": "Todiramphus chloris" }, "geometry": { "type": "Point", "coordinates": [ 121.04055, 14.605313 ] } },
{ "type": "Feature", "properties": { "fid": 2397, "gbifID": 3564026425, "occurrenceID": "URN:catalog:CLO:EBIRD:OBS1129095550", "order": "Columbiformes", "family": "Columbidae", "genus": "Geopelia", "species": "Geopelia striata" }, "geometry": { "type": "Point", "coordinates": [ 121.038605, 14.603709 ] } },
{ "type": "Feature", "properties": { "fid": 2398, "gbifID": 3626542184, "occurrenceID": "URN:catalog:CLO:EBIRD:OBS1233303390", "order": "Passeriformes", "family": "Passeridae", "genus": "Passer", "species": "Passer montanus" }, "geometry": { "type": "Point", "coordinates": [ 121.041954, 14.602813 ] } },
{ "type": "Feature", "properties": { "fid": 2399, "gbifID": 4283724931, "occurrenceID": "URN:catalog:CLO:EBIRD:OBS1315916220", "order": "Passeriformes", "family": "Motacillidae", "genus": "Motacilla", "species": "Motacilla cinerea" }, "geometry": { "type": "Point", "coordinates": [ 121.03753, 14.602924 ] } },
{ "type": "Feature", "properties": { "fid": 2400, "gbifID": 4199859949, "occurrenceID": "URN:catalog:CLO:EBIRD:OBS1344442083", "order": "Passeriformes", "family": "Artamidae", "genus": "Artamus", "species": "Artamus leucorhynchos" }, "geometry": { "type": "Point", "coordinates": [ 121.04728, 14.598908 ] } },
{ "type": "Feature", "properties": { "fid": 2401, "gbifID": 3611224346, "occurrenceID": "URN:catalog:CLO:EBIRD:OBS1116028579", "order": "Passeriformes", "family": "Rhipiduridae", "genus": "Rhipidura", "species": "Rhipidura nigritorquis" }, "geometry": { "type": "Point", "coordinates": [ 121.04044, 14.606056 ] } },
{ "type": "Feature", "properties": { "fid": 2402, "gbifID": 3631353001, "occurrenceID": "URN:catalog:CLO:EBIRD:OBS1290831789", "order": "Apodiformes", "family": "Apodidae", "genus": "Collocalia", "species": "Collocalia marginata" }, "geometry": { "type": "Point", "coordinates": [ 121.04898, 14.589453 ] } },
{ "type": "Feature", "properties": { "fid": 2404, "gbifID": 5408455427, "occurrenceID": "URN:catalog:CLO:EBIRD:OBS2737179477", "order": "Passeriformes", "family": "Sturnidae", "genus": "Agropsar", "species": "Agropsar philippensis" }, "geometry": { "type": "Point", "coordinates": [ 121.03034, 14.611185 ] } },
{ "type": "Feature", "properties": { "fid": 2405, "gbifID": 3589257666, "occurrenceID": "URN:catalog:CLO:EBIRD:OBS1091761602", "order": "Coraciiformes", "family": "Alcedinidae", "genus": "Todiramphus", "species": "Todiramphus chloris" }, "geometry": { "type": "Point", "coordinates": [ 121.04677, 14.59694 ] } },
{ "type": "Feature", "properties": { "fid": 2406, "gbifID": 4770202374, "occurrenceID": "URN:catalog:CLO:EBIRD:OBS1794104835", "order": "Passeriformes", "family": "Oriolidae", "genus": "Oriolus", "species": "Oriolus chinensis" }, "geometry": { "type": "Point", "coordinates": [ 121.03753, 14.602924 ] } },
{ "type": "Feature", "properties": { "fid": 2407, "gbifID": 3279997340, "occurrenceID": "URN:catalog:CLO:EBIRD:OBS1002671435", "order": "Columbiformes", "family": "Columbidae", "genus": "Spilopelia", "species": "Spilopelia chinensis" }, "geometry": { "type": "Point", "coordinates": [ 121.03753, 14.602924 ] } },
{ "type": "Feature", "properties": { "fid": 2408, "gbifID": 4389068219, "occurrenceID": "URN:catalog:CLO:EBIRD:OBS1429752897", "order": "Passeriformes", "family": "Estrildidae", "genus": "Lonchura", "species": "Lonchura punctulata" }, "geometry": { "type": "Point", "coordinates": [ 121.04898, 14.589453 ] } },
{ "type": "Feature", "properties": { "fid": 2409, "gbifID": 5331381482, "occurrenceID": "URN:catalog:CLO:EBIRD:OBS2287226727", "order": "Passeriformes", "family": "Rhipiduridae", "genus": "Rhipidura", "species": "Rhipidura nigritorquis" }, "geometry": { "type": "Point", "coordinates": [ 121.04055, 14.605313 ] } },
{ "type": "Feature", "properties": { "fid": 2410, "gbifID": 3224045059, "occurrenceID": "URN:catalog:CLO:EBIRD:OBS865788037", "order": "Passeriformes", "family": "Rhipiduridae", "genus": "Rhipidura", "species": "Rhipidura nigritorquis" }, "geometry": { "type": "Point", "coordinates": [ 121.03753, 14.602924 ] } },
{ "type": "Feature", "properties": { "fid": 2411, "gbifID": 3236643809, "occurrenceID": "URN:catalog:CLO:EBIRD:OBS845949804", "order": "Passeriformes", "family": "Laniidae", "genus": "Lanius", "species": "Lanius cristatus" }, "geometry": { "type": "Point", "coordinates": [ 121.03753, 14.602924 ] } },
{ "type": "Feature", "properties": { "fid": 2412, "gbifID": 3609842073, "occurrenceID": "URN:catalog:CLO:EBIRD:OBS1242464198", "order": "Passeriformes", "family": "Motacillidae", "genus": "Motacilla", "species": "Motacilla cinerea" }, "geometry": { "type": "Point", "coordinates": [ 121.04109, 14.60195 ] } },
{ "type": "Feature", "properties": { "fid": 2413, "gbifID": 3228238114, "occurrenceID": "URN:catalog:CLO:EBIRD:OBS865788038", "order": "Passeriformes", "family": "Passeridae", "genus": "Passer", "species": "Passer montanus" }, "geometry": { "type": "Point", "coordinates": [ 121.03753, 14.602924 ] } },
{ "type": "Feature", "properties": { "fid": 2414, "gbifID": 4237568335, "occurrenceID": "URN:catalog:CLO:EBIRD:OBS1470627199", "order": "Passeriformes", "family": "Pycnonotidae", "genus": "Pycnonotus", "species": "Pycnonotus goiavier" }, "geometry": { "type": "Point", "coordinates": [ 121.03708, 14.59188 ] } },
{ "type": "Feature", "properties": { "fid": 2415, "gbifID": 4735507151, "occurrenceID": "URN:catalog:CLO:EBIRD:OBS1882362486", "order": "Psittaciformes", "family": "Psittacidae", "genus": "Loriculus", "species": "Loriculus philippensis" }, "geometry": { "type": "Point", "coordinates": [ 121.03203, 14.607486 ] } },
{ "type": "Feature", "properties": { "fid": 2416, "gbifID": 3587164836, "occurrenceID": "URN:catalog:CLO:EBIRD:OBS1073187022", "order": "Passeriformes", "family": "Oriolidae", "genus": "Oriolus", "species": "Oriolus chinensis" }, "geometry": { "type": "Point", "coordinates": [ 121.04055, 14.605313 ] } },
{ "type": "Feature", "properties": { "fid": 2417, "gbifID": 3659325746, "occurrenceID": "URN:catalog:CLO:EBIRD:OBS1267078239", "order": "Passeriformes", "family": "Artamidae", "genus": "Artamus", "species": "Artamus leucorhynchos" }, "geometry": { "type": "Point", "coordinates": [ 121.041954, 14.602813 ] } },
{ "type": "Feature", "properties": { "fid": 2418, "gbifID": 3538130561, "occurrenceID": "URN:catalog:CLO:EBIRD:OBS1121887080", "order": "Passeriformes", "family": "Sturnidae", "genus": "Aplonis", "species": "Aplonis panayensis" }, "geometry": { "type": "Point", "coordinates": [ 121.02639, 14.606391 ] } },
{ "type": "Feature", "properties": { "fid": 2419, "gbifID": 4306603883, "occurrenceID": "URN:catalog:CLO:EBIRD:OBS1324153268", "order": "Passeriformes", "family": "Rhipiduridae", "genus": "Rhipidura", "species": "Rhipidura nigritorquis" }, "geometry": { "type": "Point", "coordinates": [ 121.04307, 14.595008 ] } },
{ "type": "Feature", "properties": { "fid": 2420, "gbifID": 4324962980, "occurrenceID": "URN:catalog:CLO:EBIRD:OBS1329314374", "order": "Piciformes", "family": "Megalaimidae", "genus": "Psilopogon", "species": "Psilopogon haemacephalus" }, "geometry": { "type": "Point", "coordinates": [ 121.04553, 14.597787 ] } },
{ "type": "Feature", "properties": { "fid": 2421, "gbifID": 4204184871, "occurrenceID": "URN:catalog:CLO:EBIRD:OBS1518646406", "order": "Passeriformes", "family": "Zosteropidae", "genus": "Zosterops", "species": "Zosterops meyeni" }, "geometry": { "type": "Point", "coordinates": [ 121.04677, 14.59694 ] } },
{ "type": "Feature", "properties": { "fid": 2422, "gbifID": 3536186102, "occurrenceID": "URN:catalog:CLO:EBIRD:OBS1093523351", "order": "Passeriformes", "family": "Laniidae", "genus": "Lanius", "species": "Lanius cristatus" }, "geometry": { "type": "Point", "coordinates": [ 121.04677, 14.59694 ] } },
{ "type": "Feature", "properties": { "fid": 2423, "gbifID": 4202272568, "occurrenceID": "URN:catalog:CLO:EBIRD:OBS1339262652", "order": "Pelecaniformes", "family": "Ardeidae", "genus": "Nycticorax", "species": "Nycticorax caledonicus" }, "geometry": { "type": "Point", "coordinates": [ 121.03861, 14.603591 ] } },
{ "type": "Feature", "properties": { "fid": 2424, "gbifID": 4771701403, "occurrenceID": "URN:catalog:CLO:EBIRD:OBS1597543447", "order": "Passeriformes", "family": "Nectariniidae", "genus": "Cinnyris", "species": "Cinnyris jugularis" }, "geometry": { "type": "Point", "coordinates": [ 121.039185, 14.601851 ] } },
{ "type": "Feature", "properties": { "fid": 2425, "gbifID": 4189222288, "occurrenceID": "URN:catalog:CLO:EBIRD:OBS1518646407", "order": "Columbiformes", "family": "Columbidae", "genus": "Treron", "species": "Treron vernans" }, "geometry": { "type": "Point", "coordinates": [ 121.04677, 14.59694 ] } },
{ "type": "Feature", "properties": { "fid": 2426, "gbifID": 5391489835, "occurrenceID": "URN:catalog:CLO:EBIRD:OBS1954958728", "order": "Passeriformes", "family": "Motacillidae", "genus": "Motacilla", "species": "Motacilla cinerea" }, "geometry": { "type": "Point", "coordinates": [ 121.05694, 14.590089 ] } },
{ "type": "Feature", "properties": { "fid": 2427, "gbifID": 3579850955, "occurrenceID": "URN:catalog:CLO:EBIRD:OBS1246521936", "order": "Columbiformes", "family": "Columbidae", "genus": "Treron", "species": "Treron vernans" }, "geometry": { "type": "Point", "coordinates": [ 121.04728, 14.598908 ] } },
{ "type": "Feature", "properties": { "fid": 2428, "gbifID": 3607569172, "occurrenceID": "URN:catalog:CLO:EBIRD:OBS1103447747", "order": "Passeriformes", "family": "Passeridae", "genus": "Passer", "species": "Passer montanus" }, "geometry": { "type": "Point", "coordinates": [ 121.04109, 14.60195 ] } },
{ "type": "Feature", "properties": { "fid": 2429, "gbifID": 3516447854, "occurrenceID": "URN:catalog:CLO:EBIRD:OBS1121887077", "order": "Passeriformes", "family": "Passeridae", "genus": "Passer", "species": "Passer montanus" }, "geometry": { "type": "Point", "coordinates": [ 121.02639, 14.606391 ] } },
{ "type": "Feature", "properties": { "fid": 2430, "gbifID": 3539733333, "occurrenceID": "URN:catalog:CLO:EBIRD:OBS1251715620", "order": "Pelecaniformes", "family": "Ardeidae", "genus": "Nycticorax", "species": "Nycticorax nycticorax" }, "geometry": { "type": "Point", "coordinates": [ 121.041954, 14.602813 ] } },
{ "type": "Feature", "properties": { "fid": 2431, "gbifID": 5348097067, "occurrenceID": "URN:catalog:CLO:EBIRD:OBS1949799957", "order": "Passeriformes", "family": "Artamidae", "genus": "Artamus", "species": "Artamus leucorhynchos" }, "geometry": { "type": "Point", "coordinates": [ 121.049225, 14.589323 ] } },
{ "type": "Feature", "properties": { "fid": 2432, "gbifID": 3193208573, "occurrenceID": "URN:catalog:CLO:EBIRD:OBS1008206968", "order": "Passeriformes", "family": "Artamidae", "genus": "Artamus", "species": "Artamus leucorhynchos" }, "geometry": { "type": "Point", "coordinates": [ 121.04898, 14.589453 ] } },
{ "type": "Feature", "properties": { "fid": 2433, "gbifID": 3541110736, "occurrenceID": "URN:catalog:CLO:EBIRD:OBS1073190933", "order": "Passeriformes", "family": "Acanthizidae", "genus": "Gerygone", "species": "Gerygone sulphurea" }, "geometry": { "type": "Point", "coordinates": [ 121.04677, 14.59694 ] } },
{ "type": "Feature", "properties": { "fid": 2434, "gbifID": 3624415591, "occurrenceID": "URN:catalog:CLO:EBIRD:OBS1165842383", "order": "Pelecaniformes", "family": "Ardeidae", "genus": "Egretta", "species": "Egretta garzetta" }, "geometry": { "type": "Point", "coordinates": [ 121.04109, 14.60195 ] } },
{ "type": "Feature", "properties": { "fid": 2435, "gbifID": 4331972052, "occurrenceID": "URN:catalog:CLO:EBIRD:OBS1323152445", "order": "Columbiformes", "family": "Columbidae", "genus": "Geopelia", "species": "Geopelia striata" }, "geometry": { "type": "Point", "coordinates": [ 121.04109, 14.60195 ] } },
{ "type": "Feature", "properties": { "fid": 2436, "gbifID": 3574572623, "occurrenceID": "URN:catalog:CLO:EBIRD:OBS1246521937", "order": "Columbiformes", "family": "Columbidae", "genus": "Spilopelia", "species": "Spilopelia chinensis" }, "geometry": { "type": "Point", "coordinates": [ 121.04728, 14.598908 ] } },
{ "type": "Feature", "properties": { "fid": 2437, "gbifID": 4359162837, "occurrenceID": "URN:catalog:CLO:EBIRD:OBS1591411424", "order": "Pelecaniformes", "family": "Ardeidae", "genus": "Ardeola", "species": "Ardeola speciosa" }, "geometry": { "type": "Point", "coordinates": [ 121.04109, 14.60195 ] } },
{ "type": "Feature", "properties": { "fid": 2438, "gbifID": 3512584255, "occurrenceID": "URN:catalog:CLO:EBIRD:OBS1121887079", "order": "Psittaciformes", "family": "Psittacidae", "genus": "Loriculus", "species": "Loriculus philippensis" }, "geometry": { "type": "Point", "coordinates": [ 121.02639, 14.606391 ] } },
{ "type": "Feature", "properties": { "fid": 2439, "gbifID": 4753847448, "occurrenceID": "URN:catalog:CLO:EBIRD:OBS1882362489", "order": "Passeriformes", "family": "Rhipiduridae", "genus": "Rhipidura", "species": "Rhipidura nigritorquis" }, "geometry": { "type": "Point", "coordinates": [ 121.03203, 14.607486 ] } },
{ "type": "Feature", "properties": { "fid": 2440, "gbifID": 3508696490, "occurrenceID": "URN:catalog:CLO:EBIRD:OBS1095984214", "order": "Passeriformes", "family": "Sturnidae", "genus": "Aplonis", "species": "Aplonis panayensis" }, "geometry": { "type": "Point", "coordinates": [ 121.03964, 14.576538 ] } },
{ "type": "Feature", "properties": { "fid": 2441, "gbifID": 3150444580, "occurrenceID": "URN:catalog:CLO:EBIRD:OBS915632773", "order": "Passeriformes", "family": "Sturnidae", "genus": "Aplonis", "species": "Aplonis panayensis" }, "geometry": { "type": "Point", "coordinates": [ 121.02639, 14.606391 ] } },
{ "type": "Feature", "properties": { "fid": 2442, "gbifID": 3673021866, "occurrenceID": "URN:catalog:CLO:EBIRD:OBS1073188617", "order": "Passeriformes", "family": "Rhipiduridae", "genus": "Rhipidura", "species": "Rhipidura nigritorquis" }, "geometry": { "type": "Point", "coordinates": [ 121.04677, 14.59694 ] } },
{ "type": "Feature", "properties": { "fid": 2443, "gbifID": 3683354230, "occurrenceID": "URN:catalog:CLO:EBIRD:OBS1117992365", "order": "Passeriformes", "family": "Sturnidae", "genus": "Aplonis", "species": "Aplonis panayensis" }, "geometry": { "type": "Point", "coordinates": [ 121.04109, 14.60195 ] } },
{ "type": "Feature", "properties": { "fid": 2444, "gbifID": 3564755898, "occurrenceID": "URN:catalog:CLO:EBIRD:OBS1129097883", "order": "Pelecaniformes", "family": "Ardeidae", "genus": "Egretta", "species": "Egretta garzetta" }, "geometry": { "type": "Point", "coordinates": [ 121.038605, 14.603709 ] } },
{ "type": "Feature", "properties": { "fid": 2445, "gbifID": 3544430847, "occurrenceID": "URN:catalog:CLO:EBIRD:OBS1073190934", "order": "Columbiformes", "family": "Columbidae", "genus": "Geopelia", "species": "Geopelia striata" }, "geometry": { "type": "Point", "coordinates": [ 121.04677, 14.59694 ] } },
{ "type": "Feature", "properties": { "fid": 2446, "gbifID": 3661922151, "occurrenceID": "URN:catalog:CLO:EBIRD:OBS1267078243", "order": "Columbiformes", "family": "Columbidae", "genus": "Geopelia", "species": "Geopelia striata" }, "geometry": { "type": "Point", "coordinates": [ 121.041954, 14.602813 ] } },
{ "type": "Feature", "properties": { "fid": 2447, "gbifID": 3583118808, "occurrenceID": "URN:catalog:CLO:EBIRD:OBS1233293247", "order": "Pelecaniformes", "family": "Ardeidae", "genus": "Butorides", "species": "Butorides striata" }, "geometry": { "type": "Point", "coordinates": [ 121.04109, 14.60195 ] } },
{ "type": "Feature", "properties": { "fid": 2448, "gbifID": 3635474038, "occurrenceID": "URN:catalog:CLO:EBIRD:OBS1274963887", "order": "Passeriformes", "family": "Campephagidae", "genus": "Lalage", "species": "Lalage nigra" }, "geometry": { "type": "Point", "coordinates": [ 121.041954, 14.602813 ] } },
{ "type": "Feature", "properties": { "fid": 2449, "gbifID": 4224839934, "occurrenceID": "URN:catalog:CLO:EBIRD:OBS1328069998", "order": "Passeriformes", "family": "Nectariniidae", "genus": "Cinnyris", "species": "Cinnyris jugularis" }, "geometry": { "type": "Point", "coordinates": [ 121.03391, 14.604286 ] } },
{ "type": "Feature", "properties": { "fid": 2450, "gbifID": 4758334585, "occurrenceID": "URN:catalog:CLO:EBIRD:OBS1794104826", "order": "Passeriformes", "family": "Sturnidae", "genus": "Aplonis", "species": "Aplonis panayensis" }, "geometry": { "type": "Point", "coordinates": [ 121.03753, 14.602924 ] } },
{ "type": "Feature", "properties": { "fid": 2451, "gbifID": 4321545250, "occurrenceID": "URN:catalog:CLO:EBIRD:OBS1357358309", "order": "Passeriformes", "family": "Corvidae", "genus": "Corvus", "species": null }, "geometry": { "type": "Point", "coordinates": [ 121.04898, 14.589453 ] } },
{ "type": "Feature", "properties": { "fid": 2452, "gbifID": 4639963654, "occurrenceID": "URN:catalog:CLO:EBIRD:OBS1721893885", "order": "Psittaciformes", "family": "Psittacidae", "genus": "Cacatua", "species": "Cacatua alba" }, "geometry": { "type": "Point", "coordinates": [ 121.04898, 14.589453 ] } },
{ "type": "Feature", "properties": { "fid": 2453, "gbifID": 4195404083, "occurrenceID": "URN:catalog:CLO:EBIRD:OBS1357342909", "order": "Coraciiformes", "family": "Alcedinidae", "genus": "Halcyon", "species": "Halcyon gularis" }, "geometry": { "type": "Point", "coordinates": [ 121.04363, 14.594279 ] } },
{ "type": "Feature", "properties": { "fid": 2454, "gbifID": 3155223610, "occurrenceID": "URN:catalog:CLO:EBIRD:OBS920391197", "order": "Passeriformes", "family": "Sturnidae", "genus": "Acridotheres", "species": "Acridotheres cristatellus" }, "geometry": { "type": "Point", "coordinates": [ 121.03753, 14.602924 ] } },
{ "type": "Feature", "properties": { "fid": 2455, "gbifID": 4708547344, "occurrenceID": "URN:catalog:CLO:EBIRD:OBS1639029372", "order": "Passeriformes", "family": "Corvidae", "genus": "Corvus", "species": null }, "geometry": { "type": "Point", "coordinates": [ 121.02962, 14.605055 ] } },
{ "type": "Feature", "properties": { "fid": 2456, "gbifID": 3602058842, "occurrenceID": "URN:catalog:CLO:EBIRD:OBS1103447737", "order": "Columbiformes", "family": "Columbidae", "genus": "Spilopelia", "species": "Spilopelia chinensis" }, "geometry": { "type": "Point", "coordinates": [ 121.04109, 14.60195 ] } },
{ "type": "Feature", "properties": { "fid": 2457, "gbifID": 5587950471, "occurrenceID": "URN:catalog:CLO:EBIRD:OBS1951485398", "order": "Passeriformes", "family": "Zosteropidae", "genus": "Zosterops", "species": "Zosterops meyeni" }, "geometry": { "type": "Point", "coordinates": [ 121.04774, 14.589665 ] } },
{ "type": "Feature", "properties": { "fid": 2458, "gbifID": 3514374059, "occurrenceID": "URN:catalog:CLO:EBIRD:OBS1098562094", "order": "Coraciiformes", "family": "Meropidae", "genus": "Merops", "species": "Merops philippinus" }, "geometry": { "type": "Point", "coordinates": [ 121.04677, 14.59694 ] } },
{ "type": "Feature", "properties": { "fid": 2459, "gbifID": 4677275618, "occurrenceID": "URN:catalog:CLO:EBIRD:OBS1895417510", "order": "Passeriformes", "family": "Passeridae", "genus": "Passer", "species": "Passer montanus" }, "geometry": { "type": "Point", "coordinates": [ 121.041985, 14.595222 ] } },
{ "type": "Feature", "properties": { "fid": 2460, "gbifID": 3609026912, "occurrenceID": "URN:catalog:CLO:EBIRD:OBS1098581577", "order": "Passeriformes", "family": "Nectariniidae", "genus": "Cinnyris", "species": "Cinnyris jugularis" }, "geometry": { "type": "Point", "coordinates": [ 121.03753, 14.602924 ] } },
{ "type": "Feature", "properties": { "fid": 2461, "gbifID": 3607829325, "occurrenceID": "URN:catalog:CLO:EBIRD:OBS1233303398", "order": "Coraciiformes", "family": "Alcedinidae", "genus": "Todiramphus", "species": "Todiramphus chloris" }, "geometry": { "type": "Point", "coordinates": [ 121.041954, 14.602813 ] } },
{ "type": "Feature", "properties": { "fid": 2462, "gbifID": 3238419151, "occurrenceID": "URN:catalog:CLO:EBIRD:OBS933608510", "order": "Passeriformes", "family": "Pycnonotidae", "genus": "Pycnonotus", "species": "Pycnonotus goiavier" }, "geometry": { "type": "Point", "coordinates": [ 121.05384, 14.579544 ] } },
{ "type": "Feature", "properties": { "fid": 2463, "gbifID": 4637210496, "occurrenceID": "URN:catalog:CLO:EBIRD:OBS1853824761", "order": "Passeriformes", "family": "Pycnonotidae", "genus": "Pycnonotus", "species": "Pycnonotus goiavier" }, "geometry": { "type": "Point", "coordinates": [ 121.05878, 14.588141 ] } },
{ "type": "Feature", "properties": { "fid": 2464, "gbifID": 3256950810, "occurrenceID": "URN:catalog:CLO:EBIRD:OBS1011600300", "order": "Passeriformes", "family": "Motacillidae", "genus": "Motacilla", "species": "Motacilla cinerea" }, "geometry": { "type": "Point", "coordinates": [ 121.03753, 14.602924 ] } },
{ "type": "Feature", "properties": { "fid": 2466, "gbifID": 4221803983, "occurrenceID": "URN:catalog:CLO:EBIRD:OBS1344447028", "order": "Columbiformes", "family": "Columbidae", "genus": "Geopelia", "species": "Geopelia striata" }, "geometry": { "type": "Point", "coordinates": [ 121.04728, 14.598908 ] } },
{ "type": "Feature", "properties": { "fid": 2467, "gbifID": 3279335069, "occurrenceID": "URN:catalog:CLO:EBIRD:OBS1002671442", "order": "Passeriformes", "family": "Laniidae", "genus": "Lanius", "species": "Lanius cristatus" }, "geometry": { "type": "Point", "coordinates": [ 121.03753, 14.602924 ] } },
{ "type": "Feature", "properties": { "fid": 2468, "gbifID": 3519857453, "occurrenceID": "URN:catalog:CLO:EBIRD:OBS1117989312", "order": "Passeriformes", "family": "Rhipiduridae", "genus": "Rhipidura", "species": "Rhipidura nigritorquis" }, "geometry": { "type": "Point", "coordinates": [ 121.04109, 14.60195 ] } },
{ "type": "Feature", "properties": { "fid": 2469, "gbifID": 3206194539, "occurrenceID": "URN:catalog:CLO:EBIRD:OBS998238266", "order": "Passeriformes", "family": "Nectariniidae", "genus": "Cinnyris", "species": "Cinnyris jugularis" }, "geometry": { "type": "Point", "coordinates": [ 121.03753, 14.602924 ] } },
{ "type": "Feature", "properties": { "fid": 2470, "gbifID": 3289747756, "occurrenceID": "URN:catalog:CLO:EBIRD:OBS996913139", "order": "Columbiformes", "family": "Columbidae", "genus": "Geopelia", "species": "Geopelia striata" }, "geometry": { "type": "Point", "coordinates": [ 121.03753, 14.602924 ] } },
{ "type": "Feature", "properties": { "fid": 2471, "gbifID": 3238817075, "occurrenceID": "URN:catalog:CLO:EBIRD:OBS862813319", "order": "Apodiformes", "family": "Apodidae", "genus": "Collocalia", "species": "Collocalia marginata" }, "geometry": { "type": "Point", "coordinates": [ 121.05737, 14.588144 ] } },
{ "type": "Feature", "properties": { "fid": 2472, "gbifID": 3523349160, "occurrenceID": "URN:catalog:CLO:EBIRD:OBS1073375427", "order": "Passeriformes", "family": "Nectariniidae", "genus": "Cinnyris", "species": "Cinnyris jugularis" }, "geometry": { "type": "Point", "coordinates": [ 121.04677, 14.59694 ] } },
{ "type": "Feature", "properties": { "fid": 2473, "gbifID": 4823181235, "occurrenceID": "URN:catalog:CLO:EBIRD:OBS1726712716", "order": "Passeriformes", "family": "Acanthizidae", "genus": "Gerygone", "species": "Gerygone sulphurea" }, "geometry": { "type": "Point", "coordinates": [ 121.04109, 14.60195 ] } },
{ "type": "Feature", "properties": { "fid": 2474, "gbifID": 3659018610, "occurrenceID": "URN:catalog:CLO:EBIRD:OBS1234561851", "order": "Passeriformes", "family": "Rhipiduridae", "genus": "Rhipidura", "species": "Rhipidura nigritorquis" }, "geometry": { "type": "Point", "coordinates": [ 121.03771, 14.606191 ] } },
{ "type": "Feature", "properties": { "fid": 2475, "gbifID": 3244436472, "occurrenceID": "URN:catalog:CLO:EBIRD:OBS971676018", "order": "Columbiformes", "family": "Columbidae", "genus": "Geopelia", "species": "Geopelia striata" }, "geometry": { "type": "Point", "coordinates": [ 121.05856, 14.588318 ] } },
{ "type": "Feature", "properties": { "fid": 2476, "gbifID": 4743937729, "occurrenceID": "URN:catalog:CLO:EBIRD:OBS1726731389", "order": "Passeriformes", "family": "Pycnonotidae", "genus": "Pycnonotus", "species": "Pycnonotus goiavier" }, "geometry": { "type": "Point", "coordinates": [ 121.04109, 14.60195 ] } },
{ "type": "Feature", "properties": { "fid": 2477, "gbifID": 5380843732, "occurrenceID": "URN:catalog:CLO:EBIRD:OBS2370318776", "order": "Passeriformes", "family": "Pycnonotidae", "genus": "Pycnonotus", "species": "Pycnonotus goiavier" }, "geometry": { "type": "Point", "coordinates": [ 121.05878, 14.588141 ] } },
{ "type": "Feature", "properties": { "fid": 2479, "gbifID": 3664093973, "occurrenceID": "URN:catalog:CLO:EBIRD:OBS1267078226", "order": "Passeriformes", "family": "Campephagidae", "genus": "Lalage", "species": "Lalage nigra" }, "geometry": { "type": "Point", "coordinates": [ 121.041954, 14.602813 ] } },
{ "type": "Feature", "properties": { "fid": 2480, "gbifID": 5315530268, "occurrenceID": "URN:catalog:CLO:EBIRD:OBS2031188667", "order": "Passeriformes", "family": "Nectariniidae", "genus": "Cinnyris", "species": "Cinnyris jugularis" }, "geometry": { "type": "Point", "coordinates": [ 121.03191, 14.607874 ] } },
{ "type": "Feature", "properties": { "fid": 2481, "gbifID": 4615965969, "occurrenceID": "URN:catalog:CLO:EBIRD:OBS1800847862", "order": "Coraciiformes", "family": "Alcedinidae", "genus": "Todiramphus", "species": "Todiramphus chloris" }, "geometry": { "type": "Point", "coordinates": [ 121.03753, 14.602924 ] } },
{ "type": "Feature", "properties": { "fid": 2482, "gbifID": 4180080989, "occurrenceID": "URN:catalog:CLO:EBIRD:OBS1477838894", "order": "Passeriformes", "family": "Passeridae", "genus": "Passer", "species": "Passer montanus" }, "geometry": { "type": "Point", "coordinates": [ 121.03708, 14.59188 ] } },
{ "type": "Feature", "properties": { "fid": 2483, "gbifID": 3150271515, "occurrenceID": "URN:catalog:CLO:EBIRD:OBS915653661", "order": "Piciformes", "family": "Megalaimidae", "genus": "Psilopogon", "species": "Psilopogon haemacephalus" }, "geometry": { "type": "Point", "coordinates": [ 121.03753, 14.602924 ] } },
{ "type": "Feature", "properties": { "fid": 2485, "gbifID": 3655075838, "occurrenceID": "URN:catalog:CLO:EBIRD:OBS1073180986", "order": "Passeriformes", "family": "Pycnonotidae", "genus": "Pycnonotus", "species": "Pycnonotus goiavier" }, "geometry": { "type": "Point", "coordinates": [ 121.051506, 14.603355 ] } },
{ "type": "Feature", "properties": { "fid": 2486, "gbifID": 4310139782, "occurrenceID": "URN:catalog:CLO:EBIRD:OBS1357342914", "order": "Coraciiformes", "family": "Alcedinidae", "genus": "Todiramphus", "species": "Todiramphus chloris" }, "geometry": { "type": "Point", "coordinates": [ 121.04363, 14.594279 ] } },
{ "type": "Feature", "properties": { "fid": 2487, "gbifID": 4831541695, "occurrenceID": "URN:catalog:CLO:EBIRD:OBS1726709396", "order": "Passeriformes", "family": "Campephagidae", "genus": "Lalage", "species": "Lalage nigra" }, "geometry": { "type": "Point", "coordinates": [ 121.04109, 14.60195 ] } },
{ "type": "Feature", "properties": { "fid": 2488, "gbifID": 4791890583, "occurrenceID": "URN:catalog:CLO:EBIRD:OBS1726741957", "order": "Passeriformes", "family": "Rhipiduridae", "genus": "Rhipidura", "species": "Rhipidura nigritorquis" }, "geometry": { "type": "Point", "coordinates": [ 121.02679, 14.602205 ] } },
{ "type": "Feature", "properties": { "fid": 2489, "gbifID": 4738729357, "occurrenceID": "URN:catalog:CLO:EBIRD:OBS1737370494", "order": "Apodiformes", "family": "Apodidae", "genus": "Collocalia", "species": "Collocalia marginata" }, "geometry": { "type": "Point", "coordinates": [ 121.04898, 14.589453 ] } },
{ "type": "Feature", "properties": { "fid": 2490, "gbifID": 4272063234, "occurrenceID": "URN:catalog:CLO:EBIRD:OBS1385753889", "order": "Columbiformes", "family": "Columbidae", "genus": "Geopelia", "species": "Geopelia striata" }, "geometry": { "type": "Point", "coordinates": [ 121.04728, 14.598908 ] } },
{ "type": "Feature", "properties": { "fid": 2491, "gbifID": 3629295949, "occurrenceID": "URN:catalog:CLO:EBIRD:OBS1086340978", "order": "Columbiformes", "family": "Columbidae", "genus": "Spilopelia", "species": "Spilopelia chinensis" }, "geometry": { "type": "Point", "coordinates": [ 121.04677, 14.59694 ] } },
{ "type": "Feature", "properties": { "fid": 2492, "gbifID": 3669174140, "occurrenceID": "URN:catalog:CLO:EBIRD:OBS1073188624", "order": "Passeriformes", "family": "Artamidae", "genus": "Artamus", "species": "Artamus leucorhynchos" }, "geometry": { "type": "Point", "coordinates": [ 121.04677, 14.59694 ] } },
{ "type": "Feature", "properties": { "fid": 2493, "gbifID": 3599264305, "occurrenceID": "URN:catalog:CLO:EBIRD:OBS1073188531", "order": "Passeriformes", "family": "Rhipiduridae", "genus": "Rhipidura", "species": "Rhipidura nigritorquis" }, "geometry": { "type": "Point", "coordinates": [ 121.04055, 14.605313 ] } },
{ "type": "Feature", "properties": { "fid": 2494, "gbifID": 4393238755, "occurrenceID": "URN:catalog:CLO:EBIRD:OBS1479578037", "order": "Passeriformes", "family": "Pycnonotidae", "genus": "Pycnonotus", "species": "Pycnonotus goiavier" }, "geometry": { "type": "Point", "coordinates": [ 121.05737, 14.588144 ] } },
{ "type": "Feature", "properties": { "fid": 2495, "gbifID": 4740248204, "occurrenceID": "URN:catalog:CLO:EBIRD:OBS1726712629", "order": "Passeriformes", "family": "Nectariniidae", "genus": "Cinnyris", "species": "Cinnyris jugularis" }, "geometry": { "type": "Point", "coordinates": [ 121.04109, 14.60195 ] } },
{ "type": "Feature", "properties": { "fid": 2496, "gbifID": 3609763848, "occurrenceID": "URN:catalog:CLO:EBIRD:OBS1079221174", "order": "Passeriformes", "family": "Passeridae", "genus": "Passer", "species": "Passer montanus" }, "geometry": { "type": "Point", "coordinates": [ 121.03964, 14.576538 ] } },
{ "type": "Feature", "properties": { "fid": 2497, "gbifID": 5521900241, "occurrenceID": "URN:catalog:CLO:EBIRD:OBS1956764493", "order": "Psittaciformes", "family": "Psittacidae", "genus": "Loriculus", "species": "Loriculus philippensis" }, "geometry": { "type": "Point", "coordinates": [ 121.04055, 14.605313 ] } },
{ "type": "Feature", "properties": { "fid": 2498, "gbifID": 5466686195, "occurrenceID": "URN:catalog:CLO:EBIRD:OBS1956772187", "order": "Columbiformes", "family": "Columbidae", "genus": "Spilopelia", "species": "Spilopelia chinensis" }, "geometry": { "type": "Point", "coordinates": [ 121.03753, 14.602924 ] } },
{ "type": "Feature", "properties": { "fid": 2499, "gbifID": 3577258428, "occurrenceID": "URN:catalog:CLO:EBIRD:OBS1237382185", "order": "Passeriformes", "family": "Corvidae", "genus": "Corvus", "species": null }, "geometry": { "type": "Point", "coordinates": [ 121.04307, 14.595008 ] } },
{ "type": "Feature", "properties": { "fid": 2500, "gbifID": 3211042382, "occurrenceID": "URN:catalog:CLO:EBIRD:OBS1008206966", "order": "Columbiformes", "family": "Columbidae", "genus": "Geopelia", "species": "Geopelia striata" }, "geometry": { "type": "Point", "coordinates": [ 121.04898, 14.589453 ] } },
{ "type": "Feature", "properties": { "fid": 2501, "gbifID": 4332471900, "occurrenceID": "URN:catalog:CLO:EBIRD:OBS1313293443", "order": "Columbiformes", "family": "Columbidae", "genus": "Geopelia", "species": "Geopelia striata" }, "geometry": { "type": "Point", "coordinates": [ 121.04044, 14.606056 ] } },
{ "type": "Feature", "properties": { "fid": 2502, "gbifID": 3542393514, "occurrenceID": "URN:catalog:CLO:EBIRD:OBS1049205648", "order": "Columbiformes", "family": "Columbidae", "genus": "Geopelia", "species": "Geopelia striata" }, "geometry": { "type": "Point", "coordinates": [ 121.03753, 14.602924 ] } },
{ "type": "Feature", "properties": { "fid": 2503, "gbifID": 3670224280, "occurrenceID": "URN:catalog:CLO:EBIRD:OBS1122473253", "order": "Coraciiformes", "family": "Alcedinidae", "genus": "Todiramphus", "species": "Todiramphus chloris" }, "geometry": { "type": "Point", "coordinates": [ 121.038605, 14.603709 ] } },
{ "type": "Feature", "properties": { "fid": 2504, "gbifID": 4750474717, "occurrenceID": "URN:catalog:CLO:EBIRD:OBS1726725210", "order": "Passeriformes", "family": "Sturnidae", "genus": "Aplonis", "species": "Aplonis panayensis" }, "geometry": { "type": "Point", "coordinates": [ 121.04109, 14.60195 ] } },
{ "type": "Feature", "properties": { "fid": 2505, "gbifID": 4678592590, "occurrenceID": "URN:catalog:CLO:EBIRD:OBS1630537593", "order": "Coraciiformes", "family": "Alcedinidae", "genus": "Todiramphus", "species": "Todiramphus chloris" }, "geometry": { "type": "Point", "coordinates": [ 121.04677, 14.59694 ] } },
{ "type": "Feature", "properties": { "fid": 2506, "gbifID": 3264637922, "occurrenceID": "URN:catalog:CLO:EBIRD:OBS971676022", "order": "Passeriformes", "family": "Rhipiduridae", "genus": "Rhipidura", "species": "Rhipidura nigritorquis" }, "geometry": { "type": "Point", "coordinates": [ 121.05856, 14.588318 ] } },
{ "type": "Feature", "properties": { "fid": 2508, "gbifID": 3646049483, "occurrenceID": "URN:catalog:CLO:EBIRD:OBS1219817902", "order": "Passeriformes", "family": "Acanthizidae", "genus": "Gerygone", "species": "Gerygone sulphurea" }, "geometry": { "type": "Point", "coordinates": [ 121.04728, 14.598908 ] } },
{ "type": "Feature", "properties": { "fid": 2509, "gbifID": 3194822447, "occurrenceID": "URN:catalog:CLO:EBIRD:OBS998238269", "order": "Passeriformes", "family": "Pycnonotidae", "genus": "Pycnonotus", "species": "Pycnonotus goiavier" }, "geometry": { "type": "Point", "coordinates": [ 121.03753, 14.602924 ] } },
{ "type": "Feature", "properties": { "fid": 2510, "gbifID": 5304655913, "occurrenceID": "URN:catalog:CLO:EBIRD:OBS2040682531", "order": "Passeriformes", "family": "Rhipiduridae", "genus": "Rhipidura", "species": "Rhipidura nigritorquis" }, "geometry": { "type": "Point", "coordinates": [ 121.03203, 14.607486 ] } },
{ "type": "Feature", "properties": { "fid": 2511, "gbifID": 4296581942, "occurrenceID": "URN:catalog:CLO:EBIRD:OBS1350512002", "order": "Passeriformes", "family": "Laniidae", "genus": "Lanius", "species": "Lanius cristatus" }, "geometry": { "type": "Point", "coordinates": [ 121.042046, 14.594734 ] } },
{ "type": "Feature", "properties": { "fid": 2512, "gbifID": 4197040040, "occurrenceID": "URN:catalog:CLO:EBIRD:OBS1323152451", "order": "Piciformes", "family": "Megalaimidae", "genus": "Psilopogon", "species": "Psilopogon haemacephalus" }, "geometry": { "type": "Point", "coordinates": [ 121.04109, 14.60195 ] } },
{ "type": "Feature", "properties": { "fid": 2513, "gbifID": 5527591212, "occurrenceID": "URN:catalog:CLO:EBIRD:OBS2534898627", "order": "Passeriformes", "family": "Sturnidae", "genus": "Aplonis", "species": "Aplonis panayensis" }, "geometry": { "type": "Point", "coordinates": [ 121.03029, 14.610978 ] } },
{ "type": "Feature", "properties": { "fid": 2514, "gbifID": 5628834631, "occurrenceID": "URN:catalog:CLO:EBIRD:OBS2552281875", "order": "Columbiformes", "family": "Columbidae", "genus": "Geopelia", "species": "Geopelia striata" }, "geometry": { "type": "Point", "coordinates": [ 121.04906, 14.589362 ] } },
{ "type": "Feature", "properties": { "fid": 2515, "gbifID": 5351617955, "occurrenceID": "URN:catalog:CLO:EBIRD:OBS1956776303", "order": "Passeriformes", "family": "Laniidae", "genus": "Lanius", "species": "Lanius cristatus" }, "geometry": { "type": "Point", "coordinates": [ 121.04055, 14.605313 ] } },
{ "type": "Feature", "properties": { "fid": 2516, "gbifID": 3644523156, "occurrenceID": "URN:catalog:CLO:EBIRD:OBS1242462499", "order": "Pelecaniformes", "family": "Ardeidae", "genus": "Egretta", "species": "Egretta garzetta" }, "geometry": { "type": "Point", "coordinates": [ 121.04109, 14.60195 ] } },
{ "type": "Feature", "properties": { "fid": 2517, "gbifID": 3148632730, "occurrenceID": "URN:catalog:CLO:EBIRD:OBS915795106", "order": "Piciformes", "family": "Picidae", "genus": "Yungipicus", "species": "Yungipicus maculatus" }, "geometry": { "type": "Point", "coordinates": [ 121.03753, 14.602924 ] } },
{ "type": "Feature", "properties": { "fid": 2518, "gbifID": 3226803178, "occurrenceID": "URN:catalog:CLO:EBIRD:OBS916172614", "order": "Passeriformes", "family": "Passeridae", "genus": "Passer", "species": "Passer montanus" }, "geometry": { "type": "Point", "coordinates": [ 121.04833, 14.572577 ] } },
{ "type": "Feature", "properties": { "fid": 2519, "gbifID": 5439576568, "occurrenceID": "URN:catalog:CLO:EBIRD:OBS2552281871", "order": "Passeriformes", "family": "Pycnonotidae", "genus": "Pycnonotus", "species": "Pycnonotus goiavier" }, "geometry": { "type": "Point", "coordinates": [ 121.04906, 14.589362 ] } },
{ "type": "Feature", "properties": { "fid": 2520, "gbifID": 3673002633, "occurrenceID": "URN:catalog:CLO:EBIRD:OBS1117992330", "order": "Passeriformes", "family": "Rhipiduridae", "genus": "Rhipidura", "species": "Rhipidura nigritorquis" }, "geometry": { "type": "Point", "coordinates": [ 121.03771, 14.606191 ] } },
{ "type": "Feature", "properties": { "fid": 2521, "gbifID": 3664156440, "occurrenceID": "URN:catalog:CLO:EBIRD:OBS1234561853", "order": "Passeriformes", "family": "Passeridae", "genus": "Passer", "species": "Passer montanus" }, "geometry": { "type": "Point", "coordinates": [ 121.03771, 14.606191 ] } },
{ "type": "Feature", "properties": { "fid": 2522, "gbifID": 3508594621, "occurrenceID": "URN:catalog:CLO:EBIRD:OBS1083433226", "order": "Passeriformes", "family": "Nectariniidae", "genus": "Cinnyris", "species": "Cinnyris jugularis" }, "geometry": { "type": "Point", "coordinates": [ 121.051506, 14.603355 ] } },
{ "type": "Feature", "properties": { "fid": 2523, "gbifID": 4764331540, "occurrenceID": "URN:catalog:CLO:EBIRD:OBS1754909050", "order": "Passeriformes", "family": "Hirundinidae", "genus": "Hirundo", "species": "Hirundo javanica" }, "geometry": { "type": "Point", "coordinates": [ 121.03438, 14.567385 ] } },
{ "type": "Feature", "properties": { "fid": 2524, "gbifID": 4693611247, "occurrenceID": "URN:catalog:CLO:EBIRD:OBS1800847855", "order": "Passeriformes", "family": "Pycnonotidae", "genus": "Pycnonotus", "species": "Pycnonotus goiavier" }, "geometry": { "type": "Point", "coordinates": [ 121.03753, 14.602924 ] } },
{ "type": "Feature", "properties": { "fid": 2525, "gbifID": 3159347846, "occurrenceID": "URN:catalog:CLO:EBIRD:OBS920391204", "order": "Piciformes", "family": "Picidae", "genus": "Yungipicus", "species": "Yungipicus maculatus" }, "geometry": { "type": "Point", "coordinates": [ 121.03753, 14.602924 ] } },
{ "type": "Feature", "properties": { "fid": 2526, "gbifID": 3540118297, "occurrenceID": "URN:catalog:CLO:EBIRD:OBS1114411734", "order": "Passeriformes", "family": "Pycnonotidae", "genus": "Pycnonotus", "species": "Pycnonotus goiavier" }, "geometry": { "type": "Point", "coordinates": [ 121.04109, 14.60195 ] } },
{ "type": "Feature", "properties": { "fid": 2527, "gbifID": 4785901519, "occurrenceID": "URN:catalog:CLO:EBIRD:OBS1639025170", "order": "Psittaciformes", "family": "Psittacidae", "genus": "Loriculus", "species": "Loriculus philippensis" }, "geometry": { "type": "Point", "coordinates": [ 121.04109, 14.60195 ] } },
{ "type": "Feature", "properties": { "fid": 2528, "gbifID": 3513984671, "occurrenceID": "URN:catalog:CLO:EBIRD:OBS1112488573", "order": "Columbiformes", "family": "Columbidae", "genus": "Geopelia", "species": "Geopelia striata" }, "geometry": { "type": "Point", "coordinates": [ 121.04109, 14.60195 ] } },
{ "type": "Feature", "properties": { "fid": 2529, "gbifID": 3526083985, "occurrenceID": "URN:catalog:CLO:EBIRD:OBS1119942870", "order": "Piciformes", "family": "Megalaimidae", "genus": "Psilopogon", "species": "Psilopogon haemacephalus" }, "geometry": { "type": "Point", "coordinates": [ 121.04109, 14.60195 ] } },
{ "type": "Feature", "properties": { "fid": 2530, "gbifID": 3232585087, "occurrenceID": "URN:catalog:CLO:EBIRD:OBS922352526", "order": "Passeriformes", "family": "Pycnonotidae", "genus": "Pycnonotus", "species": "Pycnonotus goiavier" }, "geometry": { "type": "Point", "coordinates": [ 121.03753, 14.602924 ] } },
{ "type": "Feature", "properties": { "fid": 2531, "gbifID": 4758197341, "occurrenceID": "URN:catalog:CLO:EBIRD:OBS1737370484", "order": "Passeriformes", "family": "Locustellidae", "genus": "Megalurus", "species": "Megalurus palustris" }, "geometry": { "type": "Point", "coordinates": [ 121.04898, 14.589453 ] } },
{ "type": "Feature", "properties": { "fid": 2532, "gbifID": 3272601382, "occurrenceID": "URN:catalog:CLO:EBIRD:OBS1002671439", "order": "Piciformes", "family": "Megalaimidae", "genus": "Psilopogon", "species": "Psilopogon haemacephalus" }, "geometry": { "type": "Point", "coordinates": [ 121.03753, 14.602924 ] } },
{ "type": "Feature", "properties": { "fid": 2533, "gbifID": 3552887950, "occurrenceID": "URN:catalog:CLO:EBIRD:OBS1233303388", "order": "Passeriformes", "family": "Pycnonotidae", "genus": "Pycnonotus", "species": "Pycnonotus goiavier" }, "geometry": { "type": "Point", "coordinates": [ 121.041954, 14.602813 ] } },
{ "type": "Feature", "properties": { "fid": 2534, "gbifID": 3675172558, "occurrenceID": "URN:catalog:CLO:EBIRD:OBS1121865205", "order": "Passeriformes", "family": "Pycnonotidae", "genus": "Pycnonotus", "species": "Pycnonotus goiavier" }, "geometry": { "type": "Point", "coordinates": [ 121.02639, 14.606391 ] } },
{ "type": "Feature", "properties": { "fid": 2535, "gbifID": 3622804945, "occurrenceID": "URN:catalog:CLO:EBIRD:OBS1260328588", "order": "Accipitriformes", "family": "Accipitridae", "genus": "Butastur", "species": "Butastur indicus" }, "geometry": { "type": "Point", "coordinates": [ 121.04044, 14.606056 ] } },
{ "type": "Feature", "properties": { "fid": 2536, "gbifID": 4229682216, "occurrenceID": "URN:catalog:CLO:EBIRD:OBS1389690039", "order": "Apodiformes", "family": "Apodidae", "genus": "Collocalia", "species": "Collocalia marginata" }, "geometry": { "type": "Point", "coordinates": [ 121.05715, 14.580761 ] } },
{ "type": "Feature", "properties": { "fid": 2537, "gbifID": 4653439574, "occurrenceID": "URN:catalog:CLO:EBIRD:OBS1721901515", "order": "Passeriformes", "family": "Campephagidae", "genus": "Lalage", "species": "Lalage nigra" }, "geometry": { "type": "Point", "coordinates": [ 121.04898, 14.589453 ] } },
{ "type": "Feature", "properties": { "fid": 2538, "gbifID": 4835515433, "occurrenceID": "URN:catalog:CLO:EBIRD:OBS1764781948", "order": "Apodiformes", "family": "Apodidae", "genus": "Collocalia", "species": "Collocalia marginata" }, "geometry": { "type": "Point", "coordinates": [ 121.05878, 14.588141 ] } },
{ "type": "Feature", "properties": { "fid": 2539, "gbifID": 5685626809, "occurrenceID": "URN:catalog:CLO:EBIRD:OBS2560204080", "order": "Passeriformes", "family": "Oriolidae", "genus": "Oriolus", "species": "Oriolus chinensis" }, "geometry": { "type": "Point", "coordinates": [ 121.03067, 14.611192 ] } },
{ "type": "Feature", "properties": { "fid": 2540, "gbifID": 5611397739, "occurrenceID": "URN:catalog:CLO:EBIRD:OBS2414893829", "order": "Passeriformes", "family": "Corvidae", "genus": "Corvus", "species": null }, "geometry": { "type": "Point", "coordinates": [ 121.05601, 14.603744 ] } },
{ "type": "Feature", "properties": { "fid": 2542, "gbifID": 3257075892, "occurrenceID": "URN:catalog:CLO:EBIRD:OBS848844814", "order": "Charadriiformes", "family": "Laridae", "genus": "Chlidonias", "species": "Chlidonias hybrida" }, "geometry": { "type": "Point", "coordinates": [ 121.04612, 14.568563 ] } },
{ "type": "Feature", "properties": { "fid": 2543, "gbifID": 4205170110, "occurrenceID": "URN:catalog:CLO:EBIRD:OBS1475196190", "order": "Columbiformes", "family": "Columbidae", "genus": "Columba", "species": "Columba livia" }, "geometry": { "type": "Point", "coordinates": [ 121.03708, 14.59188 ] } },
{ "type": "Feature", "properties": { "fid": 2544, "gbifID": 4300687979, "occurrenceID": "URN:catalog:CLO:EBIRD:OBS1429752893", "order": "Gruiformes", "family": "Rallidae", "genus": "Gallirallus", "species": "Gallirallus torquatus" }, "geometry": { "type": "Point", "coordinates": [ 121.04898, 14.589453 ] } },
{ "type": "Feature", "properties": { "fid": 2545, "gbifID": 4688681684, "occurrenceID": "URN:catalog:CLO:EBIRD:OBS1632529951", "order": "Piciformes", "family": "Megalaimidae", "genus": "Psilopogon", "species": "Psilopogon haemacephalus" }, "geometry": { "type": "Point", "coordinates": [ 121.04139, 14.603972 ] } },
{ "type": "Feature", "properties": { "fid": 2546, "gbifID": 5349560855, "occurrenceID": "URN:catalog:CLO:EBIRD:OBS2414893826", "order": "Passeriformes", "family": "Estrildidae", "genus": "Lonchura", "species": "Lonchura atricapilla" }, "geometry": { "type": "Point", "coordinates": [ 121.05601, 14.603744 ] } },
{ "type": "Feature", "properties": { "fid": 2547, "gbifID": 3620953310, "occurrenceID": "URN:catalog:CLO:EBIRD:OBS1119129888", "order": "Passeriformes", "family": "Nectariniidae", "genus": "Cinnyris", "species": "Cinnyris jugularis" }, "geometry": { "type": "Point", "coordinates": [ 121.03753, 14.602924 ] } },
{ "type": "Feature", "properties": { "fid": 2548, "gbifID": 4270112514, "occurrenceID": "URN:catalog:CLO:EBIRD:OBS1588575182", "order": "Apodiformes", "family": "Apodidae", "genus": "Collocalia", "species": "Collocalia troglodytes" }, "geometry": { "type": "Point", "coordinates": [ 121.05332, 14.604934 ] } },
{ "type": "Feature", "properties": { "fid": 2549, "gbifID": 3247664500, "occurrenceID": "URN:catalog:CLO:EBIRD:OBS915640008", "order": "Piciformes", "family": "Picidae", "genus": "Yungipicus", "species": "Yungipicus maculatus" }, "geometry": { "type": "Point", "coordinates": [ 121.03753, 14.602924 ] } },
{ "type": "Feature", "properties": { "fid": 2550, "gbifID": 4674822078, "occurrenceID": "URN:catalog:CLO:EBIRD:OBS1895420883", "order": "Passeriformes", "family": "Oriolidae", "genus": "Oriolus", "species": "Oriolus chinensis" }, "geometry": { "type": "Point", "coordinates": [ 121.041985, 14.595222 ] } },
{ "type": "Feature", "properties": { "fid": 2551, "gbifID": 4188411404, "occurrenceID": "URN:catalog:CLO:EBIRD:OBS1588575176", "order": "Passeriformes", "family": "Oriolidae", "genus": "Oriolus", "species": "Oriolus chinensis" }, "geometry": { "type": "Point", "coordinates": [ 121.05332, 14.604934 ] } },
{ "type": "Feature", "properties": { "fid": 2552, "gbifID": 4732255796, "occurrenceID": "URN:catalog:CLO:EBIRD:OBS1726725212", "order": "Passeriformes", "family": "Oriolidae", "genus": "Oriolus", "species": "Oriolus chinensis" }, "geometry": { "type": "Point", "coordinates": [ 121.04109, 14.60195 ] } },
{ "type": "Feature", "properties": { "fid": 2553, "gbifID": 3589914767, "occurrenceID": "URN:catalog:CLO:EBIRD:OBS1084314133", "order": "Coraciiformes", "family": "Alcedinidae", "genus": "Todiramphus", "species": "Todiramphus chloris" }, "geometry": { "type": "Point", "coordinates": [ 121.04677, 14.59694 ] } },
{ "type": "Feature", "properties": { "fid": 2555, "gbifID": 5560621357, "occurrenceID": "URN:catalog:CLO:EBIRD:OBS2414893831", "order": "Columbiformes", "family": "Columbidae", "genus": "Geopelia", "species": "Geopelia striata" }, "geometry": { "type": "Point", "coordinates": [ 121.05601, 14.603744 ] } },
{ "type": "Feature", "properties": { "fid": 2556, "gbifID": 3680281849, "occurrenceID": "URN:catalog:CLO:EBIRD:OBS1102780585", "order": "Psittaciformes", "family": "Psittacidae", "genus": "Loriculus", "species": "Loriculus philippensis" }, "geometry": { "type": "Point", "coordinates": [ 121.04109, 14.60195 ] } },
{ "type": "Feature", "properties": { "fid": 2559, "gbifID": 4202003052, "occurrenceID": "URN:catalog:CLO:EBIRD:OBS1591411428", "order": "Passeriformes", "family": "Dicaeidae", "genus": "Dicaeum", "species": "Dicaeum australe" }, "geometry": { "type": "Point", "coordinates": [ 121.04109, 14.60195 ] } },
{ "type": "Feature", "properties": { "fid": 2560, "gbifID": 3533494999, "occurrenceID": "URN:catalog:CLO:EBIRD:OBS1073375429", "order": "Passeriformes", "family": "Passeridae", "genus": "Passer", "species": "Passer montanus" }, "geometry": { "type": "Point", "coordinates": [ 121.04677, 14.59694 ] } },
{ "type": "Feature", "properties": { "fid": 2561, "gbifID": 4208781896, "occurrenceID": "URN:catalog:CLO:EBIRD:OBS1336401559", "order": "Passeriformes", "family": "Acanthizidae", "genus": "Gerygone", "species": "Gerygone sulphurea" }, "geometry": { "type": "Point", "coordinates": [ 121.04904, 14.589351 ] } },
{ "type": "Feature", "properties": { "fid": 2562, "gbifID": 3546710030, "occurrenceID": "URN:catalog:CLO:EBIRD:OBS1073190943", "order": "Passeriformes", "family": "Sturnidae", "genus": "Aplonis", "species": "Aplonis panayensis" }, "geometry": { "type": "Point", "coordinates": [ 121.04677, 14.59694 ] } },
{ "type": "Feature", "properties": { "fid": 2563, "gbifID": 5515031529, "occurrenceID": "URN:catalog:CLO:EBIRD:OBS2431090542", "order": "Columbiformes", "family": "Columbidae", "genus": "Geopelia", "species": "Geopelia striata" }, "geometry": { "type": "Point", "coordinates": [ 121.038605, 14.603709 ] } },
{ "type": "Feature", "properties": { "fid": 2564, "gbifID": 3639729759, "occurrenceID": "URN:catalog:CLO:EBIRD:OBS1086340979", "order": "Passeriformes", "family": "Zosteropidae", "genus": "Zosterops", "species": "Zosterops meyeni" }, "geometry": { "type": "Point", "coordinates": [ 121.04677, 14.59694 ] } },
{ "type": "Feature", "properties": { "fid": 2565, "gbifID": 4632888755, "occurrenceID": "URN:catalog:CLO:EBIRD:OBS1726725216", "order": "Piciformes", "family": "Megalaimidae", "genus": "Psilopogon", "species": "Psilopogon haemacephalus" }, "geometry": { "type": "Point", "coordinates": [ 121.04109, 14.60195 ] } },
{ "type": "Feature", "properties": { "fid": 2566, "gbifID": 4332189474, "occurrenceID": "URN:catalog:CLO:EBIRD:OBS1429755151", "order": "Passeriformes", "family": "Campephagidae", "genus": "Lalage", "species": "Lalage nigra" }, "geometry": { "type": "Point", "coordinates": [ 121.04898, 14.589453 ] } },
{ "type": "Feature", "properties": { "fid": 2567, "gbifID": 4739497141, "occurrenceID": "URN:catalog:CLO:EBIRD:OBS1726712626", "order": "Passeriformes", "family": "Hirundinidae", "genus": "Hirundo", "species": "Hirundo javanica" }, "geometry": { "type": "Point", "coordinates": [ 121.04109, 14.60195 ] } },
{ "type": "Feature", "properties": { "fid": 2568, "gbifID": 3152742719, "occurrenceID": "URN:catalog:CLO:EBIRD:OBS917214300", "order": "Columbiformes", "family": "Columbidae", "genus": "Spilopelia", "species": "Spilopelia chinensis" }, "geometry": { "type": "Point", "coordinates": [ 121.03753, 14.602924 ] } },
{ "type": "Feature", "properties": { "fid": 2569, "gbifID": 3231453830, "occurrenceID": "URN:catalog:CLO:EBIRD:OBS845949800", "order": "Columbiformes", "family": "Columbidae", "genus": "Geopelia", "species": "Geopelia striata" }, "geometry": { "type": "Point", "coordinates": [ 121.03753, 14.602924 ] } },
{ "type": "Feature", "properties": { "fid": 2570, "gbifID": 3169707521, "occurrenceID": "URN:catalog:CLO:EBIRD:OBS915645739", "order": "Passeriformes", "family": "Pycnonotidae", "genus": "Pycnonotus", "species": "Pycnonotus goiavier" }, "geometry": { "type": "Point", "coordinates": [ 121.03753, 14.602924 ] } },
{ "type": "Feature", "properties": { "fid": 2571, "gbifID": 4738991192, "occurrenceID": "URN:catalog:CLO:EBIRD:OBS1902983500", "order": "Psittaciformes", "family": "Psittacidae", "genus": "Loriculus", "species": "Loriculus philippensis" }, "geometry": { "type": "Point", "coordinates": [ 121.03203, 14.607486 ] } },
{ "type": "Feature", "properties": { "fid": 2572, "gbifID": 3178218605, "occurrenceID": "URN:catalog:CLO:EBIRD:OBS976509748", "order": "Passeriformes", "family": "Rhipiduridae", "genus": "Rhipidura", "species": "Rhipidura nigritorquis" }, "geometry": { "type": "Point", "coordinates": [ 121.05856, 14.588318 ] } },
{ "type": "Feature", "properties": { "fid": 2573, "gbifID": 3507637109, "occurrenceID": "URN:catalog:CLO:EBIRD:OBS1073368665", "order": "Columbiformes", "family": "Columbidae", "genus": "Geopelia", "species": "Geopelia striata" }, "geometry": { "type": "Point", "coordinates": [ 121.04677, 14.59694 ] } },
{ "type": "Feature", "properties": { "fid": 2574, "gbifID": 3546300426, "occurrenceID": "URN:catalog:CLO:EBIRD:OBS1266508556", "order": "Passeriformes", "family": "Sturnidae", "genus": "Aplonis", "species": "Aplonis panayensis" }, "geometry": { "type": "Point", "coordinates": [ 121.04677, 14.59694 ] } },
{ "type": "Feature", "properties": { "fid": 2575, "gbifID": 4314900453, "occurrenceID": "URN:catalog:CLO:EBIRD:OBS1315919615", "order": "Passeriformes", "family": "Oriolidae", "genus": "Oriolus", "species": "Oriolus chinensis" }, "geometry": { "type": "Point", "coordinates": [ 121.041954, 14.602813 ] } },
{ "type": "Feature", "properties": { "fid": 2577, "gbifID": 4278963681, "occurrenceID": "URN:catalog:CLO:EBIRD:OBS1429752892", "order": "Apodiformes", "family": "Apodidae", "genus": "Collocalia", "species": "Collocalia marginata" }, "geometry": { "type": "Point", "coordinates": [ 121.04898, 14.589453 ] } },
{ "type": "Feature", "properties": { "fid": 2578, "gbifID": 3645143711, "occurrenceID": "URN:catalog:CLO:EBIRD:OBS1117792185", "order": "Passeriformes", "family": "Pycnonotidae", "genus": "Pycnonotus", "species": "Pycnonotus goiavier" }, "geometry": { "type": "Point", "coordinates": [ 121.04109, 14.60195 ] } },
{ "type": "Feature", "properties": { "fid": 2579, "gbifID": 3671299204, "occurrenceID": "URN:catalog:CLO:EBIRD:OBS1122473262", "order": "Passeriformes", "family": "Sturnidae", "genus": "Aplonis", "species": "Aplonis panayensis" }, "geometry": { "type": "Point", "coordinates": [ 121.038605, 14.603709 ] } },
{ "type": "Feature", "properties": { "fid": 2580, "gbifID": 5297853157, "occurrenceID": "URN:catalog:CLO:EBIRD:OBS1949798052", "order": "Passeriformes", "family": "Hirundinidae", "genus": "Hirundo", "species": "Hirundo javanica" }, "geometry": { "type": "Point", "coordinates": [ 121.049225, 14.589323 ] } },
{ "type": "Feature", "properties": { "fid": 2581, "gbifID": 5486135399, "occurrenceID": "URN:catalog:CLO:EBIRD:OBS1956775080", "order": "Passeriformes", "family": "Oriolidae", "genus": "Oriolus", "species": "Oriolus chinensis" }, "geometry": { "type": "Point", "coordinates": [ 121.04055, 14.605313 ] } },
{ "type": "Feature", "properties": { "fid": 2582, "gbifID": 4760743591, "occurrenceID": "URN:catalog:CLO:EBIRD:OBS1597543444", "order": "Passeriformes", "family": "Motacillidae", "genus": "Motacilla", "species": "Motacilla cinerea" }, "geometry": { "type": "Point", "coordinates": [ 121.039185, 14.601851 ] } },
{ "type": "Feature", "properties": { "fid": 2583, "gbifID": 4324779128, "occurrenceID": "URN:catalog:CLO:EBIRD:OBS1509740662", "order": "Pelecaniformes", "family": "Ardeidae", "genus": "Ardea", "species": null }, "geometry": { "type": "Point", "coordinates": [ 121.04076, 14.60353 ] } },
{ "type": "Feature", "properties": { "fid": 2584, "gbifID": 3669894766, "occurrenceID": "URN:catalog:CLO:EBIRD:OBS1241360932", "order": "Passeriformes", "family": "Zosteropidae", "genus": "Zosterops", "species": "Zosterops meyeni" }, "geometry": { "type": "Point", "coordinates": [ 121.041954, 14.602813 ] } },
{ "type": "Feature", "properties": { "fid": 2585, "gbifID": 3146165867, "occurrenceID": "URN:catalog:CLO:EBIRD:OBS870451555", "order": "Columbiformes", "family": "Columbidae", "genus": "Geopelia", "species": "Geopelia striata" }, "geometry": { "type": "Point", "coordinates": [ 121.03753, 14.602924 ] } },
{ "type": "Feature", "properties": { "fid": 2586, "gbifID": 4810205647, "occurrenceID": "URN:catalog:CLO:EBIRD:OBS1726712704", "order": "Passeriformes", "family": "Zosteropidae", "genus": "Zosterops", "species": "Zosterops meyeni" }, "geometry": { "type": "Point", "coordinates": [ 121.04109, 14.60195 ] } },
{ "type": "Feature", "properties": { "fid": 2587, "gbifID": 4746991223, "occurrenceID": "URN:catalog:CLO:EBIRD:OBS1721892639", "order": "Passeriformes", "family": "Locustellidae", "genus": "Megalurus", "species": "Megalurus palustris" }, "geometry": { "type": "Point", "coordinates": [ 121.04898, 14.589453 ] } },
{ "type": "Feature", "properties": { "fid": 2588, "gbifID": 3600112925, "occurrenceID": "URN:catalog:CLO:EBIRD:OBS1132503812", "order": "Passeriformes", "family": "Acanthizidae", "genus": "Gerygone", "species": "Gerygone sulphurea" }, "geometry": { "type": "Point", "coordinates": [ 121.040436, 14.605678 ] } },
{ "type": "Feature", "properties": { "fid": 2589, "gbifID": 3280056125, "occurrenceID": "URN:catalog:CLO:EBIRD:OBS1004885089", "order": "Pelecaniformes", "family": "Ardeidae", "genus": "Egretta", "species": "Egretta garzetta" }, "geometry": { "type": "Point", "coordinates": [ 121.03753, 14.602924 ] } },
{ "type": "Feature", "properties": { "fid": 2590, "gbifID": 4731903524, "occurrenceID": "URN:catalog:CLO:EBIRD:OBS1846539959", "order": "Passeriformes", "family": "Pycnonotidae", "genus": "Pycnonotus", "species": "Pycnonotus goiavier" }, "geometry": { "type": "Point", "coordinates": [ 121.05878, 14.588141 ] } },
{ "type": "Feature", "properties": { "fid": 2591, "gbifID": 5305748605, "occurrenceID": "URN:catalog:CLO:EBIRD:OBS1980584562", "order": "Psittaciformes", "family": "Psittacidae", "genus": "Loriculus", "species": "Loriculus philippensis" }, "geometry": { "type": "Point", "coordinates": [ 121.04055, 14.605313 ] } },
{ "type": "Feature", "properties": { "fid": 2592, "gbifID": 3606419245, "occurrenceID": "URN:catalog:CLO:EBIRD:OBS1111341788", "order": "Passeriformes", "family": "Pycnonotidae", "genus": "Pycnonotus", "species": "Pycnonotus goiavier" }, "geometry": { "type": "Point", "coordinates": [ 121.03771, 14.606191 ] } },
{ "type": "Feature", "properties": { "fid": 2593, "gbifID": 3649969946, "occurrenceID": "URN:catalog:CLO:EBIRD:OBS1117792187", "order": "Columbiformes", "family": "Columbidae", "genus": "Spilopelia", "species": "Spilopelia chinensis" }, "geometry": { "type": "Point", "coordinates": [ 121.04109, 14.60195 ] } },
{ "type": "Feature", "properties": { "fid": 2594, "gbifID": 3229327109, "occurrenceID": "URN:catalog:CLO:EBIRD:OBS922352528", "order": "Piciformes", "family": "Megalaimidae", "genus": "Psilopogon", "species": "Psilopogon haemacephalus" }, "geometry": { "type": "Point", "coordinates": [ 121.03753, 14.602924 ] } },
{ "type": "Feature", "properties": { "fid": 2595, "gbifID": 3512739285, "occurrenceID": "URN:catalog:CLO:EBIRD:OBS1121865322", "order": "Passeriformes", "family": "Laniidae", "genus": "Lanius", "species": "Lanius cristatus" }, "geometry": { "type": "Point", "coordinates": [ 121.02639, 14.606391 ] } },
{ "type": "Feature", "properties": { "fid": 2596, "gbifID": 3574537258, "occurrenceID": "URN:catalog:CLO:EBIRD:OBS1237382193", "order": "Passeriformes", "family": "Estrildidae", "genus": "Lonchura", "species": "Lonchura atricapilla" }, "geometry": { "type": "Point", "coordinates": [ 121.04307, 14.595008 ] } },
{ "type": "Feature", "properties": { "fid": 2597, "gbifID": 4798252513, "occurrenceID": "URN:catalog:CLO:EBIRD:OBS1837252364", "order": "Columbiformes", "family": "Columbidae", "genus": "Geopelia", "species": "Geopelia striata" }, "geometry": { "type": "Point", "coordinates": [ 121.05878, 14.588141 ] } },
{ "type": "Feature", "properties": { "fid": 2599, "gbifID": 4275527908, "occurrenceID": "URN:catalog:CLO:EBIRD:OBS1589113764", "order": "Passeriformes", "family": "Sturnidae", "genus": "Gracula", "species": "Gracula religiosa" }, "geometry": { "type": "Point", "coordinates": [ 121.05332, 14.604934 ] } },
{ "type": "Feature", "properties": { "fid": 2600, "gbifID": 4775034118, "occurrenceID": "URN:catalog:CLO:EBIRD:OBS1630537589", "order": "Passeriformes", "family": "Zosteropidae", "genus": "Zosterops", "species": "Zosterops meyeni" }, "geometry": { "type": "Point", "coordinates": [ 121.04677, 14.59694 ] } },
{ "type": "Feature", "properties": { "fid": 2601, "gbifID": 4324640020, "occurrenceID": "URN:catalog:CLO:EBIRD:OBS1315915683", "order": "Passeriformes", "family": "Rhipiduridae", "genus": "Rhipidura", "species": "Rhipidura nigritorquis" }, "geometry": { "type": "Point", "coordinates": [ 121.04109, 14.60195 ] } },
{ "type": "Feature", "properties": { "fid": 2602, "gbifID": 4187878318, "occurrenceID": "URN:catalog:CLO:EBIRD:OBS1320624413", "order": "Passeriformes", "family": "Acanthizidae", "genus": "Gerygone", "species": "Gerygone sulphurea" }, "geometry": { "type": "Point", "coordinates": [ 121.04109, 14.60195 ] } },
{ "type": "Feature", "properties": { "fid": 2603, "gbifID": 3594053364, "occurrenceID": "URN:catalog:CLO:EBIRD:OBS1099637913", "order": "Passeriformes", "family": "Nectariniidae", "genus": "Cinnyris", "species": "Cinnyris jugularis" }, "geometry": { "type": "Point", "coordinates": [ 121.04109, 14.60195 ] } },
{ "type": "Feature", "properties": { "fid": 2604, "gbifID": 3656034515, "occurrenceID": "URN:catalog:CLO:EBIRD:OBS1212607151", "order": "Columbiformes", "family": "Columbidae", "genus": "Geopelia", "species": "Geopelia striata" }, "geometry": { "type": "Point", "coordinates": [ 121.04044, 14.606056 ] } },
{ "type": "Feature", "properties": { "fid": 2605, "gbifID": 4756434376, "occurrenceID": "URN:catalog:CLO:EBIRD:OBS1902983499", "order": "Passeriformes", "family": "Oriolidae", "genus": "Oriolus", "species": "Oriolus chinensis" }, "geometry": { "type": "Point", "coordinates": [ 121.03203, 14.607486 ] } },
{ "type": "Feature", "properties": { "fid": 2606, "gbifID": 4612032460, "occurrenceID": "URN:catalog:CLO:EBIRD:OBS1835246919", "order": "Passeriformes", "family": "Pycnonotidae", "genus": "Pycnonotus", "species": "Pycnonotus goiavier" }, "geometry": { "type": "Point", "coordinates": [ 121.03081, 14.60444 ] } },
{ "type": "Feature", "properties": { "fid": 2608, "gbifID": 3678108595, "occurrenceID": "URN:catalog:CLO:EBIRD:OBS1117992343", "order": "Passeriformes", "family": "Nectariniidae", "genus": "Cinnyris", "species": "Cinnyris jugularis" }, "geometry": { "type": "Point", "coordinates": [ 121.038605, 14.603709 ] } },
{ "type": "Feature", "properties": { "fid": 2610, "gbifID": 3231226592, "occurrenceID": "URN:catalog:CLO:EBIRD:OBS915640000", "order": "Piciformes", "family": "Megalaimidae", "genus": "Psilopogon", "species": "Psilopogon haemacephalus" }, "geometry": { "type": "Point", "coordinates": [ 121.03753, 14.602924 ] } },
{ "type": "Feature", "properties": { "fid": 2611, "gbifID": 3654515441, "occurrenceID": "URN:catalog:CLO:EBIRD:OBS1234561847", "order": "Passeriformes", "family": "Nectariniidae", "genus": "Cinnyris", "species": "Cinnyris jugularis" }, "geometry": { "type": "Point", "coordinates": [ 121.03771, 14.606191 ] } },
{ "type": "Feature", "properties": { "fid": 2612, "gbifID": 5377425643, "occurrenceID": "URN:catalog:CLO:EBIRD:OBS1956750316", "order": "Passeriformes", "family": "Passeridae", "genus": "Passer", "species": "Passer montanus" }, "geometry": { "type": "Point", "coordinates": [ 121.04055, 14.605313 ] } },
{ "type": "Feature", "properties": { "fid": 2613, "gbifID": 5448838045, "occurrenceID": "URN:catalog:CLO:EBIRD:OBS2019954485", "order": "Passeriformes", "family": "Pycnonotidae", "genus": "Pycnonotus", "species": "Pycnonotus goiavier" }, "geometry": { "type": "Point", "coordinates": [ 121.03203, 14.607486 ] } },
{ "type": "Feature", "properties": { "fid": 2614, "gbifID": 3589627135, "occurrenceID": "URN:catalog:CLO:EBIRD:OBS1084314132", "order": "Passeriformes", "family": "Muscicapidae", "genus": "Copsychus", "species": "Copsychus mindanensis" }, "geometry": { "type": "Point", "coordinates": [ 121.04677, 14.59694 ] } },
{ "type": "Feature", "properties": { "fid": 2615, "gbifID": 4336515749, "occurrenceID": "URN:catalog:CLO:EBIRD:OBS1591407546", "order": "Passeriformes", "family": "Sturnidae", "genus": "Acridotheres", "species": "Acridotheres cristatellus" }, "geometry": { "type": "Point", "coordinates": [ 121.04109, 14.60195 ] } },
{ "type": "Feature", "properties": { "fid": 2616, "gbifID": 4681016832, "occurrenceID": "URN:catalog:CLO:EBIRD:OBS1639025169", "order": "Passeriformes", "family": "Sturnidae", "genus": "Aplonis", "species": "Aplonis panayensis" }, "geometry": { "type": "Point", "coordinates": [ 121.04109, 14.60195 ] } },
{ "type": "Feature", "properties": { "fid": 2617, "gbifID": 3291331200, "occurrenceID": "URN:catalog:CLO:EBIRD:OBS1004885094", "order": "Passeriformes", "family": "Motacillidae", "genus": "Motacilla", "species": "Motacilla cinerea" }, "geometry": { "type": "Point", "coordinates": [ 121.03753, 14.602924 ] } },
{ "type": "Feature", "properties": { "fid": 2618, "gbifID": 3288744969, "occurrenceID": "URN:catalog:CLO:EBIRD:OBS1011598504", "order": "Passeriformes", "family": "Passeridae", "genus": "Passer", "species": "Passer montanus" }, "geometry": { "type": "Point", "coordinates": [ 121.03753, 14.602924 ] } },
{ "type": "Feature", "properties": { "fid": 2619, "gbifID": 3559565638, "occurrenceID": "URN:catalog:CLO:EBIRD:OBS1241356544", "order": "Piciformes", "family": "Picidae", "genus": "Yungipicus", "species": "Yungipicus maculatus" }, "geometry": { "type": "Point", "coordinates": [ 121.041954, 14.602813 ] } },
{ "type": "Feature", "properties": { "fid": 2621, "gbifID": 3204166430, "occurrenceID": "URN:catalog:CLO:EBIRD:OBS1008206973", "order": "Gruiformes", "family": "Rallidae", "genus": "Gallirallus", "species": "Gallirallus torquatus" }, "geometry": { "type": "Point", "coordinates": [ 121.04898, 14.589453 ] } },
{ "type": "Feature", "properties": { "fid": 2622, "gbifID": 3278229649, "occurrenceID": "URN:catalog:CLO:EBIRD:OBS996913148", "order": "Passeriformes", "family": "Rhipiduridae", "genus": "Rhipidura", "species": "Rhipidura nigritorquis" }, "geometry": { "type": "Point", "coordinates": [ 121.03753, 14.602924 ] } },
{ "type": "Feature", "properties": { "fid": 2623, "gbifID": 4273373436, "occurrenceID": "URN:catalog:CLO:EBIRD:OBS1591411422", "order": "Passeriformes", "family": "Passeridae", "genus": "Passer", "species": "Passer montanus" }, "geometry": { "type": "Point", "coordinates": [ 121.04109, 14.60195 ] } },
{ "type": "Feature", "properties": { "fid": 2626, "gbifID": 5378084369, "occurrenceID": "URN:catalog:CLO:EBIRD:OBS2414893827", "order": "Piciformes", "family": "Megalaimidae", "genus": "Psilopogon", "species": "Psilopogon haemacephalus" }, "geometry": { "type": "Point", "coordinates": [ 121.05601, 14.603744 ] } },
{ "type": "Feature", "properties": { "fid": 2627, "gbifID": 4750735184, "occurrenceID": "URN:catalog:CLO:EBIRD:OBS1882512219", "order": "Piciformes", "family": "Megalaimidae", "genus": "Psilopogon", "species": "Psilopogon haemacephalus" }, "geometry": { "type": "Point", "coordinates": [ 121.03203, 14.607486 ] } },
{ "type": "Feature", "properties": { "fid": 2628, "gbifID": 3513190951, "occurrenceID": "URN:catalog:CLO:EBIRD:OBS1121887078", "order": "Piciformes", "family": "Megalaimidae", "genus": "Psilopogon", "species": "Psilopogon haemacephalus" }, "geometry": { "type": "Point", "coordinates": [ 121.02639, 14.606391 ] } },
{ "type": "Feature", "properties": { "fid": 2629, "gbifID": 4313866751, "occurrenceID": "URN:catalog:CLO:EBIRD:OBS1491012662", "order": "Strigiformes", "family": "Strigidae", "genus": "Otus", "species": "Otus megalotis" }, "geometry": { "type": "Point", "coordinates": [ 121.042244, 14.607155 ] } },
{ "type": "Feature", "properties": { "fid": 2631, "gbifID": 3156505841, "occurrenceID": "URN:catalog:CLO:EBIRD:OBS934973642", "order": "Passeriformes", "family": "Hirundinidae", "genus": "Hirundo", "species": "Hirundo javanica" }, "geometry": { "type": "Point", "coordinates": [ 121.05384, 14.579544 ] } },
{ "type": "Feature", "properties": { "fid": 2632, "gbifID": 3580632333, "occurrenceID": "URN:catalog:CLO:EBIRD:OBS1274963901", "order": "Coraciiformes", "family": "Alcedinidae", "genus": "Todiramphus", "species": "Todiramphus chloris" }, "geometry": { "type": "Point", "coordinates": [ 121.041954, 14.602813 ] } },
{ "type": "Feature", "properties": { "fid": 2633, "gbifID": 3673864282, "occurrenceID": "URN:catalog:CLO:EBIRD:OBS1111246212", "order": "Coraciiformes", "family": "Alcedinidae", "genus": "Alcedo", "species": "Alcedo atthis" }, "geometry": { "type": "Point", "coordinates": [ 121.04109, 14.60195 ] } },
{ "type": "Feature", "properties": { "fid": 2634, "gbifID": 3281050829, "occurrenceID": "URN:catalog:CLO:EBIRD:OBS1027283642", "order": "Passeriformes", "family": "Artamidae", "genus": "Artamus", "species": "Artamus leucorhynchos" }, "geometry": { "type": "Point", "coordinates": [ 121.03753, 14.602924 ] } },
{ "type": "Feature", "properties": { "fid": 2635, "gbifID": 3200523947, "occurrenceID": "URN:catalog:CLO:EBIRD:OBS978139294", "order": "Piciformes", "family": "Picidae", "genus": "Yungipicus", "species": "Yungipicus maculatus" }, "geometry": { "type": "Point", "coordinates": [ 121.05856, 14.588318 ] } },
{ "type": "Feature", "properties": { "fid": 2636, "gbifID": 4262586456, "occurrenceID": "URN:catalog:CLO:EBIRD:OBS1385753879", "order": "Coraciiformes", "family": "Alcedinidae", "genus": "Todiramphus", "species": "Todiramphus chloris" }, "geometry": { "type": "Point", "coordinates": [ 121.04728, 14.598908 ] } },
{ "type": "Feature", "properties": { "fid": 2637, "gbifID": 3162502711, "occurrenceID": "URN:catalog:CLO:EBIRD:OBS915639997", "order": "Columbiformes", "family": "Columbidae", "genus": "Spilopelia", "species": "Spilopelia chinensis" }, "geometry": { "type": "Point", "coordinates": [ 121.03753, 14.602924 ] } },
{ "type": "Feature", "properties": { "fid": 2638, "gbifID": 4297911064, "occurrenceID": "URN:catalog:CLO:EBIRD:OBS1320625193", "order": "Columbiformes", "family": "Columbidae", "genus": "Geopelia", "species": "Geopelia striata" }, "geometry": { "type": "Point", "coordinates": [ 121.04109, 14.60195 ] } },
{ "type": "Feature", "properties": { "fid": 2639, "gbifID": 4266889757, "occurrenceID": "URN:catalog:CLO:EBIRD:OBS1324174771", "order": "Passeriformes", "family": "Oriolidae", "genus": "Oriolus", "species": "Oriolus chinensis" }, "geometry": { "type": "Point", "coordinates": [ 121.05536, 14.590787 ] } },
{ "type": "Feature", "properties": { "fid": 2640, "gbifID": 3519936852, "occurrenceID": "URN:catalog:CLO:EBIRD:OBS1111248985", "order": "Passeriformes", "family": "Pycnonotidae", "genus": "Pycnonotus", "species": "Pycnonotus goiavier" }, "geometry": { "type": "Point", "coordinates": [ 121.04109, 14.60195 ] } },
{ "type": "Feature", "properties": { "fid": 2641, "gbifID": 3509668293, "occurrenceID": "URN:catalog:CLO:EBIRD:OBS1073368662", "order": "Passeriformes", "family": "Rhipiduridae", "genus": "Rhipidura", "species": "Rhipidura nigritorquis" }, "geometry": { "type": "Point", "coordinates": [ 121.04677, 14.59694 ] } },
{ "type": "Feature", "properties": { "fid": 2642, "gbifID": 3660145817, "occurrenceID": "URN:catalog:CLO:EBIRD:OBS1278134612", "order": "Passeriformes", "family": "Motacillidae", "genus": "Motacilla", "species": "Motacilla cinerea" }, "geometry": { "type": "Point", "coordinates": [ 121.04109, 14.60195 ] } },
{ "type": "Feature", "properties": { "fid": 2643, "gbifID": 4705952038, "occurrenceID": "URN:catalog:CLO:EBIRD:OBS1629818775", "order": "Passeriformes", "family": "Rhipiduridae", "genus": "Rhipidura", "species": "Rhipidura nigritorquis" }, "geometry": { "type": "Point", "coordinates": [ 121.04297, 14.594615 ] } },
{ "type": "Feature", "properties": { "fid": 2644, "gbifID": 4301429949, "occurrenceID": "URN:catalog:CLO:EBIRD:OBS1339270384", "order": "Columbiformes", "family": "Columbidae", "genus": "Geopelia", "species": "Geopelia striata" }, "geometry": { "type": "Point", "coordinates": [ 121.04109, 14.60195 ] } },
{ "type": "Feature", "properties": { "fid": 2646, "gbifID": 5456518357, "occurrenceID": "URN:catalog:CLO:EBIRD:OBS2414894576", "order": "Psittaciformes", "family": "Psittacidae", "genus": "Loriculus", "species": "Loriculus philippensis" }, "geometry": { "type": "Point", "coordinates": [ 121.05601, 14.603744 ] } },
{ "type": "Feature", "properties": { "fid": 2647, "gbifID": 5499666191, "occurrenceID": "URN:catalog:CLO:EBIRD:OBS2540234729", "order": "Pelecaniformes", "family": "Ardeidae", "genus": "Butorides", "species": "Butorides striata" }, "geometry": { "type": "Point", "coordinates": [ 121.04109, 14.60195 ] } },
{ "type": "Feature", "properties": { "fid": 2648, "gbifID": 3135160423, "occurrenceID": "URN:catalog:CLO:EBIRD:OBS852253264", "order": "Columbiformes", "family": "Columbidae", "genus": "Geopelia", "species": "Geopelia striata" }, "geometry": { "type": "Point", "coordinates": [ 121.059746, 14.585525 ] } },
{ "type": "Feature", "properties": { "fid": 2649, "gbifID": 3146533981, "occurrenceID": "URN:catalog:CLO:EBIRD:OBS865790458", "order": "Passeriformes", "family": "Passeridae", "genus": "Passer", "species": "Passer montanus" }, "geometry": { "type": "Point", "coordinates": [ 121.03753, 14.602924 ] } },
{ "type": "Feature", "properties": { "fid": 2650, "gbifID": 3594904553, "occurrenceID": "URN:catalog:CLO:EBIRD:OBS1098581582", "order": "Passeriformes", "family": "Dicaeidae", "genus": "Dicaeum", "species": "Dicaeum australe" }, "geometry": { "type": "Point", "coordinates": [ 121.03753, 14.602924 ] } },
{ "type": "Feature", "properties": { "fid": 2651, "gbifID": 3508629150, "occurrenceID": "URN:catalog:CLO:EBIRD:OBS1054332213", "order": "Passeriformes", "family": "Oriolidae", "genus": "Oriolus", "species": "Oriolus chinensis" }, "geometry": { "type": "Point", "coordinates": [ 121.03753, 14.602924 ] } },
{ "type": "Feature", "properties": { "fid": 2652, "gbifID": 4304939133, "occurrenceID": "URN:catalog:CLO:EBIRD:OBS1430310165", "order": "Cuculiformes", "family": "Cuculidae", "genus": "Eudynamys", "species": "Eudynamys scolopaceus" }, "geometry": { "type": "Point", "coordinates": [ 121.04898, 14.589453 ] } },
{ "type": "Feature", "properties": { "fid": 2653, "gbifID": 3261576256, "occurrenceID": "URN:catalog:CLO:EBIRD:OBS998236723", "order": "Passeriformes", "family": "Passeridae", "genus": "Passer", "species": "Passer montanus" }, "geometry": { "type": "Point", "coordinates": [ 121.03753, 14.602924 ] } },
{ "type": "Feature", "properties": { "fid": 2654, "gbifID": 3688331319, "occurrenceID": "URN:catalog:CLO:EBIRD:OBS1267079732", "order": "Passeriformes", "family": "Oriolidae", "genus": "Oriolus", "species": "Oriolus chinensis" }, "geometry": { "type": "Point", "coordinates": [ 121.041954, 14.602813 ] } },
{ "type": "Feature", "properties": { "fid": 2655, "gbifID": 4295541726, "occurrenceID": "URN:catalog:CLO:EBIRD:OBS1339262648", "order": "Passeriformes", "family": "Sturnidae", "genus": "Aplonis", "species": "Aplonis panayensis" }, "geometry": { "type": "Point", "coordinates": [ 121.03861, 14.603591 ] } },
{ "type": "Feature", "properties": { "fid": 2656, "gbifID": 4679016378, "occurrenceID": "URN:catalog:CLO:EBIRD:OBS1800847859", "order": "Passeriformes", "family": "Rhipiduridae", "genus": "Rhipidura", "species": "Rhipidura nigritorquis" }, "geometry": { "type": "Point", "coordinates": [ 121.03753, 14.602924 ] } },
{ "type": "Feature", "properties": { "fid": 2657, "gbifID": 4844817482, "occurrenceID": "URN:catalog:CLO:EBIRD:OBS1895417302", "order": "Passeriformes", "family": "Corvidae", "genus": "Corvus", "species": null }, "geometry": { "type": "Point", "coordinates": [ 121.041985, 14.595222 ] } },
{ "type": "Feature", "properties": { "fid": 2658, "gbifID": 5329723945, "occurrenceID": "URN:catalog:CLO:EBIRD:OBS1956764492", "order": "Passeriformes", "family": "Dicaeidae", "genus": "Dicaeum", "species": "Dicaeum australe" }, "geometry": { "type": "Point", "coordinates": [ 121.04055, 14.605313 ] } },
{ "type": "Feature", "properties": { "fid": 2659, "gbifID": 3150884568, "occurrenceID": "URN:catalog:CLO:EBIRD:OBS917214301", "order": "Passeriformes", "family": "Sturnidae", "genus": "Acridotheres", "species": "Acridotheres cristatellus" }, "geometry": { "type": "Point", "coordinates": [ 121.03753, 14.602924 ] } },
{ "type": "Feature", "properties": { "fid": 2660, "gbifID": 5303889952, "occurrenceID": "URN:catalog:CLO:EBIRD:OBS2168014526", "order": "Passeriformes", "family": "Nectariniidae", "genus": "Cinnyris", "species": "Cinnyris jugularis" }, "geometry": { "type": "Point", "coordinates": [ 121.0351, 14.591043 ] } },
{ "type": "Feature", "properties": { "fid": 2661, "gbifID": 4266563871, "occurrenceID": "URN:catalog:CLO:EBIRD:OBS1509740666", "order": "Coraciiformes", "family": "Alcedinidae", "genus": "Todiramphus", "species": "Todiramphus chloris" }, "geometry": { "type": "Point", "coordinates": [ 121.04076, 14.60353 ] } },
{ "type": "Feature", "properties": { "fid": 2662, "gbifID": 4259293493, "occurrenceID": "URN:catalog:CLO:EBIRD:OBS1518646414", "order": "Passeriformes", "family": "Nectariniidae", "genus": "Cinnyris", "species": "Cinnyris jugularis" }, "geometry": { "type": "Point", "coordinates": [ 121.04677, 14.59694 ] } },
{ "type": "Feature", "properties": { "fid": 2663, "gbifID": 3551392453, "occurrenceID": "URN:catalog:CLO:EBIRD:OBS1119942869", "order": "Coraciiformes", "family": "Alcedinidae", "genus": "Todiramphus", "species": "Todiramphus chloris" }, "geometry": { "type": "Point", "coordinates": [ 121.04109, 14.60195 ] } },
{ "type": "Feature", "properties": { "fid": 2664, "gbifID": 3581404491, "occurrenceID": "URN:catalog:CLO:EBIRD:OBS1237382202", "order": "Passeriformes", "family": "Muscicapidae", "genus": "Copsychus", "species": "Copsychus mindanensis" }, "geometry": { "type": "Point", "coordinates": [ 121.04307, 14.595008 ] } },
{ "type": "Feature", "properties": { "fid": 2667, "gbifID": 4620915075, "occurrenceID": "URN:catalog:CLO:EBIRD:OBS1951648815", "order": "Passeriformes", "family": "Passeridae", "genus": "Passer", "species": "Passer montanus" }, "geometry": { "type": "Point", "coordinates": [ 121.03665, 14.589744 ] } },
{ "type": "Feature", "properties": { "fid": 2669, "gbifID": 4338534373, "occurrenceID": "URN:catalog:CLO:EBIRD:OBS1384406479", "order": "Passeriformes", "family": "Acanthizidae", "genus": "Gerygone", "species": "Gerygone sulphurea" }, "geometry": { "type": "Point", "coordinates": [ 121.05715, 14.580761 ] } },
{ "type": "Feature", "properties": { "fid": 2670, "gbifID": 4359182959, "occurrenceID": "URN:catalog:CLO:EBIRD:OBS1518639848", "order": "Pelecaniformes", "family": "Ardeidae", "genus": "Nycticorax", "species": "Nycticorax caledonicus" }, "geometry": { "type": "Point", "coordinates": [ 121.04109, 14.60195 ] } },
{ "type": "Feature", "properties": { "fid": 2671, "gbifID": 3168541715, "occurrenceID": "URN:catalog:CLO:EBIRD:OBS934973645", "order": "Passeriformes", "family": "Pycnonotidae", "genus": "Pycnonotus", "species": "Pycnonotus goiavier" }, "geometry": { "type": "Point", "coordinates": [ 121.05384, 14.579544 ] } },
{ "type": "Feature", "properties": { "fid": 2674, "gbifID": 4197206009, "occurrenceID": "URN:catalog:CLO:EBIRD:OBS1329317472", "order": "Passeriformes", "family": "Hirundinidae", "genus": "Hirundo", "species": "Hirundo javanica" }, "geometry": { "type": "Point", "coordinates": [ 121.04553, 14.597787 ] } },
{ "type": "Feature", "properties": { "fid": 2675, "gbifID": 4729486696, "occurrenceID": "URN:catalog:CLO:EBIRD:OBS1841027432", "order": "Columbiformes", "family": "Columbidae", "genus": "Geopelia", "species": "Geopelia striata" }, "geometry": { "type": "Point", "coordinates": [ 121.05037, 14.599313 ] } },
{ "type": "Feature", "properties": { "fid": 2676, "gbifID": 5397467965, "occurrenceID": "URN:catalog:CLO:EBIRD:OBS2540234728", "order": "Passeriformes", "family": "Motacillidae", "genus": "Motacilla", "species": "Motacilla cinerea" }, "geometry": { "type": "Point", "coordinates": [ 121.04109, 14.60195 ] } },
{ "type": "Feature", "properties": { "fid": 2677, "gbifID": 3658671513, "occurrenceID": "URN:catalog:CLO:EBIRD:OBS1192868430", "order": "Passeriformes", "family": "Passeridae", "genus": "Passer", "species": "Passer montanus" }, "geometry": { "type": "Point", "coordinates": [ 121.03964, 14.576538 ] } },
{ "type": "Feature", "properties": { "fid": 2678, "gbifID": 4306810134, "occurrenceID": "URN:catalog:CLO:EBIRD:OBS1344442084", "order": "Coraciiformes", "family": "Alcedinidae", "genus": "Todiramphus", "species": "Todiramphus chloris" }, "geometry": { "type": "Point", "coordinates": [ 121.04728, 14.598908 ] } },
{ "type": "Feature", "properties": { "fid": 2679, "gbifID": 3292844413, "occurrenceID": "URN:catalog:CLO:EBIRD:OBS1007299906", "order": "Coraciiformes", "family": "Alcedinidae", "genus": "Todiramphus", "species": "Todiramphus chloris" }, "geometry": { "type": "Point", "coordinates": [ 121.04363, 14.594279 ] } },
{ "type": "Feature", "properties": { "fid": 2680, "gbifID": 3642279711, "occurrenceID": "URN:catalog:CLO:EBIRD:OBS1219817908", "order": "Passeriformes", "family": "Estrildidae", "genus": "Lonchura", "species": "Lonchura atricapilla" }, "geometry": { "type": "Point", "coordinates": [ 121.04728, 14.598908 ] } },
{ "type": "Feature", "properties": { "fid": 2681, "gbifID": 4225369979, "occurrenceID": "URN:catalog:CLO:EBIRD:OBS1350514532", "order": "Columbiformes", "family": "Columbidae", "genus": "Columba", "species": "Columba livia" }, "geometry": { "type": "Point", "coordinates": [ 121.042046, 14.594734 ] } },
{ "type": "Feature", "properties": { "fid": 2682, "gbifID": 3671096717, "occurrenceID": "URN:catalog:CLO:EBIRD:OBS1121876296", "order": "Passeriformes", "family": "Laniidae", "genus": "Lanius", "species": "Lanius cristatus" }, "geometry": { "type": "Point", "coordinates": [ 121.02639, 14.606391 ] } },
{ "type": "Feature", "properties": { "fid": 2684, "gbifID": 5506182761, "occurrenceID": "URN:catalog:CLO:EBIRD:OBS1954981493", "order": "Passeriformes", "family": "Sturnidae", "genus": "Aplonis", "species": "Aplonis panayensis" }, "geometry": { "type": "Point", "coordinates": [ 121.05694, 14.590089 ] } },
{ "type": "Feature", "properties": { "fid": 2685, "gbifID": 3643356262, "occurrenceID": "URN:catalog:CLO:EBIRD:OBS1112477606", "order": "Passeriformes", "family": "Motacillidae", "genus": "Motacilla", "species": "Motacilla cinerea" }, "geometry": { "type": "Point", "coordinates": [ 121.03771, 14.606191 ] } },
{ "type": "Feature", "properties": { "fid": 2686, "gbifID": 4204849851, "occurrenceID": "URN:catalog:CLO:EBIRD:OBS1357342903", "order": "Passeriformes", "family": "Hirundinidae", "genus": "Hirundo", "species": "Hirundo javanica" }, "geometry": { "type": "Point", "coordinates": [ 121.04363, 14.594279 ] } },
{ "type": "Feature", "properties": { "fid": 2687, "gbifID": 4239748909, "occurrenceID": "URN:catalog:CLO:EBIRD:OBS1357358302", "order": "Pelecaniformes", "family": "Ardeidae", "genus": "Butorides", "species": "Butorides striata" }, "geometry": { "type": "Point", "coordinates": [ 121.04898, 14.589453 ] } },
{ "type": "Feature", "properties": { "fid": 2688, "gbifID": 3140070902, "occurrenceID": "URN:catalog:CLO:EBIRD:OBS870451556", "order": "Piciformes", "family": "Megalaimidae", "genus": "Psilopogon", "species": "Psilopogon haemacephalus" }, "geometry": { "type": "Point", "coordinates": [ 121.03753, 14.602924 ] } },
{ "type": "Feature", "properties": { "fid": 2689, "gbifID": 3163423927, "occurrenceID": "URN:catalog:CLO:EBIRD:OBS933608502", "order": "Piciformes", "family": "Picidae", "genus": "Yungipicus", "species": "Yungipicus maculatus" }, "geometry": { "type": "Point", "coordinates": [ 121.05384, 14.579544 ] } },
{ "type": "Feature", "properties": { "fid": 2690, "gbifID": 3235644027, "occurrenceID": "URN:catalog:CLO:EBIRD:OBS922352530", "order": "Piciformes", "family": "Picidae", "genus": "Yungipicus", "species": "Yungipicus maculatus" }, "geometry": { "type": "Point", "coordinates": [ 121.03753, 14.602924 ] } },
{ "type": "Feature", "properties": { "fid": 2691, "gbifID": 3267351036, "occurrenceID": "URN:catalog:CLO:EBIRD:OBS1011600293", "order": "Psittaciformes", "family": "Psittacidae", "genus": "Loriculus", "species": "Loriculus philippensis" }, "geometry": { "type": "Point", "coordinates": [ 121.03753, 14.602924 ] } },
{ "type": "Feature", "properties": { "fid": 2693, "gbifID": 4261969737, "occurrenceID": "URN:catalog:CLO:EBIRD:OBS1378237443", "order": "Passeriformes", "family": "Corvidae", "genus": "Corvus", "species": null }, "geometry": { "type": "Point", "coordinates": [ 121.05693, 14.582642 ] } },
{ "type": "Feature", "properties": { "fid": 2694, "gbifID": 4333349490, "occurrenceID": "URN:catalog:CLO:EBIRD:OBS1350507687", "order": "Pelecaniformes", "family": "Ardeidae", "genus": "Botaurus", "species": null }, "geometry": { "type": "Point", "coordinates": [ 121.042046, 14.594734 ] } },
{ "type": "Feature", "properties": { "fid": 2695, "gbifID": 3514083251, "occurrenceID": "URN:catalog:CLO:EBIRD:OBS1112488561", "order": "Passeriformes", "family": "Passeridae", "genus": "Passer", "species": "Passer montanus" }, "geometry": { "type": "Point", "coordinates": [ 121.03771, 14.606191 ] } },
{ "type": "Feature", "properties": { "fid": 2696, "gbifID": 4314400750, "occurrenceID": "URN:catalog:CLO:EBIRD:OBS1320625194", "order": "Passeriformes", "family": "Rhipiduridae", "genus": "Rhipidura", "species": "Rhipidura nigritorquis" }, "geometry": { "type": "Point", "coordinates": [ 121.04109, 14.60195 ] } },
{ "type": "Feature", "properties": { "fid": 2697, "gbifID": 5453876341, "occurrenceID": "URN:catalog:CLO:EBIRD:OBS1956762203", "order": "Passeriformes", "family": "Acanthizidae", "genus": "Gerygone", "species": "Gerygone sulphurea" }, "geometry": { "type": "Point", "coordinates": [ 121.04055, 14.605313 ] } },
{ "type": "Feature", "properties": { "fid": 2699, "gbifID": 4674337212, "occurrenceID": "URN:catalog:CLO:EBIRD:OBS1951591851", "order": "Columbiformes", "family": "Columbidae", "genus": "Geopelia", "species": "Geopelia striata" }, "geometry": { "type": "Point", "coordinates": [ 121.03665, 14.589744 ] } },
{ "type": "Feature", "properties": { "fid": 2701, "gbifID": 3237015436, "occurrenceID": "URN:catalog:CLO:EBIRD:OBS915635961", "order": "Passeriformes", "family": "Laniidae", "genus": "Lanius", "species": "Lanius cristatus" }, "geometry": { "type": "Point", "coordinates": [ 121.03753, 14.602924 ] } },
{ "type": "Feature", "properties": { "fid": 2702, "gbifID": 5451699861, "occurrenceID": "URN:catalog:CLO:EBIRD:OBS2031188662", "order": "Columbiformes", "family": "Columbidae", "genus": "Geopelia", "species": "Geopelia striata" }, "geometry": { "type": "Point", "coordinates": [ 121.03191, 14.607874 ] } },
{ "type": "Feature", "properties": { "fid": 2703, "gbifID": 3534130969, "occurrenceID": "URN:catalog:CLO:EBIRD:OBS1251715622", "order": "Passeriformes", "family": "Pycnonotidae", "genus": "Pycnonotus", "species": "Pycnonotus goiavier" }, "geometry": { "type": "Point", "coordinates": [ 121.041954, 14.602813 ] } },
{ "type": "Feature", "properties": { "fid": 2704, "gbifID": 3546193500, "occurrenceID": "URN:catalog:CLO:EBIRD:OBS1251715625", "order": "Passeriformes", "family": "Campephagidae", "genus": "Lalage", "species": "Lalage nigra" }, "geometry": { "type": "Point", "coordinates": [ 121.041954, 14.602813 ] } },
{ "type": "Feature", "properties": { "fid": 2705, "gbifID": 3509028074, "occurrenceID": "URN:catalog:CLO:EBIRD:OBS1084314126", "order": "Passeriformes", "family": "Sturnidae", "genus": "Aplonis", "species": "Aplonis panayensis" }, "geometry": { "type": "Point", "coordinates": [ 121.04677, 14.59694 ] } },
{ "type": "Feature", "properties": { "fid": 2706, "gbifID": 3533723827, "occurrenceID": "URN:catalog:CLO:EBIRD:OBS1117989316", "order": "Columbiformes", "family": "Columbidae", "genus": "Spilopelia", "species": "Spilopelia chinensis" }, "geometry": { "type": "Point", "coordinates": [ 121.04109, 14.60195 ] } },
{ "type": "Feature", "properties": { "fid": 2707, "gbifID": 3656630555, "occurrenceID": "URN:catalog:CLO:EBIRD:OBS1267078244", "order": "Passeriformes", "family": "Sturnidae", "genus": "Aplonis", "species": "Aplonis panayensis" }, "geometry": { "type": "Point", "coordinates": [ 121.041954, 14.602813 ] } },
{ "type": "Feature", "properties": { "fid": 2708, "gbifID": 4830950220, "occurrenceID": "URN:catalog:CLO:EBIRD:OBS1737370499", "order": "Passeriformes", "family": "Zosteropidae", "genus": "Zosterops", "species": "Zosterops meyeni" }, "geometry": { "type": "Point", "coordinates": [ 121.04898, 14.589453 ] } },
{ "type": "Feature", "properties": { "fid": 2709, "gbifID": 4821068043, "occurrenceID": "URN:catalog:CLO:EBIRD:OBS1722013746", "order": "Passeriformes", "family": "Sturnidae", "genus": "Aplonis", "species": "Aplonis panayensis" }, "geometry": { "type": "Point", "coordinates": [ 121.04898, 14.589453 ] } },
{ "type": "Feature", "properties": { "fid": 2710, "gbifID": 4196790641, "occurrenceID": "URN:catalog:CLO:EBIRD:OBS1587381328", "order": "Passeriformes", "family": "Motacillidae", "genus": "Motacilla", "species": "Motacilla cinerea" }, "geometry": { "type": "Point", "coordinates": [ 121.058624, 14.588141 ] } },
{ "type": "Feature", "properties": { "fid": 2711, "gbifID": 4838071332, "occurrenceID": "URN:catalog:CLO:EBIRD:OBS1895417509", "order": "Piciformes", "family": "Picidae", "genus": "Yungipicus", "species": "Yungipicus maculatus" }, "geometry": { "type": "Point", "coordinates": [ 121.041985, 14.595222 ] } },
{ "type": "Feature", "properties": { "fid": 2712, "gbifID": 4828260027, "occurrenceID": "URN:catalog:CLO:EBIRD:OBS1901446140", "order": "Psittaciformes", "family": "Psittacidae", "genus": "Loriculus", "species": "Loriculus philippensis" }, "geometry": { "type": "Point", "coordinates": [ 121.03203, 14.607486 ] } },
{ "type": "Feature", "properties": { "fid": 2714, "gbifID": 3656069150, "occurrenceID": "URN:catalog:CLO:EBIRD:OBS1241367932", "order": "Passeriformes", "family": "Nectariniidae", "genus": "Cinnyris", "species": "Cinnyris jugularis" }, "geometry": { "type": "Point", "coordinates": [ 121.041954, 14.602813 ] } },
{ "type": "Feature", "properties": { "fid": 2715, "gbifID": 4754477669, "occurrenceID": "URN:catalog:CLO:EBIRD:OBS1756524334", "order": "Passeriformes", "family": "Passeridae", "genus": "Passer", "species": "Passer montanus" }, "geometry": { "type": "Point", "coordinates": [ 121.0462, 14.568489 ] } },
{ "type": "Feature", "properties": { "fid": 2716, "gbifID": 4322619576, "occurrenceID": "URN:catalog:CLO:EBIRD:OBS1591411425", "order": "Piciformes", "family": "Megalaimidae", "genus": "Psilopogon", "species": "Psilopogon haemacephalus" }, "geometry": { "type": "Point", "coordinates": [ 121.04109, 14.60195 ] } },
{ "type": "Feature", "properties": { "fid": 2717, "gbifID": 3609101031, "occurrenceID": "URN:catalog:CLO:EBIRD:OBS1132503808", "order": "Piciformes", "family": "Megalaimidae", "genus": "Psilopogon", "species": "Psilopogon haemacephalus" }, "geometry": { "type": "Point", "coordinates": [ 121.040436, 14.605678 ] } },
{ "type": "Feature", "properties": { "fid": 2718, "gbifID": 4222018818, "occurrenceID": "URN:catalog:CLO:EBIRD:OBS1324179804", "order": "Coraciiformes", "family": "Alcedinidae", "genus": "Todiramphus", "species": "Todiramphus chloris" }, "geometry": { "type": "Point", "coordinates": [ 121.05536, 14.590787 ] } },
{ "type": "Feature", "properties": { "fid": 2719, "gbifID": 3132528394, "occurrenceID": "URN:catalog:CLO:EBIRD:OBS852253262", "order": "Passeriformes", "family": "Passeridae", "genus": "Passer", "species": "Passer montanus" }, "geometry": { "type": "Point", "coordinates": [ 121.059746, 14.585525 ] } },
{ "type": "Feature", "properties": { "fid": 2720, "gbifID": 3509298163, "occurrenceID": "URN:catalog:CLO:EBIRD:OBS1085779986", "order": "Pelecaniformes", "family": "Ardeidae", "genus": "Egretta", "species": "Egretta garzetta" }, "geometry": { "type": "Point", "coordinates": [ 121.04109, 14.60195 ] } },
{ "type": "Feature", "properties": { "fid": 2721, "gbifID": 4220877371, "occurrenceID": "URN:catalog:CLO:EBIRD:OBS1344447029", "order": "Passeriformes", "family": "Nectariniidae", "genus": "Cinnyris", "species": "Cinnyris jugularis" }, "geometry": { "type": "Point", "coordinates": [ 121.04728, 14.598908 ] } },
{ "type": "Feature", "properties": { "fid": 2722, "gbifID": 3667587998, "occurrenceID": "URN:catalog:CLO:EBIRD:OBS1082880923", "order": "Piciformes", "family": "Megalaimidae", "genus": "Psilopogon", "species": "Psilopogon haemacephalus" }, "geometry": { "type": "Point", "coordinates": [ 121.04677, 14.59694 ] } },
{ "type": "Feature", "properties": { "fid": 2723, "gbifID": 4185506998, "occurrenceID": "URN:catalog:CLO:EBIRD:OBS1320624421", "order": "Piciformes", "family": "Megalaimidae", "genus": "Psilopogon", "species": "Psilopogon haemacephalus" }, "geometry": { "type": "Point", "coordinates": [ 121.04109, 14.60195 ] } },
{ "type": "Feature", "properties": { "fid": 2724, "gbifID": 3508395115, "occurrenceID": "URN:catalog:CLO:EBIRD:OBS1081460641", "order": "Passeriformes", "family": "Artamidae", "genus": "Artamus", "species": "Artamus leucorhynchos" }, "geometry": { "type": "Point", "coordinates": [ 121.04904, 14.589351 ] } },
{ "type": "Feature", "properties": { "fid": 2725, "gbifID": 3622428517, "occurrenceID": "URN:catalog:CLO:EBIRD:OBS1192843900", "order": "Passeriformes", "family": "Passeridae", "genus": "Passer", "species": "Passer montanus" }, "geometry": { "type": "Point", "coordinates": [ 121.03964, 14.576538 ] } },
{ "type": "Feature", "properties": { "fid": 2726, "gbifID": 3508462386, "occurrenceID": "URN:catalog:CLO:EBIRD:OBS1049205652", "order": "Columbiformes", "family": "Columbidae", "genus": "Spilopelia", "species": "Spilopelia chinensis" }, "geometry": { "type": "Point", "coordinates": [ 121.03753, 14.602924 ] } },
{ "type": "Feature", "properties": { "fid": 2727, "gbifID": 3557453700, "occurrenceID": "URN:catalog:CLO:EBIRD:OBS1114411735", "order": "Passeriformes", "family": "Acanthizidae", "genus": "Gerygone", "species": "Gerygone sulphurea" }, "geometry": { "type": "Point", "coordinates": [ 121.04109, 14.60195 ] } },
{ "type": "Feature", "properties": { "fid": 2728, "gbifID": 4379397955, "occurrenceID": "URN:catalog:CLO:EBIRD:OBS1587455132", "order": "Apodiformes", "family": "Apodidae", "genus": "Collocalia", "species": "Collocalia marginata" }, "geometry": { "type": "Point", "coordinates": [ 121.033104, 14.575102 ] } },
{ "type": "Feature", "properties": { "fid": 2729, "gbifID": 3625703306, "occurrenceID": "URN:catalog:CLO:EBIRD:OBS1086340976", "order": "Coraciiformes", "family": "Alcedinidae", "genus": "Todiramphus", "species": "Todiramphus chloris" }, "geometry": { "type": "Point", "coordinates": [ 121.04677, 14.59694 ] } },
{ "type": "Feature", "properties": { "fid": 2730, "gbifID": 4839885847, "occurrenceID": "URN:catalog:CLO:EBIRD:OBS1738931601", "order": "Passeriformes", "family": "Pycnonotidae", "genus": "Pycnonotus", "species": "Pycnonotus goiavier" }, "geometry": { "type": "Point", "coordinates": [ 121.04815, 14.601044 ] } },
{ "type": "Feature", "properties": { "fid": 2731, "gbifID": 5541591805, "occurrenceID": "URN:catalog:CLO:EBIRD:OBS1953202840", "order": "Passeriformes", "family": "Nectariniidae", "genus": "Cinnyris", "species": "Cinnyris jugularis" }, "geometry": { "type": "Point", "coordinates": [ 121.04774, 14.589665 ] } },
{ "type": "Feature", "properties": { "fid": 2732, "gbifID": 5633624380, "occurrenceID": "URN:catalog:CLO:EBIRD:OBS2431090536", "order": "Pelecaniformes", "family": "Ardeidae", "genus": "Butorides", "species": "Butorides striata" }, "geometry": { "type": "Point", "coordinates": [ 121.038605, 14.603709 ] } },
{ "type": "Feature", "properties": { "fid": 2733, "gbifID": 4777034478, "occurrenceID": "URN:catalog:CLO:EBIRD:OBS1630537583", "order": "Passeriformes", "family": "Acanthizidae", "genus": "Gerygone", "species": "Gerygone sulphurea" }, "geometry": { "type": "Point", "coordinates": [ 121.04677, 14.59694 ] } },
{ "type": "Feature", "properties": { "fid": 2734, "gbifID": 3649009159, "occurrenceID": "URN:catalog:CLO:EBIRD:OBS1212607158", "order": "Passeriformes", "family": "Rhipiduridae", "genus": "Rhipidura", "species": "Rhipidura nigritorquis" }, "geometry": { "type": "Point", "coordinates": [ 121.04044, 14.606056 ] } },
{ "type": "Feature", "properties": { "fid": 2736, "gbifID": 5308070242, "occurrenceID": "URN:catalog:CLO:EBIRD:OBS2019954479", "order": "Passeriformes", "family": "Passeridae", "genus": "Passer", "species": "Passer montanus" }, "geometry": { "type": "Point", "coordinates": [ 121.03203, 14.607486 ] } },
{ "type": "Feature", "properties": { "fid": 2737, "gbifID": 5664093498, "occurrenceID": "URN:catalog:CLO:EBIRD:OBS2019954484", "order": "Apodiformes", "family": "Apodidae", "genus": "Collocalia", "species": "Collocalia marginata" }, "geometry": { "type": "Point", "coordinates": [ 121.03203, 14.607486 ] } },
{ "type": "Feature", "properties": { "fid": 2738, "gbifID": 3285937409, "occurrenceID": "URN:catalog:CLO:EBIRD:OBS1007299907", "order": "Passeriformes", "family": "Motacillidae", "genus": "Motacilla", "species": "Motacilla cinerea" }, "geometry": { "type": "Point", "coordinates": [ 121.04363, 14.594279 ] } },
{ "type": "Feature", "properties": { "fid": 2739, "gbifID": 3226168291, "occurrenceID": "URN:catalog:CLO:EBIRD:OBS916172613", "order": "Passeriformes", "family": "Sturnidae", "genus": "Aplonis", "species": "Aplonis panayensis" }, "geometry": { "type": "Point", "coordinates": [ 121.04833, 14.572577 ] } },
{ "type": "Feature", "properties": { "fid": 2740, "gbifID": 3564255777, "occurrenceID": "URN:catalog:CLO:EBIRD:OBS1129473862", "order": "Passeriformes", "family": "Oriolidae", "genus": "Oriolus", "species": "Oriolus chinensis" }, "geometry": { "type": "Point", "coordinates": [ 121.04109, 14.60195 ] } },
{ "type": "Feature", "properties": { "fid": 2741, "gbifID": 3692894410, "occurrenceID": "URN:catalog:CLO:EBIRD:OBS1216850950", "order": "Passeriformes", "family": "Passeridae", "genus": "Passer", "species": "Passer montanus" }, "geometry": { "type": "Point", "coordinates": [ 121.04109, 14.60195 ] } },
{ "type": "Feature", "properties": { "fid": 2742, "gbifID": 3518717019, "occurrenceID": "URN:catalog:CLO:EBIRD:OBS1073187019", "order": "Piciformes", "family": "Megalaimidae", "genus": "Psilopogon", "species": "Psilopogon haemacephalus" }, "geometry": { "type": "Point", "coordinates": [ 121.04055, 14.605313 ] } },
{ "type": "Feature", "properties": { "fid": 2743, "gbifID": 3591590035, "occurrenceID": "URN:catalog:CLO:EBIRD:OBS1099637912", "order": "Gruiformes", "family": "Rallidae", "genus": "Amaurornis", "species": "Amaurornis phoenicurus" }, "geometry": { "type": "Point", "coordinates": [ 121.04109, 14.60195 ] } },
{ "type": "Feature", "properties": { "fid": 2744, "gbifID": 3614698847, "occurrenceID": "URN:catalog:CLO:EBIRD:OBS1116026409", "order": "Passeriformes", "family": "Rhipiduridae", "genus": "Rhipidura", "species": "Rhipidura nigritorquis" }, "geometry": { "type": "Point", "coordinates": [ 121.038605, 14.603709 ] } },
{ "type": "Feature", "properties": { "fid": 2745, "gbifID": 4198390501, "occurrenceID": "URN:catalog:CLO:EBIRD:OBS1323151395", "order": "Passeriformes", "family": "Acanthizidae", "genus": "Gerygone", "species": "Gerygone sulphurea" }, "geometry": { "type": "Point", "coordinates": [ 121.04109, 14.60195 ] } },
{ "type": "Feature", "properties": { "fid": 2746, "gbifID": 3515506744, "occurrenceID": "URN:catalog:CLO:EBIRD:OBS1121887076", "order": "Passeriformes", "family": "Sturnidae", "genus": "Acridotheres", "species": "Acridotheres cristatellus" }, "geometry": { "type": "Point", "coordinates": [ 121.02639, 14.606391 ] } },
{ "type": "Feature", "properties": { "fid": 2747, "gbifID": 4302596250, "occurrenceID": "URN:catalog:CLO:EBIRD:OBS1320625195", "order": "Psittaciformes", "family": "Psittacidae", "genus": "Loriculus", "species": "Loriculus philippensis" }, "geometry": { "type": "Point", "coordinates": [ 121.04109, 14.60195 ] } },
{ "type": "Feature", "properties": { "fid": 2748, "gbifID": 3690528350, "occurrenceID": "URN:catalog:CLO:EBIRD:OBS1267079750", "order": "Passeriformes", "family": "Campephagidae", "genus": "Lalage", "species": "Lalage nigra" }, "geometry": { "type": "Point", "coordinates": [ 121.041954, 14.602813 ] } },
{ "type": "Feature", "properties": { "fid": 2749, "gbifID": 3238157086, "occurrenceID": "URN:catalog:CLO:EBIRD:OBS922352525", "order": "Columbiformes", "family": "Columbidae", "genus": "Spilopelia", "species": "Spilopelia chinensis" }, "geometry": { "type": "Point", "coordinates": [ 121.03753, 14.602924 ] } },
{ "type": "Feature", "properties": { "fid": 2750, "gbifID": 3150461908, "occurrenceID": "URN:catalog:CLO:EBIRD:OBS915639999", "order": "Passeriformes", "family": "Pycnonotidae", "genus": "Pycnonotus", "species": "Pycnonotus goiavier" }, "geometry": { "type": "Point", "coordinates": [ 121.03753, 14.602924 ] } },
{ "type": "Feature", "properties": { "fid": 2751, "gbifID": 4733599078, "occurrenceID": "URN:catalog:CLO:EBIRD:OBS1797101759", "order": "Piciformes", "family": "Picidae", "genus": "Yungipicus", "species": "Yungipicus maculatus" }, "geometry": { "type": "Point", "coordinates": [ 121.0549, 14.574083 ] } },
{ "type": "Feature", "properties": { "fid": 2752, "gbifID": 3257770180, "occurrenceID": "URN:catalog:CLO:EBIRD:OBS1011600857", "order": "Passeriformes", "family": "Motacillidae", "genus": "Motacilla", "species": "Motacilla cinerea" }, "geometry": { "type": "Point", "coordinates": [ 121.03753, 14.602924 ] } },
{ "type": "Feature", "properties": { "fid": 2753, "gbifID": 4200643527, "occurrenceID": "URN:catalog:CLO:EBIRD:OBS1339262642", "order": "Passeriformes", "family": "Motacillidae", "genus": "Motacilla", "species": "Motacilla cinerea" }, "geometry": { "type": "Point", "coordinates": [ 121.03861, 14.603591 ] } },
{ "type": "Feature", "properties": { "fid": 2754, "gbifID": 5619734997, "occurrenceID": "URN:catalog:CLO:EBIRD:OBS1980598423", "order": "Columbiformes", "family": "Columbidae", "genus": "Columba", "species": "Columba livia" }, "geometry": { "type": "Point", "coordinates": [ 121.04055, 14.605313 ] } },
{ "type": "Feature", "properties": { "fid": 2755, "gbifID": 3642468282, "occurrenceID": "URN:catalog:CLO:EBIRD:OBS1222162985", "order": "Passeriformes", "family": "Muscicapidae", "genus": "Copsychus", "species": "Copsychus mindanensis" }, "geometry": { "type": "Point", "coordinates": [ 121.04728, 14.598908 ] } },
{ "type": "Feature", "properties": { "fid": 2756, "gbifID": 4292100306, "occurrenceID": "URN:catalog:CLO:EBIRD:OBS1315916226", "order": "Passeriformes", "family": "Zosteropidae", "genus": "Zosterops", "species": "Zosterops meyeni" }, "geometry": { "type": "Point", "coordinates": [ 121.03753, 14.602924 ] } },
{ "type": "Feature", "properties": { "fid": 2757, "gbifID": 4686501129, "occurrenceID": "URN:catalog:CLO:EBIRD:OBS1895417519", "order": "Passeriformes", "family": "Oriolidae", "genus": "Oriolus", "species": "Oriolus chinensis" }, "geometry": { "type": "Point", "coordinates": [ 121.041985, 14.595222 ] } },
{ "type": "Feature", "properties": { "fid": 2758, "gbifID": 4711389807, "occurrenceID": "URN:catalog:CLO:EBIRD:OBS1895417513", "order": "Pelecaniformes", "family": "Ardeidae", "genus": "Egretta", "species": "Egretta garzetta" }, "geometry": { "type": "Point", "coordinates": [ 121.041985, 14.595222 ] } },
{ "type": "Feature", "properties": { "fid": 2759, "gbifID": 3606324451, "occurrenceID": "URN:catalog:CLO:EBIRD:OBS1132503816", "order": "Passeriformes", "family": "Pycnonotidae", "genus": "Pycnonotus", "species": "Pycnonotus goiavier" }, "geometry": { "type": "Point", "coordinates": [ 121.040436, 14.605678 ] } },
{ "type": "Feature", "properties": { "fid": 2760, "gbifID": 4306407205, "occurrenceID": "URN:catalog:CLO:EBIRD:OBS1336401563", "order": "Piciformes", "family": "Megalaimidae", "genus": "Psilopogon", "species": "Psilopogon haemacephalus" }, "geometry": { "type": "Point", "coordinates": [ 121.04904, 14.589351 ] } },
{ "type": "Feature", "properties": { "fid": 2761, "gbifID": 3655232734, "occurrenceID": "URN:catalog:CLO:EBIRD:OBS1241360929", "order": "Passeriformes", "family": "Pycnonotidae", "genus": "Pycnonotus", "species": "Pycnonotus goiavier" }, "geometry": { "type": "Point", "coordinates": [ 121.041954, 14.602813 ] } },
{ "type": "Feature", "properties": { "fid": 2762, "gbifID": 4183459958, "occurrenceID": "URN:catalog:CLO:EBIRD:OBS1315919610", "order": "Passeriformes", "family": "Campephagidae", "genus": "Lalage", "species": "Lalage nigra" }, "geometry": { "type": "Point", "coordinates": [ 121.041954, 14.602813 ] } },
{ "type": "Feature", "properties": { "fid": 2763, "gbifID": 5514116680, "occurrenceID": "URN:catalog:CLO:EBIRD:OBS1956772185", "order": "Columbiformes", "family": "Columbidae", "genus": "Geopelia", "species": "Geopelia striata" }, "geometry": { "type": "Point", "coordinates": [ 121.03753, 14.602924 ] } },
{ "type": "Feature", "properties": { "fid": 2764, "gbifID": 5647041702, "occurrenceID": "URN:catalog:CLO:EBIRD:OBS1956776297", "order": "Passeriformes", "family": "Oriolidae", "genus": "Oriolus", "species": "Oriolus chinensis" }, "geometry": { "type": "Point", "coordinates": [ 121.04055, 14.605313 ] } },
{ "type": "Feature", "properties": { "fid": 2765, "gbifID": 3644570067, "occurrenceID": "URN:catalog:CLO:EBIRD:OBS1212607155", "order": "Coraciiformes", "family": "Alcedinidae", "genus": "Halcyon", "species": "Halcyon gularis" }, "geometry": { "type": "Point", "coordinates": [ 121.04044, 14.606056 ] } },
{ "type": "Feature", "properties": { "fid": 2766, "gbifID": 5456027242, "occurrenceID": "URN:catalog:CLO:EBIRD:OBS2168014528", "order": "Gruiformes", "family": "Rallidae", "genus": "Rallina", "species": "Rallina eurizonoides" }, "geometry": { "type": "Point", "coordinates": [ 121.0351, 14.591043 ] } },
{ "type": "Feature", "properties": { "fid": 2767, "gbifID": 5353645605, "occurrenceID": "URN:catalog:CLO:EBIRD:OBS1980598998", "order": "Passeriformes", "family": "Motacillidae", "genus": "Motacilla", "species": "Motacilla cinerea" }, "geometry": { "type": "Point", "coordinates": [ 121.04055, 14.605313 ] } },
{ "type": "Feature", "properties": { "fid": 2768, "gbifID": 3295243386, "occurrenceID": "URN:catalog:CLO:EBIRD:OBS1004885088", "order": "Piciformes", "family": "Megalaimidae", "genus": "Psilopogon", "species": "Psilopogon haemacephalus" }, "geometry": { "type": "Point", "coordinates": [ 121.03753, 14.602924 ] } },
{ "type": "Feature", "properties": { "fid": 2769, "gbifID": 3641784247, "occurrenceID": "URN:catalog:CLO:EBIRD:OBS1220882728", "order": "Passeriformes", "family": "Zosteropidae", "genus": "Zosterops", "species": "Zosterops meyeni" }, "geometry": { "type": "Point", "coordinates": [ 121.04728, 14.598908 ] } },
{ "type": "Feature", "properties": { "fid": 2770, "gbifID": 4728734959, "occurrenceID": "URN:catalog:CLO:EBIRD:OBS1951591850", "order": "Passeriformes", "family": "Passeridae", "genus": "Passer", "species": "Passer montanus" }, "geometry": { "type": "Point", "coordinates": [ 121.03665, 14.589744 ] } },
{ "type": "Feature", "properties": { "fid": 2771, "gbifID": 5529884956, "occurrenceID": "URN:catalog:CLO:EBIRD:OBS1956750319", "order": "Passeriformes", "family": "Acanthizidae", "genus": "Gerygone", "species": "Gerygone sulphurea" }, "geometry": { "type": "Point", "coordinates": [ 121.04055, 14.605313 ] } },
{ "type": "Feature", "properties": { "fid": 2772, "gbifID": 3578180633, "occurrenceID": "URN:catalog:CLO:EBIRD:OBS1237382196", "order": "Columbiformes", "family": "Columbidae", "genus": "Geopelia", "species": "Geopelia striata" }, "geometry": { "type": "Point", "coordinates": [ 121.04307, 14.595008 ] } },
{ "type": "Feature", "properties": { "fid": 2773, "gbifID": 3692877759, "occurrenceID": "URN:catalog:CLO:EBIRD:OBS1251721846", "order": "Passeriformes", "family": "Oriolidae", "genus": "Oriolus", "species": "Oriolus chinensis" }, "geometry": { "type": "Point", "coordinates": [ 121.04109, 14.60195 ] } },
{ "type": "Feature", "properties": { "fid": 2774, "gbifID": 3158333659, "occurrenceID": "URN:catalog:CLO:EBIRD:OBS920391205", "order": "Columbiformes", "family": "Columbidae", "genus": "Geopelia", "species": "Geopelia striata" }, "geometry": { "type": "Point", "coordinates": [ 121.03753, 14.602924 ] } },
{ "type": "Feature", "properties": { "fid": 2775, "gbifID": 3511119656, "occurrenceID": "URN:catalog:CLO:EBIRD:OBS1111248990", "order": "Passeriformes", "family": "Acanthizidae", "genus": "Gerygone", "species": "Gerygone sulphurea" }, "geometry": { "type": "Point", "coordinates": [ 121.04109, 14.60195 ] } },
{ "type": "Feature", "properties": { "fid": 2776, "gbifID": 3681420279, "occurrenceID": "URN:catalog:CLO:EBIRD:OBS1216850949", "order": "Passeriformes", "family": "Rhipiduridae", "genus": "Rhipidura", "species": "Rhipidura nigritorquis" }, "geometry": { "type": "Point", "coordinates": [ 121.04109, 14.60195 ] } },
{ "type": "Feature", "properties": { "fid": 2777, "gbifID": 3635552974, "occurrenceID": "URN:catalog:CLO:EBIRD:OBS1222162987", "order": "Coraciiformes", "family": "Alcedinidae", "genus": "Todiramphus", "species": "Todiramphus chloris" }, "geometry": { "type": "Point", "coordinates": [ 121.04728, 14.598908 ] } },
{ "type": "Feature", "properties": { "fid": 2778, "gbifID": 3209667705, "occurrenceID": "URN:catalog:CLO:EBIRD:OBS1008206969", "order": "Passeriformes", "family": "Laniidae", "genus": "Lanius", "species": "Lanius cristatus" }, "geometry": { "type": "Point", "coordinates": [ 121.04898, 14.589453 ] } },
{ "type": "Feature", "properties": { "fid": 2780, "gbifID": 3637104871, "occurrenceID": "URN:catalog:CLO:EBIRD:OBS1222162990", "order": "Passeriformes", "family": "Pycnonotidae", "genus": "Pycnonotus", "species": "Pycnonotus goiavier" }, "geometry": { "type": "Point", "coordinates": [ 121.04728, 14.598908 ] } },
{ "type": "Feature", "properties": { "fid": 2781, "gbifID": 3509420511, "occurrenceID": "URN:catalog:CLO:EBIRD:OBS1085779979", "order": "Passeriformes", "family": "Oriolidae", "genus": "Oriolus", "species": "Oriolus chinensis" }, "geometry": { "type": "Point", "coordinates": [ 121.04109, 14.60195 ] } },
{ "type": "Feature", "properties": { "fid": 2782, "gbifID": 3601361898, "occurrenceID": "URN:catalog:CLO:EBIRD:OBS1099637909", "order": "Psittaciformes", "family": "Psittacidae", "genus": "Loriculus", "species": "Loriculus philippensis" }, "geometry": { "type": "Point", "coordinates": [ 121.04109, 14.60195 ] } },
{ "type": "Feature", "properties": { "fid": 2783, "gbifID": 3618623919, "occurrenceID": "URN:catalog:CLO:EBIRD:OBS1111341789", "order": "Passeriformes", "family": "Rhipiduridae", "genus": "Rhipidura", "species": "Rhipidura nigritorquis" }, "geometry": { "type": "Point", "coordinates": [ 121.03771, 14.606191 ] } },
{ "type": "Feature", "properties": { "fid": 2784, "gbifID": 3622254771, "occurrenceID": "URN:catalog:CLO:EBIRD:OBS1116026403", "order": "Passeriformes", "family": "Dicaeidae", "genus": "Dicaeum", "species": "Dicaeum australe" }, "geometry": { "type": "Point", "coordinates": [ 121.038605, 14.603709 ] } },
{ "type": "Feature", "properties": { "fid": 2785, "gbifID": 5681029076, "occurrenceID": "URN:catalog:CLO:EBIRD:OBS2031188666", "order": "Passeriformes", "family": "Rhipiduridae", "genus": "Rhipidura", "species": "Rhipidura nigritorquis" }, "geometry": { "type": "Point", "coordinates": [ 121.03191, 14.607874 ] } },
{ "type": "Feature", "properties": { "fid": 2786, "gbifID": 3156528850, "occurrenceID": "URN:catalog:CLO:EBIRD:OBS915632776", "order": "Columbiformes", "family": "Columbidae", "genus": "Geopelia", "species": "Geopelia striata" }, "geometry": { "type": "Point", "coordinates": [ 121.02639, 14.606391 ] } },
{ "type": "Feature", "properties": { "fid": 2787, "gbifID": 4695716879, "occurrenceID": "URN:catalog:CLO:EBIRD:OBS1780341740", "order": "Passeriformes", "family": "Passeridae", "genus": "Passer", "species": "Passer montanus" }, "geometry": { "type": "Point", "coordinates": [ 121.05693, 14.582642 ] } },
{ "type": "Feature", "properties": { "fid": 2788, "gbifID": 3287411778, "occurrenceID": "URN:catalog:CLO:EBIRD:OBS996913142", "order": "Passeriformes", "family": "Pycnonotidae", "genus": "Pycnonotus", "species": "Pycnonotus goiavier" }, "geometry": { "type": "Point", "coordinates": [ 121.03753, 14.602924 ] } },
{ "type": "Feature", "properties": { "fid": 2789, "gbifID": 4661615497, "occurrenceID": "URN:catalog:CLO:EBIRD:OBS1901446142", "order": "Apodiformes", "family": "Apodidae", "genus": "Collocalia", "species": "Collocalia marginata" }, "geometry": { "type": "Point", "coordinates": [ 121.03203, 14.607486 ] } },
{ "type": "Feature", "properties": { "fid": 2790, "gbifID": 3608419227, "occurrenceID": "URN:catalog:CLO:EBIRD:OBS1119129887", "order": "Piciformes", "family": "Megalaimidae", "genus": "Psilopogon", "species": "Psilopogon haemacephalus" }, "geometry": { "type": "Point", "coordinates": [ 121.03753, 14.602924 ] } },
{ "type": "Feature", "properties": { "fid": 2791, "gbifID": 4668038121, "occurrenceID": "URN:catalog:CLO:EBIRD:OBS1726709398", "order": "Passeriformes", "family": "Rhipiduridae", "genus": "Rhipidura", "species": "Rhipidura nigritorquis" }, "geometry": { "type": "Point", "coordinates": [ 121.04109, 14.60195 ] } },
{ "type": "Feature", "properties": { "fid": 2792, "gbifID": 4207399353, "occurrenceID": "URN:catalog:CLO:EBIRD:OBS1344442085", "order": "Psittaciformes", "family": "Psittacidae", "genus": "Loriculus", "species": "Loriculus philippensis" }, "geometry": { "type": "Point", "coordinates": [ 121.04728, 14.598908 ] } },
{ "type": "Feature", "properties": { "fid": 2793, "gbifID": 3670398123, "occurrenceID": "URN:catalog:CLO:EBIRD:OBS1111246200", "order": "Passeriformes", "family": "Passeridae", "genus": "Passer", "species": "Passer montanus" }, "geometry": { "type": "Point", "coordinates": [ 121.04109, 14.60195 ] } },
{ "type": "Feature", "properties": { "fid": 2794, "gbifID": 4210862818, "occurrenceID": "URN:catalog:CLO:EBIRD:OBS1339270381", "order": "Passeriformes", "family": "Rhipiduridae", "genus": "Rhipidura", "species": "Rhipidura nigritorquis" }, "geometry": { "type": "Point", "coordinates": [ 121.04109, 14.60195 ] } },
{ "type": "Feature", "properties": { "fid": 2795, "gbifID": 4842056896, "occurrenceID": "URN:catalog:CLO:EBIRD:OBS1853824762", "order": "Apodiformes", "family": "Apodidae", "genus": "Collocalia", "species": "Collocalia marginata" }, "geometry": { "type": "Point", "coordinates": [ 121.05878, 14.588141 ] } },
{ "type": "Feature", "properties": { "fid": 2796, "gbifID": 3608585308, "occurrenceID": "URN:catalog:CLO:EBIRD:OBS1111255403", "order": "Coraciiformes", "family": "Alcedinidae", "genus": "Alcedo", "species": "Alcedo atthis" }, "geometry": { "type": "Point", "coordinates": [ 121.04109, 14.60195 ] } },
{ "type": "Feature", "properties": { "fid": 2797, "gbifID": 3573317208, "occurrenceID": "URN:catalog:CLO:EBIRD:OBS1215786347", "order": "Columbiformes", "family": "Columbidae", "genus": "Geopelia", "species": "Geopelia striata" }, "geometry": { "type": "Point", "coordinates": [ 121.04307, 14.595008 ] } },
{ "type": "Feature", "properties": { "fid": 2798, "gbifID": 4316365321, "occurrenceID": "URN:catalog:CLO:EBIRD:OBS1430310175", "order": "Passeriformes", "family": "Artamidae", "genus": "Artamus", "species": "Artamus leucorhynchos" }, "geometry": { "type": "Point", "coordinates": [ 121.04898, 14.589453 ] } },
{ "type": "Feature", "properties": { "fid": 2799, "gbifID": 3669358373, "occurrenceID": "URN:catalog:CLO:EBIRD:OBS1098562100", "order": "Passeriformes", "family": "Rhipiduridae", "genus": "Rhipidura", "species": "Rhipidura nigritorquis" }, "geometry": { "type": "Point", "coordinates": [ 121.04677, 14.59694 ] } },
{ "type": "Feature", "properties": { "fid": 2800, "gbifID": 3643519075, "occurrenceID": "URN:catalog:CLO:EBIRD:OBS1165842388", "order": "Psittaciformes", "family": "Psittacidae", "genus": "Loriculus", "species": "Loriculus philippensis" }, "geometry": { "type": "Point", "coordinates": [ 121.04109, 14.60195 ] } },
{ "type": "Feature", "properties": { "fid": 2801, "gbifID": 3673222495, "occurrenceID": "URN:catalog:CLO:EBIRD:OBS1114407116", "order": "Passeriformes", "family": "Zosteropidae", "genus": "Zosterops", "species": "Zosterops meyeni" }, "geometry": { "type": "Point", "coordinates": [ 121.04109, 14.60195 ] } },
{ "type": "Feature", "properties": { "fid": 2802, "gbifID": 3682007879, "occurrenceID": "URN:catalog:CLO:EBIRD:OBS1117992348", "order": "Passeriformes", "family": "Corvidae", "genus": "Corvus", "species": null }, "geometry": { "type": "Point", "coordinates": [ 121.038605, 14.603709 ] } },
{ "type": "Feature", "properties": { "fid": 2803, "gbifID": 3681175853, "occurrenceID": "URN:catalog:CLO:EBIRD:OBS1117992363", "order": "Passeriformes", "family": "Acanthizidae", "genus": "Gerygone", "species": "Gerygone sulphurea" }, "geometry": { "type": "Point", "coordinates": [ 121.04109, 14.60195 ] } },
{ "type": "Feature", "properties": { "fid": 2804, "gbifID": 3619874403, "occurrenceID": "URN:catalog:CLO:EBIRD:OBS1251706965", "order": "Passeriformes", "family": "Muscicapidae", "genus": "Monticola", "species": "Monticola solitarius" }, "geometry": { "type": "Point", "coordinates": [ 121.041954, 14.602813 ] } },
{ "type": "Feature", "properties": { "fid": 2805, "gbifID": 3176292837, "occurrenceID": "URN:catalog:CLO:EBIRD:OBS976509746", "order": "Passeriformes", "family": "Pycnonotidae", "genus": "Pycnonotus", "species": "Pycnonotus goiavier" }, "geometry": { "type": "Point", "coordinates": [ 121.05856, 14.588318 ] } },
{ "type": "Feature", "properties": { "fid": 2806, "gbifID": 5573852598, "occurrenceID": "URN:catalog:CLO:EBIRD:OBS1951483891", "order": "Passeriformes", "family": "Nectariniidae", "genus": "Cinnyris", "species": "Cinnyris jugularis" }, "geometry": { "type": "Point", "coordinates": [ 121.04774, 14.589665 ] } },
{ "type": "Feature", "properties": { "fid": 2807, "gbifID": 5543880418, "occurrenceID": "URN:catalog:CLO:EBIRD:OBS2724805829", "order": "Passeriformes", "family": "Oriolidae", "genus": "Oriolus", "species": "Oriolus chinensis" }, "geometry": { "type": "Point", "coordinates": [ 121.05332, 14.604934 ] } },
{ "type": "Feature", "properties": { "fid": 2808, "gbifID": 4773013048, "occurrenceID": "URN:catalog:CLO:EBIRD:OBS1835246920", "order": "Passeriformes", "family": "Zosteropidae", "genus": "Zosterops", "species": "Zosterops meyeni" }, "geometry": { "type": "Point", "coordinates": [ 121.03081, 14.60444 ] } },
{ "type": "Feature", "properties": { "fid": 2809, "gbifID": 4664159106, "occurrenceID": "URN:catalog:CLO:EBIRD:OBS1721897323", "order": "Passeriformes", "family": "Zosteropidae", "genus": "Zosterops", "species": "Zosterops meyeni" }, "geometry": { "type": "Point", "coordinates": [ 121.04898, 14.589453 ] } },
{ "type": "Feature", "properties": { "fid": 2810, "gbifID": 4819720247, "occurrenceID": "URN:catalog:CLO:EBIRD:OBS1907598494", "order": "Piciformes", "family": "Megalaimidae", "genus": "Psilopogon", "species": "Psilopogon haemacephalus" }, "geometry": { "type": "Point", "coordinates": [ 121.04774, 14.589665 ] } },
{ "type": "Feature", "properties": { "fid": 2812, "gbifID": 3514578352, "occurrenceID": "URN:catalog:CLO:EBIRD:OBS1117989320", "order": "Passeriformes", "family": "Oriolidae", "genus": "Oriolus", "species": "Oriolus chinensis" }, "geometry": { "type": "Point", "coordinates": [ 121.04109, 14.60195 ] } },
{ "type": "Feature", "properties": { "fid": 2813, "gbifID": 4252107305, "occurrenceID": "URN:catalog:CLO:EBIRD:OBS1471809736", "order": "Apodiformes", "family": "Apodidae", "genus": "Collocalia", "species": "Collocalia marginata" }, "geometry": { "type": "Point", "coordinates": [ 121.03708, 14.59188 ] } },
{ "type": "Feature", "properties": { "fid": 2814, "gbifID": 3649922641, "occurrenceID": "URN:catalog:CLO:EBIRD:OBS1267078241", "order": "Passeriformes", "family": "Motacillidae", "genus": "Motacilla", "species": "Motacilla cinerea" }, "geometry": { "type": "Point", "coordinates": [ 121.041954, 14.602813 ] } },
{ "type": "Feature", "properties": { "fid": 2815, "gbifID": 4821409694, "occurrenceID": "URN:catalog:CLO:EBIRD:OBS1721893882", "order": "Apodiformes", "family": "Apodidae", "genus": "Collocalia", "species": "Collocalia marginata" }, "geometry": { "type": "Point", "coordinates": [ 121.04898, 14.589453 ] } },
{ "type": "Feature", "properties": { "fid": 2817, "gbifID": 3666818613, "occurrenceID": "URN:catalog:CLO:EBIRD:OBS1082880921", "order": "Coraciiformes", "family": "Alcedinidae", "genus": "Todiramphus", "species": "Todiramphus chloris" }, "geometry": { "type": "Point", "coordinates": [ 121.04677, 14.59694 ] } },
{ "type": "Feature", "properties": { "fid": 2818, "gbifID": 3599167056, "occurrenceID": "URN:catalog:CLO:EBIRD:OBS1233303394", "order": "Piciformes", "family": "Picidae", "genus": "Yungipicus", "species": "Yungipicus maculatus" }, "geometry": { "type": "Point", "coordinates": [ 121.041954, 14.602813 ] } },
{ "type": "Feature", "properties": { "fid": 2819, "gbifID": 4196972742, "occurrenceID": "URN:catalog:CLO:EBIRD:OBS1323152443", "order": "Pelecaniformes", "family": "Ardeidae", "genus": "Butorides", "species": "Butorides striata" }, "geometry": { "type": "Point", "coordinates": [ 121.04109, 14.60195 ] } },
{ "type": "Feature", "properties": { "fid": 2820, "gbifID": 3189641049, "occurrenceID": "URN:catalog:CLO:EBIRD:OBS978139291", "order": "Passeriformes", "family": "Passeridae", "genus": "Passer", "species": "Passer montanus" }, "geometry": { "type": "Point", "coordinates": [ 121.05856, 14.588318 ] } },
{ "type": "Feature", "properties": { "fid": 2821, "gbifID": 3162246576, "occurrenceID": "URN:catalog:CLO:EBIRD:OBS917191079", "order": "Passeriformes", "family": "Oriolidae", "genus": "Oriolus", "species": "Oriolus chinensis" }, "geometry": { "type": "Point", "coordinates": [ 121.03753, 14.602924 ] } },
{ "type": "Feature", "properties": { "fid": 2822, "gbifID": 3624585293, "occurrenceID": "URN:catalog:CLO:EBIRD:OBS1260328584", "order": "Gruiformes", "family": "Rallidae", "genus": "Amaurornis", "species": "Amaurornis phoenicurus" }, "geometry": { "type": "Point", "coordinates": [ 121.04044, 14.606056 ] } },
{ "type": "Feature", "properties": { "fid": 2823, "gbifID": 3596630581, "occurrenceID": "URN:catalog:CLO:EBIRD:OBS1116028573", "order": "Passeriformes", "family": "Pycnonotidae", "genus": "Pycnonotus", "species": "Pycnonotus goiavier" }, "geometry": { "type": "Point", "coordinates": [ 121.04044, 14.606056 ] } },
{ "type": "Feature", "properties": { "fid": 2824, "gbifID": 4257106695, "occurrenceID": "URN:catalog:CLO:EBIRD:OBS1385753894", "order": "Passeriformes", "family": "Sturnidae", "genus": "Aplonis", "species": "Aplonis panayensis" }, "geometry": { "type": "Point", "coordinates": [ 121.04728, 14.598908 ] } },
{ "type": "Feature", "properties": { "fid": 2825, "gbifID": 4663821174, "occurrenceID": "URN:catalog:CLO:EBIRD:OBS1639025156", "order": "Passeriformes", "family": "Campephagidae", "genus": "Lalage", "species": "Lalage nigra" }, "geometry": { "type": "Point", "coordinates": [ 121.04109, 14.60195 ] } },
{ "type": "Feature", "properties": { "fid": 2826, "gbifID": 4196429099, "occurrenceID": "URN:catalog:CLO:EBIRD:OBS1344447031", "order": "Passeriformes", "family": "Passeridae", "genus": "Passer", "species": "Passer montanus" }, "geometry": { "type": "Point", "coordinates": [ 121.04728, 14.598908 ] } },
{ "type": "Feature", "properties": { "fid": 2827, "gbifID": 4185048111, "occurrenceID": "URN:catalog:CLO:EBIRD:OBS1315916224", "order": "Piciformes", "family": "Megalaimidae", "genus": "Psilopogon", "species": "Psilopogon haemacephalus" }, "geometry": { "type": "Point", "coordinates": [ 121.03753, 14.602924 ] } },
{ "type": "Feature", "properties": { "fid": 2829, "gbifID": 3525615517, "occurrenceID": "URN:catalog:CLO:EBIRD:OBS1117989325", "order": "Pelecaniformes", "family": "Ardeidae", "genus": "Egretta", "species": "Egretta garzetta" }, "geometry": { "type": "Point", "coordinates": [ 121.03771, 14.606191 ] } },
{ "type": "Feature", "properties": { "fid": 2830, "gbifID": 4225771004, "occurrenceID": "URN:catalog:CLO:EBIRD:OBS1361349426", "order": "Passeriformes", "family": "Pycnonotidae", "genus": "Pycnonotus", "species": "Pycnonotus goiavier" }, "geometry": { "type": "Point", "coordinates": [ 121.042046, 14.594734 ] } },
{ "type": "Feature", "properties": { "fid": 2832, "gbifID": 3628461971, "occurrenceID": "URN:catalog:CLO:EBIRD:OBS1080169321", "order": "Passeriformes", "family": "Passeridae", "genus": "Passer", "species": "Passer montanus" }, "geometry": { "type": "Point", "coordinates": [ 121.03964, 14.576538 ] } },
{ "type": "Feature", "properties": { "fid": 2833, "gbifID": 4844342773, "occurrenceID": "URN:catalog:CLO:EBIRD:OBS1726714918", "order": "Passeriformes", "family": "Rhipiduridae", "genus": "Rhipidura", "species": "Rhipidura nigritorquis" }, "geometry": { "type": "Point", "coordinates": [ 121.04109, 14.60195 ] } },
{ "type": "Feature", "properties": { "fid": 2834, "gbifID": 4363372859, "occurrenceID": "URN:catalog:CLO:EBIRD:OBS1475196191", "order": "Passeriformes", "family": "Acanthizidae", "genus": "Gerygone", "species": "Gerygone sulphurea" }, "geometry": { "type": "Point", "coordinates": [ 121.03708, 14.59188 ] } },
{ "type": "Feature", "properties": { "fid": 2835, "gbifID": 3653649156, "occurrenceID": "URN:catalog:CLO:EBIRD:OBS1220882744", "order": "Columbiformes", "family": "Columbidae", "genus": "Geopelia", "species": "Geopelia striata" }, "geometry": { "type": "Point", "coordinates": [ 121.04728, 14.598908 ] } },
{ "type": "Feature", "properties": { "fid": 2836, "gbifID": 3677793041, "occurrenceID": "URN:catalog:CLO:EBIRD:OBS1117992336", "order": "Columbiformes", "family": "Columbidae", "genus": "Geopelia", "species": "Geopelia striata" }, "geometry": { "type": "Point", "coordinates": [ 121.04044, 14.606056 ] } },
{ "type": "Feature", "properties": { "fid": 2837, "gbifID": 3578462600, "occurrenceID": "URN:catalog:CLO:EBIRD:OBS1215786349", "order": "Piciformes", "family": "Picidae", "genus": "Yungipicus", "species": "Yungipicus maculatus" }, "geometry": { "type": "Point", "coordinates": [ 121.04307, 14.595008 ] } },
{ "type": "Feature", "properties": { "fid": 2838, "gbifID": 3573033948, "occurrenceID": "URN:catalog:CLO:EBIRD:OBS1241356546", "order": "Columbiformes", "family": "Columbidae", "genus": "Geopelia", "species": "Geopelia striata" }, "geometry": { "type": "Point", "coordinates": [ 121.041954, 14.602813 ] } },
{ "type": "Feature", "properties": { "fid": 2840, "gbifID": 4754073617, "occurrenceID": "URN:catalog:CLO:EBIRD:OBS1901446141", "order": "Columbiformes", "family": "Columbidae", "genus": "Geopelia", "species": "Geopelia striata" }, "geometry": { "type": "Point", "coordinates": [ 121.03203, 14.607486 ] } },
{ "type": "Feature", "properties": { "fid": 2841, "gbifID": 4318799317, "occurrenceID": "URN:catalog:CLO:EBIRD:OBS1518639852", "order": "Passeriformes", "family": "Passeridae", "genus": "Passer", "species": "Passer montanus" }, "geometry": { "type": "Point", "coordinates": [ 121.04109, 14.60195 ] } },
{ "type": "Feature", "properties": { "fid": 2842, "gbifID": 5582258589, "occurrenceID": "URN:catalog:CLO:EBIRD:OBS1956750318", "order": "Coraciiformes", "family": "Alcedinidae", "genus": "Todiramphus", "species": "Todiramphus chloris" }, "geometry": { "type": "Point", "coordinates": [ 121.04055, 14.605313 ] } },
{ "type": "Feature", "properties": { "fid": 2843, "gbifID": 3298973782, "occurrenceID": "URN:catalog:CLO:EBIRD:OBS1027283644", "order": "Passeriformes", "family": "Acanthizidae", "genus": "Gerygone", "species": "Gerygone sulphurea" }, "geometry": { "type": "Point", "coordinates": [ 121.03753, 14.602924 ] } },
{ "type": "Feature", "properties": { "fid": 2846, "gbifID": 5553153275, "occurrenceID": "URN:catalog:CLO:EBIRD:OBS1949799958", "order": "Passeriformes", "family": "Passeridae", "genus": "Passer", "species": "Passer montanus" }, "geometry": { "type": "Point", "coordinates": [ 121.049225, 14.589323 ] } },
{ "type": "Feature", "properties": { "fid": 2847, "gbifID": 4614869543, "occurrenceID": "URN:catalog:CLO:EBIRD:OBS1726712718", "order": "Passeriformes", "family": "Dicaeidae", "genus": "Dicaeum", "species": "Dicaeum australe" }, "geometry": { "type": "Point", "coordinates": [ 121.04109, 14.60195 ] } },
{ "type": "Feature", "properties": { "fid": 2848, "gbifID": 4198519962, "occurrenceID": "URN:catalog:CLO:EBIRD:OBS1429757710", "order": "Passeriformes", "family": "Corvidae", "genus": "Corvus", "species": null }, "geometry": { "type": "Point", "coordinates": [ 121.04898, 14.589453 ] } },
{ "type": "Feature", "properties": { "fid": 2849, "gbifID": 4374243403, "occurrenceID": "URN:catalog:CLO:EBIRD:OBS1471137824", "order": "Apodiformes", "family": "Apodidae", "genus": "Collocalia", "species": "Collocalia marginata" }, "geometry": { "type": "Point", "coordinates": [ 121.03708, 14.59188 ] } },
{ "type": "Feature", "properties": { "fid": 2850, "gbifID": 4281045517, "occurrenceID": "URN:catalog:CLO:EBIRD:OBS1361349425", "order": "Coraciiformes", "family": "Alcedinidae", "genus": "Alcedo", "species": "Alcedo atthis" }, "geometry": { "type": "Point", "coordinates": [ 121.042046, 14.594734 ] } },
{ "type": "Feature", "properties": { "fid": 2851, "gbifID": 3238103948, "occurrenceID": "URN:catalog:CLO:EBIRD:OBS922352520", "order": "Columbiformes", "family": "Columbidae", "genus": "Geopelia", "species": "Geopelia striata" }, "geometry": { "type": "Point", "coordinates": [ 121.03753, 14.602924 ] } },
{ "type": "Feature", "properties": { "fid": 2852, "gbifID": 3591822539, "occurrenceID": "URN:catalog:CLO:EBIRD:OBS1084314131", "order": "Columbiformes", "family": "Columbidae", "genus": "Spilopelia", "species": "Spilopelia chinensis" }, "geometry": { "type": "Point", "coordinates": [ 121.04677, 14.59694 ] } },
{ "type": "Feature", "properties": { "fid": 2853, "gbifID": 3624086963, "occurrenceID": "URN:catalog:CLO:EBIRD:OBS1224433763", "order": "Passeriformes", "family": "Pycnonotidae", "genus": "Pycnonotus", "species": "Pycnonotus goiavier" }, "geometry": { "type": "Point", "coordinates": [ 121.04109, 14.60195 ] } },
{ "type": "Feature", "properties": { "fid": 2854, "gbifID": 3672502304, "occurrenceID": "URN:catalog:CLO:EBIRD:OBS1121876299", "order": "Passeriformes", "family": "Passeridae", "genus": "Passer", "species": "Passer montanus" }, "geometry": { "type": "Point", "coordinates": [ 121.02639, 14.606391 ] } },
{ "type": "Feature", "properties": { "fid": 2855, "gbifID": 3561647917, "occurrenceID": "URN:catalog:CLO:EBIRD:OBS1129095551", "order": "Passeriformes", "family": "Nectariniidae", "genus": "Cinnyris", "species": "Cinnyris jugularis" }, "geometry": { "type": "Point", "coordinates": [ 121.038605, 14.603709 ] } },
{ "type": "Feature", "properties": { "fid": 2856, "gbifID": 5332654056, "occurrenceID": "URN:catalog:CLO:EBIRD:OBS2414893828", "order": "Passeriformes", "family": "Pycnonotidae", "genus": "Pycnonotus", "species": "Pycnonotus goiavier" }, "geometry": { "type": "Point", "coordinates": [ 121.05601, 14.603744 ] } },
{ "type": "Feature", "properties": { "fid": 2857, "gbifID": 4748312169, "occurrenceID": "URN:catalog:CLO:EBIRD:OBS1721892646", "order": "Psittaciformes", "family": "Psittacidae", "genus": "Loriculus", "species": "Loriculus philippensis" }, "geometry": { "type": "Point", "coordinates": [ 121.04898, 14.589453 ] } },
{ "type": "Feature", "properties": { "fid": 2858, "gbifID": 3290333089, "occurrenceID": "URN:catalog:CLO:EBIRD:OBS1004885096", "order": "Passeriformes", "family": "Acanthizidae", "genus": "Gerygone", "species": "Gerygone sulphurea" }, "geometry": { "type": "Point", "coordinates": [ 121.03753, 14.602924 ] } },
{ "type": "Feature", "properties": { "fid": 2859, "gbifID": 3566963185, "occurrenceID": "URN:catalog:CLO:EBIRD:OBS1246521929", "order": "Passeriformes", "family": "Pycnonotidae", "genus": "Pycnonotus", "species": "Pycnonotus goiavier" }, "geometry": { "type": "Point", "coordinates": [ 121.04728, 14.598908 ] } },
{ "type": "Feature", "properties": { "fid": 2860, "gbifID": 3634373930, "occurrenceID": "URN:catalog:CLO:EBIRD:OBS1224433766", "order": "Passeriformes", "family": "Zosteropidae", "genus": "Zosterops", "species": "Zosterops meyeni" }, "geometry": { "type": "Point", "coordinates": [ 121.04109, 14.60195 ] } },
{ "type": "Feature", "properties": { "fid": 2861, "gbifID": 3560672957, "occurrenceID": "URN:catalog:CLO:EBIRD:OBS1129473870", "order": "Columbiformes", "family": "Columbidae", "genus": "Geopelia", "species": "Geopelia striata" }, "geometry": { "type": "Point", "coordinates": [ 121.038605, 14.603709 ] } },
{ "type": "Feature", "properties": { "fid": 2862, "gbifID": 4336169600, "occurrenceID": "URN:catalog:CLO:EBIRD:OBS1361349427", "order": "Piciformes", "family": "Megalaimidae", "genus": "Psilopogon", "species": "Psilopogon haemacephalus" }, "geometry": { "type": "Point", "coordinates": [ 121.042046, 14.594734 ] } },
{ "type": "Feature", "properties": { "fid": 2863, "gbifID": 3691882936, "occurrenceID": "URN:catalog:CLO:EBIRD:OBS1117823916", "order": "Coraciiformes", "family": "Meropidae", "genus": "Merops", "species": "Merops philippinus" }, "geometry": { "type": "Point", "coordinates": [ 121.03771, 14.606191 ] } },
{ "type": "Feature", "properties": { "fid": 2864, "gbifID": 3653081113, "occurrenceID": "URN:catalog:CLO:EBIRD:OBS1216850776", "order": "Passeriformes", "family": "Passeridae", "genus": "Passer", "species": "Passer montanus" }, "geometry": { "type": "Point", "coordinates": [ 121.04109, 14.60195 ] } },
{ "type": "Feature", "properties": { "fid": 2865, "gbifID": 4183797025, "occurrenceID": "URN:catalog:CLO:EBIRD:OBS1315916221", "order": "Piciformes", "family": "Picidae", "genus": "Yungipicus", "species": "Yungipicus maculatus" }, "geometry": { "type": "Point", "coordinates": [ 121.03753, 14.602924 ] } },
{ "type": "Feature", "properties": { "fid": 2867, "gbifID": 4778991049, "occurrenceID": "URN:catalog:CLO:EBIRD:OBS1629818774", "order": "Passeriformes", "family": "Zosteropidae", "genus": "Zosterops", "species": "Zosterops meyeni" }, "geometry": { "type": "Point", "coordinates": [ 121.04297, 14.594615 ] } },
{ "type": "Feature", "properties": { "fid": 2868, "gbifID": 5326420520, "occurrenceID": "URN:catalog:CLO:EBIRD:OBS1980589275", "order": "Passeriformes", "family": "Campephagidae", "genus": "Lalage", "species": "Lalage nigra" }, "geometry": { "type": "Point", "coordinates": [ 121.04055, 14.605313 ] } },
{ "type": "Feature", "properties": { "fid": 2869, "gbifID": 3565294537, "occurrenceID": "URN:catalog:CLO:EBIRD:OBS1129473860", "order": "Passeriformes", "family": "Pycnonotidae", "genus": "Pycnonotus", "species": "Pycnonotus goiavier" }, "geometry": { "type": "Point", "coordinates": [ 121.04109, 14.60195 ] } },
{ "type": "Feature", "properties": { "fid": 2870, "gbifID": 3143728942, "occurrenceID": "URN:catalog:CLO:EBIRD:OBS872472909", "order": "Passeriformes", "family": "Corvidae", "genus": "Corvus", "species": null }, "geometry": { "type": "Point", "coordinates": [ 121.037796, 14.585535 ] } },
{ "type": "Feature", "properties": { "fid": 2872, "gbifID": 4830459343, "occurrenceID": "URN:catalog:CLO:EBIRD:OBS1726712710", "order": "Piciformes", "family": "Megalaimidae", "genus": "Psilopogon", "species": "Psilopogon haemacephalus" }, "geometry": { "type": "Point", "coordinates": [ 121.04109, 14.60195 ] } },
{ "type": "Feature", "properties": { "fid": 2873, "gbifID": 4657382457, "occurrenceID": "URN:catalog:CLO:EBIRD:OBS1597543435", "order": "Psittaciformes", "family": "Psittacidae", "genus": "Loriculus", "species": "Loriculus philippensis" }, "geometry": { "type": "Point", "coordinates": [ 121.039185, 14.601851 ] } },
{ "type": "Feature", "properties": { "fid": 2874, "gbifID": 3509621849, "occurrenceID": "URN:catalog:CLO:EBIRD:OBS1093523357", "order": "Columbiformes", "family": "Columbidae", "genus": "Spilopelia", "species": "Spilopelia chinensis" }, "geometry": { "type": "Point", "coordinates": [ 121.04677, 14.59694 ] } },
{ "type": "Feature", "properties": { "fid": 2875, "gbifID": 3611104165, "occurrenceID": "URN:catalog:CLO:EBIRD:OBS1116026412", "order": "Passeriformes", "family": "Sturnidae", "genus": "Aplonis", "species": "Aplonis panayensis" }, "geometry": { "type": "Point", "coordinates": [ 121.038605, 14.603709 ] } },
{ "type": "Feature", "properties": { "fid": 2876, "gbifID": 4269636925, "occurrenceID": "URN:catalog:CLO:EBIRD:OBS1429757707", "order": "Passeriformes", "family": "Oriolidae", "genus": "Oriolus", "species": "Oriolus chinensis" }, "geometry": { "type": "Point", "coordinates": [ 121.04898, 14.589453 ] } },
{ "type": "Feature", "properties": { "fid": 2877, "gbifID": 3692242630, "occurrenceID": "URN:catalog:CLO:EBIRD:OBS1267079735", "order": "Passeriformes", "family": "Rhipiduridae", "genus": "Rhipidura", "species": "Rhipidura nigritorquis" }, "geometry": { "type": "Point", "coordinates": [ 121.041954, 14.602813 ] } },
{ "type": "Feature", "properties": { "fid": 2878, "gbifID": 4343192343, "occurrenceID": "URN:catalog:CLO:EBIRD:OBS1591407545", "order": "Pelecaniformes", "family": "Ardeidae", "genus": "Egretta", "species": "Egretta garzetta" }, "geometry": { "type": "Point", "coordinates": [ 121.04109, 14.60195 ] } },
{ "type": "Feature", "properties": { "fid": 2879, "gbifID": 3513726580, "occurrenceID": "URN:catalog:CLO:EBIRD:OBS1098562093", "order": "Passeriformes", "family": "Corvidae", "genus": "Corvus", "species": null }, "geometry": { "type": "Point", "coordinates": [ 121.04677, 14.59694 ] } },
{ "type": "Feature", "properties": { "fid": 2880, "gbifID": 4616196007, "occurrenceID": "URN:catalog:CLO:EBIRD:OBS1726725215", "order": "Passeriformes", "family": "Rhipiduridae", "genus": "Rhipidura", "species": "Rhipidura nigritorquis" }, "geometry": { "type": "Point", "coordinates": [ 121.04109, 14.60195 ] } },
{ "type": "Feature", "properties": { "fid": 2882, "gbifID": 3521513315, "occurrenceID": "URN:catalog:CLO:EBIRD:OBS1122476002", "order": "Passeriformes", "family": "Passeridae", "genus": "Passer", "species": "Passer montanus" }, "geometry": { "type": "Point", "coordinates": [ 121.038605, 14.603709 ] } },
{ "type": "Feature", "properties": { "fid": 2883, "gbifID": 5381692309, "occurrenceID": "URN:catalog:CLO:EBIRD:OBS1952214167", "order": "Piciformes", "family": "Picidae", "genus": "Yungipicus", "species": "Yungipicus maculatus" }, "geometry": { "type": "Point", "coordinates": [ 121.04774, 14.589665 ] } },
{ "type": "Feature", "properties": { "fid": 2884, "gbifID": 3535154930, "occurrenceID": "URN:catalog:CLO:EBIRD:OBS1251709967", "order": "Passeriformes", "family": "Nectariniidae", "genus": "Cinnyris", "species": "Cinnyris jugularis" }, "geometry": { "type": "Point", "coordinates": [ 121.041954, 14.602813 ] } },
{ "type": "Feature", "properties": { "fid": 2885, "gbifID": 4187298860, "occurrenceID": "URN:catalog:CLO:EBIRD:OBS1313293442", "order": "Coraciiformes", "family": "Alcedinidae", "genus": "Alcedo", "species": "Alcedo atthis" }, "geometry": { "type": "Point", "coordinates": [ 121.04044, 14.606056 ] } },
{ "type": "Feature", "properties": { "fid": 2886, "gbifID": 4815538146, "occurrenceID": "URN:catalog:CLO:EBIRD:OBS1639025155", "order": "Piciformes", "family": "Picidae", "genus": "Yungipicus", "species": "Yungipicus maculatus" }, "geometry": { "type": "Point", "coordinates": [ 121.04109, 14.60195 ] } },
{ "type": "Feature", "properties": { "fid": 2887, "gbifID": 3602156258, "occurrenceID": "URN:catalog:CLO:EBIRD:OBS1099635232", "order": "Passeriformes", "family": "Passeridae", "genus": "Passer", "species": "Passer montanus" }, "geometry": { "type": "Point", "coordinates": [ 121.04109, 14.60195 ] } },
{ "type": "Feature", "properties": { "fid": 2888, "gbifID": 4615236057, "occurrenceID": "URN:catalog:CLO:EBIRD:OBS1956762791", "order": "Columbiformes", "family": "Columbidae", "genus": "Geopelia", "species": "Geopelia striata" }, "geometry": { "type": "Point", "coordinates": [ 121.04055, 14.605313 ] } },
{ "type": "Feature", "properties": { "fid": 2889, "gbifID": 3618623838, "occurrenceID": "URN:catalog:CLO:EBIRD:OBS1111255406", "order": "Columbiformes", "family": "Columbidae", "genus": "Geopelia", "species": "Geopelia striata" }, "geometry": { "type": "Point", "coordinates": [ 121.04109, 14.60195 ] } },
{ "type": "Feature", "properties": { "fid": 2890, "gbifID": 3519091230, "occurrenceID": "URN:catalog:CLO:EBIRD:OBS1121865325", "order": "Columbiformes", "family": "Columbidae", "genus": "Columba", "species": "Columba livia" }, "geometry": { "type": "Point", "coordinates": [ 121.02639, 14.606391 ] } },
{ "type": "Feature", "properties": { "fid": 2891, "gbifID": 3690650567, "occurrenceID": "URN:catalog:CLO:EBIRD:OBS1116027947", "order": "Passeriformes", "family": "Acanthizidae", "genus": "Gerygone", "species": "Gerygone sulphurea" }, "geometry": { "type": "Point", "coordinates": [ 121.04109, 14.60195 ] } },
{ "type": "Feature", "properties": { "fid": 2892, "gbifID": 3149665911, "occurrenceID": "URN:catalog:CLO:EBIRD:OBS870451552", "order": "Passeriformes", "family": "Rhipiduridae", "genus": "Rhipidura", "species": "Rhipidura nigritorquis" }, "geometry": { "type": "Point", "coordinates": [ 121.03753, 14.602924 ] } },
{ "type": "Feature", "properties": { "fid": 2893, "gbifID": 3159446537, "occurrenceID": "URN:catalog:CLO:EBIRD:OBS915653652", "order": "Passeriformes", "family": "Oriolidae", "genus": "Oriolus", "species": "Oriolus chinensis" }, "geometry": { "type": "Point", "coordinates": [ 121.03753, 14.602924 ] } },
{ "type": "Feature", "properties": { "fid": 2894, "gbifID": 3636761391, "occurrenceID": "URN:catalog:CLO:EBIRD:OBS1224433768", "order": "Psittaciformes", "family": "Psittacidae", "genus": "Loriculus", "species": "Loriculus philippensis" }, "geometry": { "type": "Point", "coordinates": [ 121.04109, 14.60195 ] } },
{ "type": "Feature", "properties": { "fid": 2895, "gbifID": 4774517103, "occurrenceID": "URN:catalog:CLO:EBIRD:OBS1800847861", "order": "Passeriformes", "family": "Campephagidae", "genus": "Lalage", "species": "Lalage nigra" }, "geometry": { "type": "Point", "coordinates": [ 121.03753, 14.602924 ] } },
{ "type": "Feature", "properties": { "fid": 2897, "gbifID": 5590575624, "occurrenceID": "URN:catalog:CLO:EBIRD:OBS2560204078", "order": "Passeriformes", "family": "Sturnidae", "genus": "Aplonis", "species": "Aplonis panayensis" }, "geometry": { "type": "Point", "coordinates": [ 121.03067, 14.611192 ] } },
{ "type": "Feature", "properties": { "fid": 2898, "gbifID": 3505822123, "occurrenceID": "URN:catalog:CLO:EBIRD:OBS1049205650", "order": "Passeriformes", "family": "Nectariniidae", "genus": "Cinnyris", "species": "Cinnyris jugularis" }, "geometry": { "type": "Point", "coordinates": [ 121.03753, 14.602924 ] } },
{ "type": "Feature", "properties": { "fid": 2899, "gbifID": 3518526683, "occurrenceID": "URN:catalog:CLO:EBIRD:OBS1085779980", "order": "Piciformes", "family": "Megalaimidae", "genus": "Psilopogon", "species": "Psilopogon haemacephalus" }, "geometry": { "type": "Point", "coordinates": [ 121.04109, 14.60195 ] } },
{ "type": "Feature", "properties": { "fid": 2900, "gbifID": 3529002558, "occurrenceID": "URN:catalog:CLO:EBIRD:OBS1112488567", "order": "Pelecaniformes", "family": "Ardeidae", "genus": "Egretta", "species": "Egretta garzetta" }, "geometry": { "type": "Point", "coordinates": [ 121.04109, 14.60195 ] } },
{ "type": "Feature", "properties": { "fid": 2902, "gbifID": 4842036306, "occurrenceID": "URN:catalog:CLO:EBIRD:OBS1956762782", "order": "Pelecaniformes", "family": "Ardeidae", "genus": "Egretta", "species": "Egretta garzetta" }, "geometry": { "type": "Point", "coordinates": [ 121.04055, 14.605313 ] } },
{ "type": "Feature", "properties": { "fid": 2903, "gbifID": 4197678967, "occurrenceID": "URN:catalog:CLO:EBIRD:OBS1324153265", "order": "Passeriformes", "family": "Oriolidae", "genus": "Oriolus", "species": "Oriolus chinensis" }, "geometry": { "type": "Point", "coordinates": [ 121.04307, 14.595008 ] } },
{ "type": "Feature", "properties": { "fid": 2904, "gbifID": 3278172234, "occurrenceID": "URN:catalog:CLO:EBIRD:OBS1002671443", "order": "Columbiformes", "family": "Columbidae", "genus": "Geopelia", "species": "Geopelia striata" }, "geometry": { "type": "Point", "coordinates": [ 121.03753, 14.602924 ] } },
{ "type": "Feature", "properties": { "fid": 2905, "gbifID": 4792648630, "occurrenceID": "URN:catalog:CLO:EBIRD:OBS1629820298", "order": "Columbiformes", "family": "Columbidae", "genus": "Geopelia", "species": "Geopelia striata" }, "geometry": { "type": "Point", "coordinates": [ 121.04297, 14.594615 ] } },
{ "type": "Feature", "properties": { "fid": 2906, "gbifID": 4660383846, "occurrenceID": "URN:catalog:CLO:EBIRD:OBS1633569815", "order": "Passeriformes", "family": "Nectariniidae", "genus": "Cinnyris", "species": "Cinnyris jugularis" }, "geometry": { "type": "Point", "coordinates": [ 121.04015, 14.605008 ] } },
{ "type": "Feature", "properties": { "fid": 2907, "gbifID": 4818636705, "occurrenceID": "URN:catalog:CLO:EBIRD:OBS1882512218", "order": "Columbiformes", "family": "Columbidae", "genus": "Geopelia", "species": "Geopelia striata" }, "geometry": { "type": "Point", "coordinates": [ 121.03203, 14.607486 ] } },
{ "type": "Feature", "properties": { "fid": 2908, "gbifID": 4840478100, "occurrenceID": "URN:catalog:CLO:EBIRD:OBS1726712609", "order": "Passeriformes", "family": "Acanthizidae", "genus": "Gerygone", "species": "Gerygone sulphurea" }, "geometry": { "type": "Point", "coordinates": [ 121.04109, 14.60195 ] } },
{ "type": "Feature", "properties": { "fid": 2909, "gbifID": 4262883412, "occurrenceID": "URN:catalog:CLO:EBIRD:OBS1387731654", "order": "Apodiformes", "family": "Apodidae", "genus": "Collocalia", "species": "Collocalia marginata" }, "geometry": { "type": "Point", "coordinates": [ 121.05715, 14.580761 ] } },
{ "type": "Feature", "properties": { "fid": 2910, "gbifID": 5313062463, "occurrenceID": "URN:catalog:CLO:EBIRD:OBS2708448626", "order": "Apodiformes", "family": "Apodidae", "genus": "Collocalia", "species": "Collocalia marginata" }, "geometry": { "type": "Point", "coordinates": [ 121.05332, 14.604934 ] } },
{ "type": "Feature", "properties": { "fid": 2911, "gbifID": 3571441307, "occurrenceID": "URN:catalog:CLO:EBIRD:OBS1233293250", "order": "Pelecaniformes", "family": "Ardeidae", "genus": "Egretta", "species": "Egretta garzetta" }, "geometry": { "type": "Point", "coordinates": [ 121.04109, 14.60195 ] } },
{ "type": "Feature", "properties": { "fid": 2912, "gbifID": 3658285699, "occurrenceID": "URN:catalog:CLO:EBIRD:OBS1242468432", "order": "Columbiformes", "family": "Columbidae", "genus": "Spilopelia", "species": "Spilopelia chinensis" }, "geometry": { "type": "Point", "coordinates": [ 121.04109, 14.60195 ] } },
{ "type": "Feature", "properties": { "fid": 2913, "gbifID": 3597199240, "occurrenceID": "URN:catalog:CLO:EBIRD:OBS1114410060", "order": "Pelecaniformes", "family": "Ardeidae", "genus": "Egretta", "species": "Egretta garzetta" }, "geometry": { "type": "Point", "coordinates": [ 121.04109, 14.60195 ] } },
{ "type": "Feature", "properties": { "fid": 2914, "gbifID": 5456637939, "occurrenceID": "URN:catalog:CLO:EBIRD:OBS2220359435", "order": "Piciformes", "family": "Megalaimidae", "genus": "Psilopogon", "species": "Psilopogon haemacephalus" }, "geometry": { "type": "Point", "coordinates": [ 121.0307, 14.605167 ] } },
{ "type": "Feature", "properties": { "fid": 2915, "gbifID": 3587819960, "occurrenceID": "URN:catalog:CLO:EBIRD:OBS1073187021", "order": "Passeriformes", "family": "Nectariniidae", "genus": "Cinnyris", "species": "Cinnyris jugularis" }, "geometry": { "type": "Point", "coordinates": [ 121.04055, 14.605313 ] } },
{ "type": "Feature", "properties": { "fid": 2916, "gbifID": 3572818618, "occurrenceID": "URN:catalog:CLO:EBIRD:OBS1233293249", "order": "Passeriformes", "family": "Pycnonotidae", "genus": "Pycnonotus", "species": "Pycnonotus goiavier" }, "geometry": { "type": "Point", "coordinates": [ 121.04109, 14.60195 ] } },
{ "type": "Feature", "properties": { "fid": 2917, "gbifID": 4343951537, "occurrenceID": "URN:catalog:CLO:EBIRD:OBS1357342904", "order": "Passeriformes", "family": "Artamidae", "genus": "Artamus", "species": "Artamus leucorhynchos" }, "geometry": { "type": "Point", "coordinates": [ 121.04363, 14.594279 ] } },
{ "type": "Feature", "properties": { "fid": 2918, "gbifID": 3651386240, "occurrenceID": "URN:catalog:CLO:EBIRD:OBS1117992329", "order": "Coraciiformes", "family": "Meropidae", "genus": "Merops", "species": "Merops philippinus" }, "geometry": { "type": "Point", "coordinates": [ 121.03771, 14.606191 ] } },
{ "type": "Feature", "properties": { "fid": 2919, "gbifID": 3645521854, "occurrenceID": "URN:catalog:CLO:EBIRD:OBS1242468433", "order": "Pelecaniformes", "family": "Ardeidae", "genus": "Nycticorax", "species": "Nycticorax caledonicus" }, "geometry": { "type": "Point", "coordinates": [ 121.04109, 14.60195 ] } },
{ "type": "Feature", "properties": { "fid": 2923, "gbifID": 5322564755, "occurrenceID": "URN:catalog:CLO:EBIRD:OBS2560204079", "order": "Passeriformes", "family": "Passeridae", "genus": "Passer", "species": "Passer montanus" }, "geometry": { "type": "Point", "coordinates": [ 121.03067, 14.611192 ] } },
{ "type": "Feature", "properties": { "fid": 2924, "gbifID": 3687608373, "occurrenceID": "URN:catalog:CLO:EBIRD:OBS1116027941", "order": "Passeriformes", "family": "Rhipiduridae", "genus": "Rhipidura", "species": "Rhipidura nigritorquis" }, "geometry": { "type": "Point", "coordinates": [ 121.04109, 14.60195 ] } },
{ "type": "Feature", "properties": { "fid": 2925, "gbifID": 4189146208, "occurrenceID": "URN:catalog:CLO:EBIRD:OBS1315919609", "order": "Passeriformes", "family": "Pycnonotidae", "genus": "Pycnonotus", "species": "Pycnonotus goiavier" }, "geometry": { "type": "Point", "coordinates": [ 121.041954, 14.602813 ] } },
{ "type": "Feature", "properties": { "fid": 2926, "gbifID": 3647541024, "occurrenceID": "URN:catalog:CLO:EBIRD:OBS1216853899", "order": "Piciformes", "family": "Megalaimidae", "genus": "Psilopogon", "species": "Psilopogon haemacephalus" }, "geometry": { "type": "Point", "coordinates": [ 121.04109, 14.60195 ] } },
{ "type": "Feature", "properties": { "fid": 2927, "gbifID": 3285127847, "occurrenceID": "URN:catalog:CLO:EBIRD:OBS996913146", "order": "Passeriformes", "family": "Passeridae", "genus": "Passer", "species": "Passer montanus" }, "geometry": { "type": "Point", "coordinates": [ 121.03753, 14.602924 ] } },
{ "type": "Feature", "properties": { "fid": 2928, "gbifID": 4763568319, "occurrenceID": "URN:catalog:CLO:EBIRD:OBS1956762792", "order": "Coraciiformes", "family": "Alcedinidae", "genus": "Todiramphus", "species": "Todiramphus chloris" }, "geometry": { "type": "Point", "coordinates": [ 121.04055, 14.605313 ] } },
{ "type": "Feature", "properties": { "fid": 2930, "gbifID": 4318722674, "occurrenceID": "URN:catalog:CLO:EBIRD:OBS1591407544", "order": "Passeriformes", "family": "Motacillidae", "genus": "Motacilla", "species": "Motacilla cinerea" }, "geometry": { "type": "Point", "coordinates": [ 121.04109, 14.60195 ] } },
{ "type": "Feature", "properties": { "fid": 2931, "gbifID": 4645446663, "occurrenceID": "URN:catalog:CLO:EBIRD:OBS1726709403", "order": "Passeriformes", "family": "Acanthizidae", "genus": "Gerygone", "species": "Gerygone sulphurea" }, "geometry": { "type": "Point", "coordinates": [ 121.04109, 14.60195 ] } },
{ "type": "Feature", "properties": { "fid": 2932, "gbifID": 4268339263, "occurrenceID": "URN:catalog:CLO:EBIRD:OBS1591411420", "order": "Gruiformes", "family": "Rallidae", "genus": "Amaurornis", "species": "Amaurornis phoenicurus" }, "geometry": { "type": "Point", "coordinates": [ 121.04109, 14.60195 ] } },
{ "type": "Feature", "properties": { "fid": 2934, "gbifID": 5572003504, "occurrenceID": "URN:catalog:CLO:EBIRD:OBS2566707210", "order": "Columbiformes", "family": "Columbidae", "genus": "Ducula", "species": "Ducula carola" }, "geometry": { "type": "Point", "coordinates": [ 121.031654, 14.611538 ] } },
{ "type": "Feature", "properties": { "fid": 2935, "gbifID": 4286988112, "occurrenceID": "URN:catalog:CLO:EBIRD:OBS1429757711", "order": "Passeriformes", "family": "Acanthizidae", "genus": "Gerygone", "species": "Gerygone sulphurea" }, "geometry": { "type": "Point", "coordinates": [ 121.04898, 14.589453 ] } },
{ "type": "Feature", "properties": { "fid": 2936, "gbifID": 3508002083, "occurrenceID": "URN:catalog:CLO:EBIRD:OBS1081460640", "order": "Piciformes", "family": "Picidae", "genus": "Yungipicus", "species": "Yungipicus maculatus" }, "geometry": { "type": "Point", "coordinates": [ 121.04904, 14.589351 ] } },
{ "type": "Feature", "properties": { "fid": 2937, "gbifID": 3166767580, "occurrenceID": "URN:catalog:CLO:EBIRD:OBS915653658", "order": "Passeriformes", "family": "Pycnonotidae", "genus": "Pycnonotus", "species": "Pycnonotus goiavier" }, "geometry": { "type": "Point", "coordinates": [ 121.03753, 14.602924 ] } },
{ "type": "Feature", "properties": { "fid": 2938, "gbifID": 5512289780, "occurrenceID": "URN:catalog:CLO:EBIRD:OBS2566782840", "order": "Passeriformes", "family": "Sturnidae", "genus": "Aplonis", "species": "Aplonis panayensis" }, "geometry": { "type": "Point", "coordinates": [ 121.031654, 14.611538 ] } },
{ "type": "Feature", "properties": { "fid": 2939, "gbifID": 4793360506, "occurrenceID": "URN:catalog:CLO:EBIRD:OBS1800847858", "order": "Piciformes", "family": "Megalaimidae", "genus": "Psilopogon", "species": "Psilopogon haemacephalus" }, "geometry": { "type": "Point", "coordinates": [ 121.03753, 14.602924 ] } },
{ "type": "Feature", "properties": { "fid": 2940, "gbifID": 4768477449, "occurrenceID": "URN:catalog:CLO:EBIRD:OBS1630537594", "order": "Passeriformes", "family": "Nectariniidae", "genus": "Cinnyris", "species": "Cinnyris jugularis" }, "geometry": { "type": "Point", "coordinates": [ 121.04677, 14.59694 ] } },
{ "type": "Feature", "properties": { "fid": 2941, "gbifID": 3666615329, "occurrenceID": "URN:catalog:CLO:EBIRD:OBS1073188621", "order": "Piciformes", "family": "Picidae", "genus": "Yungipicus", "species": "Yungipicus maculatus" }, "geometry": { "type": "Point", "coordinates": [ 121.04677, 14.59694 ] } },
{ "type": "Feature", "properties": { "fid": 2942, "gbifID": 3282021301, "occurrenceID": "URN:catalog:CLO:EBIRD:OBS1007299902", "order": "Passeriformes", "family": "Pycnonotidae", "genus": "Pycnonotus", "species": "Pycnonotus goiavier" }, "geometry": { "type": "Point", "coordinates": [ 121.04363, 14.594279 ] } },
{ "type": "Feature", "properties": { "fid": 2943, "gbifID": 3647178931, "occurrenceID": "URN:catalog:CLO:EBIRD:OBS1212607154", "order": "Columbiformes", "family": "Columbidae", "genus": "Spilopelia", "species": "Spilopelia chinensis" }, "geometry": { "type": "Point", "coordinates": [ 121.04044, 14.606056 ] } },
{ "type": "Feature", "properties": { "fid": 2946, "gbifID": 3272786315, "occurrenceID": "URN:catalog:CLO:EBIRD:OBS998236724", "order": "Passeriformes", "family": "Zosteropidae", "genus": "Zosterops", "species": "Zosterops meyeni" }, "geometry": { "type": "Point", "coordinates": [ 121.03753, 14.602924 ] } },
{ "type": "Feature", "properties": { "fid": 2947, "gbifID": 4745714568, "occurrenceID": "URN:catalog:CLO:EBIRD:OBS1721892644", "order": "Columbiformes", "family": "Columbidae", "genus": "Columba", "species": "Columba livia" }, "geometry": { "type": "Point", "coordinates": [ 121.04898, 14.589453 ] } },
{ "type": "Feature", "properties": { "fid": 2948, "gbifID": 4345482021, "occurrenceID": "URN:catalog:CLO:EBIRD:OBS1339265333", "order": "Piciformes", "family": "Megalaimidae", "genus": "Psilopogon", "species": "Psilopogon haemacephalus" }, "geometry": { "type": "Point", "coordinates": [ 121.04109, 14.60195 ] } },
{ "type": "Feature", "properties": { "fid": 2949, "gbifID": 3550204429, "occurrenceID": "URN:catalog:CLO:EBIRD:OBS1086353726", "order": "Passeriformes", "family": "Passeridae", "genus": "Passer", "species": "Passer montanus" }, "geometry": { "type": "Point", "coordinates": [ 121.03964, 14.576538 ] } },
{ "type": "Feature", "properties": { "fid": 2952, "gbifID": 3674191551, "occurrenceID": "URN:catalog:CLO:EBIRD:OBS1111246201", "order": "Passeriformes", "family": "Pycnonotidae", "genus": "Pycnonotus", "species": "Pycnonotus goiavier" }, "geometry": { "type": "Point", "coordinates": [ 121.04109, 14.60195 ] } },
{ "type": "Feature", "properties": { "fid": 2953, "gbifID": 3266094954, "occurrenceID": "URN:catalog:CLO:EBIRD:OBS1011600295", "order": "Passeriformes", "family": "Sturnidae", "genus": "Aplonis", "species": "Aplonis panayensis" }, "geometry": { "type": "Point", "coordinates": [ 121.03753, 14.602924 ] } },
{ "type": "Feature", "properties": { "fid": 2954, "gbifID": 5435537260, "occurrenceID": "URN:catalog:CLO:EBIRD:OBS2540234726", "order": "Passeriformes", "family": "Passeridae", "genus": "Passer", "species": "Passer montanus" }, "geometry": { "type": "Point", "coordinates": [ 121.04109, 14.60195 ] } },
{ "type": "Feature", "properties": { "fid": 2956, "gbifID": 3297686964, "occurrenceID": "URN:catalog:CLO:EBIRD:OBS962390842", "order": "Passeriformes", "family": "Passeridae", "genus": "Passer", "species": "Passer montanus" }, "geometry": { "type": "Point", "coordinates": [ 121.05856, 14.588318 ] } },
{ "type": "Feature", "properties": { "fid": 2958, "gbifID": 5478937443, "occurrenceID": "URN:catalog:CLO:EBIRD:OBS2335831376", "order": "Columbiformes", "family": "Columbidae", "genus": "Geopelia", "species": "Geopelia striata" }, "geometry": { "type": "Point", "coordinates": [ 121.02817, 14.581936 ] } },
{ "type": "Feature", "properties": { "fid": 2959, "gbifID": 4758202423, "occurrenceID": "URN:catalog:CLO:EBIRD:OBS1597543437", "order": "Passeriformes", "family": "Pycnonotidae", "genus": "Pycnonotus", "species": "Pycnonotus goiavier" }, "geometry": { "type": "Point", "coordinates": [ 121.039185, 14.601851 ] } },
{ "type": "Feature", "properties": { "fid": 2960, "gbifID": 3555498357, "occurrenceID": "URN:catalog:CLO:EBIRD:OBS1251715626", "order": "Passeriformes", "family": "Oriolidae", "genus": "Oriolus", "species": "Oriolus chinensis" }, "geometry": { "type": "Point", "coordinates": [ 121.041954, 14.602813 ] } },
{ "type": "Feature", "properties": { "fid": 2961, "gbifID": 3542314709, "occurrenceID": "URN:catalog:CLO:EBIRD:OBS1119942873", "order": "Columbiformes", "family": "Columbidae", "genus": "Geopelia", "species": "Geopelia striata" }, "geometry": { "type": "Point", "coordinates": [ 121.04109, 14.60195 ] } },
{ "type": "Feature", "properties": { "fid": 2962, "gbifID": 3622644308, "occurrenceID": "URN:catalog:CLO:EBIRD:OBS1086340985", "order": "Passeriformes", "family": "Oriolidae", "genus": "Oriolus", "species": "Oriolus chinensis" }, "geometry": { "type": "Point", "coordinates": [ 121.04677, 14.59694 ] } },
{ "type": "Feature", "properties": { "fid": 2963, "gbifID": 3582538412, "occurrenceID": "URN:catalog:CLO:EBIRD:OBS1259552854", "order": "Passeriformes", "family": "Sturnidae", "genus": "Aplonis", "species": "Aplonis panayensis" }, "geometry": { "type": "Point", "coordinates": [ 121.03964, 14.576538 ] } },
{ "type": "Feature", "properties": { "fid": 2964, "gbifID": 5555146855, "occurrenceID": "URN:catalog:CLO:EBIRD:OBS2540247931", "order": "Piciformes", "family": "Megalaimidae", "genus": "Psilopogon", "species": "Psilopogon haemacephalus" }, "geometry": { "type": "Point", "coordinates": [ 121.04055, 14.605313 ] } },
{ "type": "Feature", "properties": { "fid": 2965, "gbifID": 3679260863, "occurrenceID": "URN:catalog:CLO:EBIRD:OBS1193403843", "order": "Passeriformes", "family": "Sturnidae", "genus": "Aplonis", "species": "Aplonis panayensis" }, "geometry": { "type": "Point", "coordinates": [ 121.03964, 14.576538 ] } },
{ "type": "Feature", "properties": { "fid": 2966, "gbifID": 5683786369, "occurrenceID": "URN:catalog:CLO:EBIRD:OBS1952214164", "order": "Passeriformes", "family": "Zosteropidae", "genus": "Zosterops", "species": "Zosterops meyeni" }, "geometry": { "type": "Point", "coordinates": [ 121.04774, 14.589665 ] } },
{ "type": "Feature", "properties": { "fid": 2967, "gbifID": 4820236834, "occurrenceID": "URN:catalog:CLO:EBIRD:OBS1726712614", "order": "Pelecaniformes", "family": "Ardeidae", "genus": "Egretta", "species": "Egretta garzetta" }, "geometry": { "type": "Point", "coordinates": [ 121.04109, 14.60195 ] } },
{ "type": "Feature", "properties": { "fid": 2968, "gbifID": 4672282435, "occurrenceID": "URN:catalog:CLO:EBIRD:OBS1639025771", "order": "Piciformes", "family": "Megalaimidae", "genus": "Psilopogon", "species": "Psilopogon haemacephalus" }, "geometry": { "type": "Point", "coordinates": [ 121.04109, 14.60195 ] } },
{ "type": "Feature", "properties": { "fid": 2969, "gbifID": 4348370062, "occurrenceID": "URN:catalog:CLO:EBIRD:OBS1357358306", "order": "Passeriformes", "family": "Hirundinidae", "genus": "Hirundo", "species": "Hirundo javanica" }, "geometry": { "type": "Point", "coordinates": [ 121.04898, 14.589453 ] } },
{ "type": "Feature", "properties": { "fid": 2970, "gbifID": 4369674153, "occurrenceID": "URN:catalog:CLO:EBIRD:OBS1357358304", "order": "Pelecaniformes", "family": "Ardeidae", "genus": "Ardea", "species": "Ardea cinerea" }, "geometry": { "type": "Point", "coordinates": [ 121.04898, 14.589453 ] } },
{ "type": "Feature", "properties": { "fid": 2971, "gbifID": 4196850079, "occurrenceID": "URN:catalog:CLO:EBIRD:OBS1357342916", "order": "Coraciiformes", "family": "Meropidae", "genus": "Merops", "species": "Merops philippinus" }, "geometry": { "type": "Point", "coordinates": [ 121.04363, 14.594279 ] } },
{ "type": "Feature", "properties": { "fid": 2972, "gbifID": 4322046196, "occurrenceID": "URN:catalog:CLO:EBIRD:OBS1518639850", "order": "Pelecaniformes", "family": "Ardeidae", "genus": "Egretta", "species": "Egretta garzetta" }, "geometry": { "type": "Point", "coordinates": [ 121.04109, 14.60195 ] } },
{ "type": "Feature", "properties": { "fid": 2973, "gbifID": 3280493753, "occurrenceID": "URN:catalog:CLO:EBIRD:OBS1011600866", "order": "Passeriformes", "family": "Dicaeidae", "genus": "Dicaeum", "species": "Dicaeum australe" }, "geometry": { "type": "Point", "coordinates": [ 121.03753, 14.602924 ] } },
{ "type": "Feature", "properties": { "fid": 2974, "gbifID": 3514940430, "occurrenceID": "URN:catalog:CLO:EBIRD:OBS1085779981", "order": "Passeriformes", "family": "Passeridae", "genus": "Passer", "species": "Passer montanus" }, "geometry": { "type": "Point", "coordinates": [ 121.04109, 14.60195 ] } },
{ "type": "Feature", "properties": { "fid": 2975, "gbifID": 3638582482, "occurrenceID": "URN:catalog:CLO:EBIRD:OBS1116026413", "order": "Columbiformes", "family": "Columbidae", "genus": "Geopelia", "species": "Geopelia striata" }, "geometry": { "type": "Point", "coordinates": [ 121.038605, 14.603709 ] } },
{ "type": "Feature", "properties": { "fid": 2976, "gbifID": 4764579432, "occurrenceID": "URN:catalog:CLO:EBIRD:OBS1795395649", "order": "Pelecaniformes", "family": "Ardeidae", "genus": "Egretta", "species": "Egretta garzetta" }, "geometry": { "type": "Point", "coordinates": [ 121.0549, 14.574083 ] } },
{ "type": "Feature", "properties": { "fid": 2977, "gbifID": 5532594891, "occurrenceID": "URN:catalog:CLO:EBIRD:OBS1951485399", "order": "Piciformes", "family": "Megalaimidae", "genus": "Psilopogon", "species": "Psilopogon haemacephalus" }, "geometry": { "type": "Point", "coordinates": [ 121.04774, 14.589665 ] } },
{ "type": "Feature", "properties": { "fid": 2980, "gbifID": 4280629307, "occurrenceID": "URN:catalog:CLO:EBIRD:OBS1329314371", "order": "Passeriformes", "family": "Rhipiduridae", "genus": "Rhipidura", "species": "Rhipidura nigritorquis" }, "geometry": { "type": "Point", "coordinates": [ 121.04553, 14.597787 ] } },
{ "type": "Feature", "properties": { "fid": 2981, "gbifID": 3139796436, "occurrenceID": "URN:catalog:CLO:EBIRD:OBS852253263", "order": "Apodiformes", "family": "Apodidae", "genus": "Collocalia", "species": "Collocalia marginata" }, "geometry": { "type": "Point", "coordinates": [ 121.059746, 14.585525 ] } },
{ "type": "Feature", "properties": { "fid": 2982, "gbifID": 3637941082, "occurrenceID": "URN:catalog:CLO:EBIRD:OBS1220882742", "order": "Passeriformes", "family": "Pycnonotidae", "genus": "Pycnonotus", "species": "Pycnonotus goiavier" }, "geometry": { "type": "Point", "coordinates": [ 121.04728, 14.598908 ] } },
{ "type": "Feature", "properties": { "fid": 2983, "gbifID": 4633114517, "occurrenceID": "URN:catalog:CLO:EBIRD:OBS1882362487", "order": "Pelecaniformes", "family": "Ardeidae", "genus": "Egretta", "species": "Egretta garzetta" }, "geometry": { "type": "Point", "coordinates": [ 121.03203, 14.607486 ] } },
{ "type": "Feature", "properties": { "fid": 2984, "gbifID": 5295650305, "occurrenceID": "URN:catalog:CLO:EBIRD:OBS2287226729", "order": "Passeriformes", "family": "Passeridae", "genus": "Passer", "species": "Passer montanus" }, "geometry": { "type": "Point", "coordinates": [ 121.04055, 14.605313 ] } },
{ "type": "Feature", "properties": { "fid": 2985, "gbifID": 3510495379, "occurrenceID": "URN:catalog:CLO:EBIRD:OBS1094481660", "order": "Passeriformes", "family": "Passeridae", "genus": "Passer", "species": "Passer montanus" }, "geometry": { "type": "Point", "coordinates": [ 121.03964, 14.576538 ] } },
{ "type": "Feature", "properties": { "fid": 2986, "gbifID": 4809319009, "occurrenceID": "URN:catalog:CLO:EBIRD:OBS1837039403", "order": "Passeriformes", "family": "Pycnonotidae", "genus": "Pycnonotus", "species": "Pycnonotus goiavier" }, "geometry": { "type": "Point", "coordinates": [ 121.05878, 14.588141 ] } },
{ "type": "Feature", "properties": { "fid": 2987, "gbifID": 4641373285, "occurrenceID": "URN:catalog:CLO:EBIRD:OBS1902983497", "order": "Passeriformes", "family": "Pycnonotidae", "genus": "Pycnonotus", "species": "Pycnonotus goiavier" }, "geometry": { "type": "Point", "coordinates": [ 121.03203, 14.607486 ] } },
{ "type": "Feature", "properties": { "fid": 2988, "gbifID": 4327892131, "occurrenceID": "URN:catalog:CLO:EBIRD:OBS1591415767", "order": "Passeriformes", "family": "Oriolidae", "genus": "Oriolus", "species": "Oriolus chinensis" }, "geometry": { "type": "Point", "coordinates": [ 121.04109, 14.60195 ] } },
{ "type": "Feature", "properties": { "fid": 2989, "gbifID": 3285076969, "occurrenceID": "URN:catalog:CLO:EBIRD:OBS1000064003", "order": "Columbiformes", "family": "Columbidae", "genus": "Spilopelia", "species": "Spilopelia chinensis" }, "geometry": { "type": "Point", "coordinates": [ 121.03753, 14.602924 ] } },
{ "type": "Feature", "properties": { "fid": 2991, "gbifID": 4817158165, "occurrenceID": "URN:catalog:CLO:EBIRD:OBS1882512221", "order": "Passeriformes", "family": "Pycnonotidae", "genus": "Pycnonotus", "species": "Pycnonotus goiavier" }, "geometry": { "type": "Point", "coordinates": [ 121.03203, 14.607486 ] } },
{ "type": "Feature", "properties": { "fid": 2992, "gbifID": 3610780551, "occurrenceID": "URN:catalog:CLO:EBIRD:OBS1219890997", "order": "Galliformes", "family": "Phasianidae", "genus": "Pavo", "species": "Pavo cristatus" }, "geometry": { "type": "Point", "coordinates": [ 121.04898, 14.589453 ] } },
{ "type": "Feature", "properties": { "fid": 2993, "gbifID": 3592667375, "occurrenceID": "URN:catalog:CLO:EBIRD:OBS1119129890", "order": "Columbiformes", "family": "Columbidae", "genus": "Geopelia", "species": "Geopelia striata" }, "geometry": { "type": "Point", "coordinates": [ 121.03753, 14.602924 ] } },
{ "type": "Feature", "properties": { "fid": 2994, "gbifID": 3552257042, "occurrenceID": "URN:catalog:CLO:EBIRD:OBS1251715616", "order": "Passeriformes", "family": "Laniidae", "genus": "Lanius", "species": "Lanius cristatus" }, "geometry": { "type": "Point", "coordinates": [ 121.041954, 14.602813 ] } },
{ "type": "Feature", "properties": { "fid": 2995, "gbifID": 3568916599, "occurrenceID": "URN:catalog:CLO:EBIRD:OBS1117823917", "order": "Passeriformes", "family": "Rhipiduridae", "genus": "Rhipidura", "species": "Rhipidura nigritorquis" }, "geometry": { "type": "Point", "coordinates": [ 121.03771, 14.606191 ] } },
{ "type": "Feature", "properties": { "fid": 2996, "gbifID": 4371439433, "occurrenceID": "URN:catalog:CLO:EBIRD:OBS1518646416", "order": "Passeriformes", "family": "Rhipiduridae", "genus": "Rhipidura", "species": "Rhipidura nigritorquis" }, "geometry": { "type": "Point", "coordinates": [ 121.04677, 14.59694 ] } },
{ "type": "Feature", "properties": { "fid": 2997, "gbifID": 4335507439, "occurrenceID": "URN:catalog:CLO:EBIRD:OBS1509740661", "order": "Passeriformes", "family": "Pycnonotidae", "genus": "Pycnonotus", "species": "Pycnonotus goiavier" }, "geometry": { "type": "Point", "coordinates": [ 121.04076, 14.60353 ] } },
{ "type": "Feature", "properties": { "fid": 2998, "gbifID": 3283800507, "occurrenceID": "URN:catalog:CLO:EBIRD:OBS1027283647", "order": "Columbiformes", "family": "Columbidae", "genus": "Columba", "species": "Columba livia" }, "geometry": { "type": "Point", "coordinates": [ 121.03753, 14.602924 ] } },
{ "type": "Feature", "properties": { "fid": 2999, "gbifID": 3684396359, "occurrenceID": "URN:catalog:CLO:EBIRD:OBS1111246207", "order": "Psittaciformes", "family": "Psittacidae", "genus": "Loriculus", "species": "Loriculus philippensis" }, "geometry": { "type": "Point", "coordinates": [ 121.04109, 14.60195 ] } },
{ "type": "Feature", "properties": { "fid": 3000, "gbifID": 3687274310, "occurrenceID": "URN:catalog:CLO:EBIRD:OBS1116027942", "order": "Piciformes", "family": "Megalaimidae", "genus": "Psilopogon", "species": "Psilopogon haemacephalus" }, "geometry": { "type": "Point", "coordinates": [ 121.04109, 14.60195 ] } },
{ "type": "Feature", "properties": { "fid": 3001, "gbifID": 3659089123, "occurrenceID": "URN:catalog:CLO:EBIRD:OBS1218004474", "order": "Coraciiformes", "family": "Alcedinidae", "genus": "Todiramphus", "species": "Todiramphus chloris" }, "geometry": { "type": "Point", "coordinates": [ 121.04898, 14.589453 ] } },
{ "type": "Feature", "properties": { "fid": 3003, "gbifID": 3632610301, "occurrenceID": "URN:catalog:CLO:EBIRD:OBS1192843901", "order": "Passeriformes", "family": "Rhipiduridae", "genus": "Rhipidura", "species": "Rhipidura nigritorquis" }, "geometry": { "type": "Point", "coordinates": [ 121.03964, 14.576538 ] } },
{ "type": "Feature", "properties": { "fid": 3004, "gbifID": 3663130847, "occurrenceID": "URN:catalog:CLO:EBIRD:OBS1210199813", "order": "Passeriformes", "family": "Passeridae", "genus": "Passer", "species": "Passer montanus" }, "geometry": { "type": "Point", "coordinates": [ 121.03964, 14.576538 ] } },
{ "type": "Feature", "properties": { "fid": 3005, "gbifID": 4325773124, "occurrenceID": "URN:catalog:CLO:EBIRD:OBS1518646420", "order": "Coraciiformes", "family": "Alcedinidae", "genus": "Todiramphus", "species": "Todiramphus chloris" }, "geometry": { "type": "Point", "coordinates": [ 121.04677, 14.59694 ] } },
{ "type": "Feature", "properties": { "fid": 3006, "gbifID": 4807014239, "occurrenceID": "URN:catalog:CLO:EBIRD:OBS1895417512", "order": "Passeriformes", "family": "Zosteropidae", "genus": "Zosterops", "species": "Zosterops meyeni" }, "geometry": { "type": "Point", "coordinates": [ 121.041985, 14.595222 ] } },
{ "type": "Feature", "properties": { "fid": 3007, "gbifID": 4826333756, "occurrenceID": "URN:catalog:CLO:EBIRD:OBS1721897322", "order": "Passeriformes", "family": "Passeridae", "genus": "Passer", "species": "Passer montanus" }, "geometry": { "type": "Point", "coordinates": [ 121.04898, 14.589453 ] } },
{ "type": "Feature", "properties": { "fid": 3008, "gbifID": 3211075399, "occurrenceID": "URN:catalog:CLO:EBIRD:OBS1008206965", "order": "Passeriformes", "family": "Passeridae", "genus": "Passer", "species": "Passer montanus" }, "geometry": { "type": "Point", "coordinates": [ 121.04898, 14.589453 ] } },
{ "type": "Feature", "properties": { "fid": 3009, "gbifID": 3535045876, "occurrenceID": "URN:catalog:CLO:EBIRD:OBS1093614188", "order": "Passeriformes", "family": "Passeridae", "genus": "Passer", "species": "Passer montanus" }, "geometry": { "type": "Point", "coordinates": [ 121.03964, 14.576538 ] } },
{ "type": "Feature", "properties": { "fid": 3010, "gbifID": 4821536228, "occurrenceID": "URN:catalog:CLO:EBIRD:OBS1721892645", "order": "Galliformes", "family": "Phasianidae", "genus": "Pavo", "species": "Pavo cristatus" }, "geometry": { "type": "Point", "coordinates": [ 121.04898, 14.589453 ] } },
{ "type": "Feature", "properties": { "fid": 3011, "gbifID": 4219675804, "occurrenceID": "URN:catalog:CLO:EBIRD:OBS1357978795", "order": "Passeriformes", "family": "Zosteropidae", "genus": "Zosterops", "species": "Zosterops meyeni" }, "geometry": { "type": "Point", "coordinates": [ 121.05964, 14.584772 ] } },
{ "type": "Feature", "properties": { "fid": 3012, "gbifID": 4797246686, "occurrenceID": "URN:catalog:CLO:EBIRD:OBS1833420642", "order": "Coraciiformes", "family": "Alcedinidae", "genus": "Todiramphus", "species": "Todiramphus chloris" }, "geometry": { "type": "Point", "coordinates": [ 121.03081, 14.60444 ] } }
]
}
